Liquidation Date,Season,Liq #,Distributor,Grower Entity,Crop,Variety,USDA Bucket,Size,Quality,Pack Style,Boxes Invoiced,Sale Amount USD,Realized $/Box,Source File,Notes
2025-05-19,2025,1.0,Giumarra,EFSI,Grape,EARLY SWEET,WHITE SEEDLESS TYPE,P30,,,2160.0,73003.5,,Invoice_Grape_Giumarra_1.xlsx [pre-loaded],Date estimated from Liq# until Giumarra provides actuals
2025-05-19,2025,1.0,Giumarra,EFSI,Grape,EARLY SWEET,WHITE SEEDLESS TYPE,P50,,,90.0,3330.0,,Invoice_Grape_Giumarra_1.xlsx [pre-loaded],Date estimated from Liq# until Giumarra provides actuals
2025-05-19,2025,1.0,Giumarra,EFSI,Grape,EARLY SWEET,WHITE SEEDLESS TYPE,P30,,,1800.0,66910.5,,Invoice_Grape_Giumarra_1.xlsx [pre-loaded],Date estimated from Liq# until Giumarra provides actuals
2025-05-19,2025,1.0,Giumarra,EFSI,Grape,EARLY SWEET,WHITE SEEDLESS TYPE,P30,,,1530.0,59278.5,,Invoice_Grape_Giumarra_1.xlsx [pre-loaded],Date estimated from Liq# until Giumarra provides actuals
2025-05-19,2025,1.0,Giumarra,EFSI,Grape,EARLY SWEET,WHITE SEEDLESS TYPE,P50,,,90.0,3330.0,,Invoice_Grape_Giumarra_1.xlsx [pre-loaded],Date estimated from Liq# until Giumarra provides actuals
2025-05-19,2025,1.0,Giumarra,EFSI,Grape,EARLY SWEET,WHITE SEEDLESS TYPE,P30,,,1890.0,67500.0,,Invoice_Grape_Giumarra_1.xlsx [pre-loaded],Date estimated from Liq# until Giumarra provides actuals
2025-05-19,2025,1.0,Giumarra,EFSI,Grape,EARLY SWEET,WHITE SEEDLESS TYPE,P30,,,1800.0,69075.0,,Invoice_Grape_Giumarra_1.xlsx [pre-loaded],Date estimated from Liq# until Giumarra provides actuals
2025-05-19,2025,1.0,Giumarra,EFSI,Grape,EARLY SWEET,WHITE SEEDLESS TYPE,P30,,,2070.0,75870.0,,Invoice_Grape_Giumarra_1.xlsx [pre-loaded],Date estimated from Liq# until Giumarra provides actuals
2025-05-19,2025,1.0,Giumarra,EFSI,Grape,EARLY SWEET,WHITE SEEDLESS TYPE,P30,,,1980.0,74524.5,,Invoice_Grape_Giumarra_1.xlsx [pre-loaded],Date estimated from Liq# until Giumarra provides actuals
2025-05-19,2025,1.0,Giumarra,EFSI,Grape,EARLY SWEET,WHITE SEEDLESS TYPE,P30,,,1800.0,59589.0,,Invoice_Grape_Giumarra_1.xlsx [pre-loaded],Date estimated from Liq# until Giumarra provides actuals
2025-05-19,2025,1.0,Giumarra,EFSI,Grape,EARLY SWEET,WHITE SEEDLESS TYPE,P50,,,180.0,5409.0,,Invoice_Grape_Giumarra_1.xlsx [pre-loaded],Date estimated from Liq# until Giumarra provides actuals
2025-05-19,2025,1.0,Giumarra,EFSI,Grape,EARLY SWEET,WHITE SEEDLESS TYPE,P30,,,1170.0,41670.0,,Invoice_Grape_Giumarra_1.xlsx [pre-loaded],Date estimated from Liq# until Giumarra provides actuals
2025-05-19,2025,1.0,Giumarra,EFSI,Grape,EARLY SWEET,WHITE SEEDLESS TYPE,P30,,,900.0,26100.0,,Invoice_Grape_Giumarra_1.xlsx [pre-loaded],Date estimated from Liq# until Giumarra provides actuals
2025-05-19,2025,1.0,Giumarra,EFSI,Grape,EARLY SWEET,WHITE SEEDLESS TYPE,P50,,,180.0,5409.0,,Invoice_Grape_Giumarra_1.xlsx [pre-loaded],Date estimated from Liq# until Giumarra provides actuals
2025-05-19,2025,1.0,Giumarra,EFSI,Grape,EARLY SWEET,WHITE SEEDLESS TYPE,P30,,,2070.0,83939.0,,Invoice_Grape_Giumarra_1.xlsx [pre-loaded],Date estimated from Liq# until Giumarra provides actuals
2025-05-19,2025,1.0,Giumarra,EFSI,Grape,EARLY SWEET,WHITE SEEDLESS TYPE,P50,,,90.0,2704.5,,Invoice_Grape_Giumarra_1.xlsx [pre-loaded],Date estimated from Liq# until Giumarra provides actuals
2025-05-19,2025,1.0,Giumarra,EFSI,Grape,EARLY SWEET,WHITE SEEDLESS TYPE,P30,,,2160.0,72135.0,,Invoice_Grape_Giumarra_1.xlsx [pre-loaded],Date estimated from Liq# until Giumarra provides actuals
2025-05-19,2025,1.0,Giumarra,EFSI,Grape,EARLY SWEET,WHITE SEEDLESS TYPE,P30,,,2160.0,80361.0,,Invoice_Grape_Giumarra_1.xlsx [pre-loaded],Date estimated from Liq# until Giumarra provides actuals
2025-05-19,2025,1.0,Giumarra,EFSI,Grape,EARLY SWEET,WHITE SEEDLESS TYPE,P30,,,2520.0,91800.0,,Invoice_Grape_Giumarra_1.xlsx [pre-loaded],Date estimated from Liq# until Giumarra provides actuals
2025-05-19,2025,1.0,Giumarra,EFSI,Grape,EARLY SWEET,WHITE SEEDLESS TYPE,P30,,,2520.0,88740.0,,Invoice_Grape_Giumarra_1.xlsx [pre-loaded],Date estimated from Liq# until Giumarra provides actuals
2025-05-19,2025,1.0,Giumarra,EFSI,Grape,EARLY SWEET,WHITE SEEDLESS TYPE,P30,,,1800.0,52717.5,,Invoice_Grape_Giumarra_1.xlsx [pre-loaded],Date estimated from Liq# until Giumarra provides actuals
2025-05-19,2025,1.0,Giumarra,EFSI,Grape,EARLY SWEET,WHITE SEEDLESS TYPE,P30,,,1800.0,61290.0,,Invoice_Grape_Giumarra_1.xlsx [pre-loaded],Date estimated from Liq# until Giumarra provides actuals
2025-05-19,2025,1.0,Giumarra,EFSI,Grape,EARLY SWEET,WHITE SEEDLESS TYPE,P50,,,2160.0,65331.0,,Invoice_Grape_Giumarra_1.xlsx [pre-loaded],Date estimated from Liq# until Giumarra provides actuals
2025-05-19,2025,1.0,Giumarra,EFSI,Grape,EARLY SWEET,WHITE SEEDLESS TYPE,P30,,,1800.0,64530.0,,Invoice_Grape_Giumarra_1.xlsx [pre-loaded],Date estimated from Liq# until Giumarra provides actuals
2025-05-19,2025,1.0,Giumarra,EFSI,Grape,EARLY SWEET,WHITE SEEDLESS TYPE,P30,,,1620.0,46980.0,,Invoice_Grape_Giumarra_1.xlsx [pre-loaded],Date estimated from Liq# until Giumarra provides actuals
2025-05-19,2025,1.0,Giumarra,EFSI,Grape,EARLY SWEET,WHITE SEEDLESS TYPE,P30,,,2340.0,73890.0,,Invoice_Grape_Giumarra_1.xlsx [pre-loaded],Date estimated from Liq# until Giumarra provides actuals
2025-05-19,2025,1.0,Giumarra,EFSI,Grape,EARLY SWEET,WHITE SEEDLESS TYPE,P30,,,2070.0,64077.45,,Invoice_Grape_Giumarra_1.xlsx [pre-loaded],Date estimated from Liq# until Giumarra provides actuals
2025-05-19,2025,1.0,Giumarra,EFSI,Grape,EARLY SWEET,WHITE SEEDLESS TYPE,P30,,,2160.0,81891.0,,Invoice_Grape_Giumarra_1.xlsx [pre-loaded],Date estimated from Liq# until Giumarra provides actuals
2025-05-19,2025,1.0,Giumarra,EFSI,Grape,EARLY SWEET,WHITE SEEDLESS TYPE,P30,,,2160.0,69310.0,,Invoice_Grape_Giumarra_1.xlsx [pre-loaded],Date estimated from Liq# until Giumarra provides actuals
2025-05-19,2025,1.0,Giumarra,EFSI,Grape,EARLY SWEET,WHITE SEEDLESS TYPE,P50,,,1800.0,59008.5,,Invoice_Grape_Giumarra_1.xlsx [pre-loaded],Date estimated from Liq# until Giumarra provides actuals
2025-05-19,2025,1.0,Giumarra,EFSI,Grape,EARLY SWEET,WHITE SEEDLESS TYPE,P30,,,1080.0,39785.5,,Invoice_Grape_Giumarra_1.xlsx [pre-loaded],Date estimated from Liq# until Giumarra provides actuals
2025-05-19,2025,1.0,Giumarra,EFSI,Grape,EARLY SWEET,WHITE SEEDLESS TYPE,P50,,,540.0,18922.5,,Invoice_Grape_Giumarra_1.xlsx [pre-loaded],Date estimated from Liq# until Giumarra provides actuals
2025-05-19,2025,1.0,Giumarra,VIDEXPORT,Grape,EARLY SWEET,WHITE SEEDLESS TYPE,P50,,,900.0,26010.0,,Invoice_Grape_Giumarra_1.xlsx [pre-loaded],Date estimated from Liq# until Giumarra provides actuals
2025-05-19,2025,1.0,Giumarra,VIDEXPORT,Grape,EARLY SWEET,WHITE SEEDLESS TYPE,P50,,,1440.0,41224.5,,Invoice_Grape_Giumarra_1.xlsx [pre-loaded],Date estimated from Liq# until Giumarra provides actuals
2025-05-19,2025,1.0,Giumarra,VIDEXPORT,Grape,EARLY SWEET,WHITE SEEDLESS TYPE,P30,,,2340.0,77616.0,,Invoice_Grape_Giumarra_1.xlsx [pre-loaded],Date estimated from Liq# until Giumarra provides actuals
2025-05-19,2025,1.0,Giumarra,VIDEXPORT,Grape,EARLY SWEET,WHITE SEEDLESS TYPE,P30,,,2160.0,68895.0,,Invoice_Grape_Giumarra_1.xlsx [pre-loaded],Date estimated from Liq# until Giumarra provides actuals
2025-05-19,2025,1.0,Giumarra,VIDEXPORT,Grape,EARLY SWEET,WHITE SEEDLESS TYPE,P30,,,2160.0,66654.0,,Invoice_Grape_Giumarra_1.xlsx [pre-loaded],Date estimated from Liq# until Giumarra provides actuals
2025-05-19,2025,1.0,Giumarra,VIDEXPORT,Grape,EARLY SWEET,WHITE SEEDLESS TYPE,P50,,,2160.0,55134.0,,Invoice_Grape_Giumarra_1.xlsx [pre-loaded],Date estimated from Liq# until Giumarra provides actuals
2025-05-19,2025,1.0,Giumarra,VIDEXPORT,Grape,EARLY SWEET,WHITE SEEDLESS TYPE,P30,,,2160.0,86557.5,,Invoice_Grape_Giumarra_1.xlsx [pre-loaded],Date estimated from Liq# until Giumarra provides actuals
2025-05-19,2025,1.0,Giumarra,VIDEXPORT,Grape,EARLY SWEET,WHITE SEEDLESS TYPE,P30,,,2340.0,67860.0,,Invoice_Grape_Giumarra_1.xlsx [pre-loaded],Date estimated from Liq# until Giumarra provides actuals
2025-05-19,2025,1.0,Giumarra,VIDEXPORT,Grape,EARLY SWEET,WHITE SEEDLESS TYPE,P50,,,2160.0,57654.0,,Invoice_Grape_Giumarra_1.xlsx [pre-loaded],Date estimated from Liq# until Giumarra provides actuals
2025-05-19,2025,1.0,Giumarra,VIDEXPORT,Grape,EARLY SWEET,WHITE SEEDLESS TYPE,P30,,,1980.0,55237.5,,Invoice_Grape_Giumarra_1.xlsx [pre-loaded],Date estimated from Liq# until Giumarra provides actuals
2025-05-19,2025,1.0,Giumarra,VIDEXPORT,Grape,EARLY SWEET,WHITE SEEDLESS TYPE,P30,,,1800.0,57690.0,,Invoice_Grape_Giumarra_1.xlsx [pre-loaded],Date estimated from Liq# until Giumarra provides actuals
2025-05-19,2025,1.0,Giumarra,VIDEXPORT,Grape,EARLY SWEET,WHITE SEEDLESS TYPE,P30,,,2160.0,62595.0,,Invoice_Grape_Giumarra_1.xlsx [pre-loaded],Date estimated from Liq# until Giumarra provides actuals
2025-05-19,2025,1.0,Giumarra,VIDEXPORT,Grape,EARLY SWEET,WHITE SEEDLESS TYPE,P30,,,1620.0,47340.0,,Invoice_Grape_Giumarra_1.xlsx [pre-loaded],Date estimated from Liq# until Giumarra provides actuals
2025-05-19,2025,1.0,Giumarra,VIDEXPORT,Grape,EARLY SWEET,WHITE SEEDLESS TYPE,P30,,,90.0,2530.0,,Invoice_Grape_Giumarra_1.xlsx [pre-loaded],Date estimated from Liq# until Giumarra provides actuals
2025-05-19,2025,1.0,Giumarra,VIDEXPORT,Grape,EARLY SWEET,WHITE SEEDLESS TYPE,P50,,,2070.0,54175.5,,Invoice_Grape_Giumarra_1.xlsx [pre-loaded],Date estimated from Liq# until Giumarra provides actuals
2025-05-19,2025,1.0,Giumarra,VIDEXPORT,Grape,EARLY SWEET,WHITE SEEDLESS TYPE,P50,,,2340.0,73093.5,,Invoice_Grape_Giumarra_1.xlsx [pre-loaded],Date estimated from Liq# until Giumarra provides actuals
2025-05-19,2025,1.0,Giumarra,VIDEXPORT,Grape,EARLY SWEET,WHITE SEEDLESS TYPE,P30,,,2520.0,65790.0,,Invoice_Grape_Giumarra_1.xlsx [pre-loaded],Date estimated from Liq# until Giumarra provides actuals
2025-05-19,2025,1.0,Giumarra,VIDEXPORT,Grape,EARLY SWEET,WHITE SEEDLESS TYPE,P30,,,2340.0,68625.0,,Invoice_Grape_Giumarra_1.xlsx [pre-loaded],Date estimated from Liq# until Giumarra provides actuals
2025-05-19,2025,1.0,Giumarra,VIDEXPORT,Grape,EARLY SWEET,WHITE SEEDLESS TYPE,P30,,,2340.0,70339.5,,Invoice_Grape_Giumarra_1.xlsx [pre-loaded],Date estimated from Liq# until Giumarra provides actuals
2025-05-19,2025,1.0,Giumarra,VIDEXPORT,Grape,EARLY SWEET,WHITE SEEDLESS TYPE,P50,,,2160.0,57172.5,,Invoice_Grape_Giumarra_1.xlsx [pre-loaded],Date estimated from Liq# until Giumarra provides actuals
2025-05-19,2025,1.0,Giumarra,VIDEXPORT,Grape,EARLY SWEET,WHITE SEEDLESS TYPE,P30,,,1710.0,54295.0,,Invoice_Grape_Giumarra_1.xlsx [pre-loaded],Date estimated from Liq# until Giumarra provides actuals
2025-05-19,2025,1.0,Giumarra,VIDEXPORT,Grape,S. ROYAL,BLACK SEEDLESS,P30,,,810.0,25650.0,,Invoice_Grape_Giumarra_1.xlsx [pre-loaded],Date estimated from Liq# until Giumarra provides actuals
2025-05-19,2025,1.0,Giumarra,VIDEXPORT,Grape,EARLY SWEET,WHITE SEEDLESS TYPE,P50,,,2340.0,64332.0,,Invoice_Grape_Giumarra_1.xlsx [pre-loaded],Date estimated from Liq# until Giumarra provides actuals
2025-05-19,2025,1.0,Giumarra,VIDEXPORT,Grape,S. ROYAL,BLACK SEEDLESS,P30,,,2520.0,74083.5,,Invoice_Grape_Giumarra_1.xlsx [pre-loaded],Date estimated from Liq# until Giumarra provides actuals
2025-05-19,2025,1.0,Giumarra,VIDEXPORT,Grape,EARLY SWEET,WHITE SEEDLESS TYPE,P30,,,2340.0,65542.5,,Invoice_Grape_Giumarra_1.xlsx [pre-loaded],Date estimated from Liq# until Giumarra provides actuals
2025-05-26,2025,2.0,Giumarra,EFSI,Grape,EARLY SWEET,WHITE SEEDLESS TYPE,P30,,,2160.0,86760.0,,Invoice_Grape_Giumarra_1.xlsx [pre-loaded],Date estimated from Liq# until Giumarra provides actuals
2025-05-26,2025,2.0,Giumarra,EFSI,Grape,EARLY SWEET,WHITE SEEDLESS TYPE,P30,,,2340.0,81045.0,,Invoice_Grape_Giumarra_1.xlsx [pre-loaded],Date estimated from Liq# until Giumarra provides actuals
2025-05-26,2025,2.0,Giumarra,EFSI,Grape,EARLY SWEET,WHITE SEEDLESS TYPE,P50,,,1170.0,32978.75,,Invoice_Grape_Giumarra_1.xlsx [pre-loaded],Date estimated from Liq# until Giumarra provides actuals
2025-05-26,2025,2.0,Giumarra,VIDEXPORT,Grape,EARLY SWEET,WHITE SEEDLESS TYPE,P50,,,630.0,17640.0,,Invoice_Grape_Giumarra_1.xlsx [pre-loaded],Date estimated from Liq# until Giumarra provides actuals
2025-05-26,2025,2.0,Giumarra,VIDEXPORT,Grape,EARLY SWEET,WHITE SEEDLESS TYPE,P40,,,2160.0,53280.0,,Invoice_Grape_Giumarra_1.xlsx [pre-loaded],Date estimated from Liq# until Giumarra provides actuals
2025-05-26,2025,2.0,Giumarra,VIDEXPORT,Grape,EARLY SWEET,WHITE SEEDLESS TYPE,P30,,,1710.0,49162.5,,Invoice_Grape_Giumarra_1.xlsx [pre-loaded],Date estimated from Liq# until Giumarra provides actuals
2025-05-26,2025,2.0,Giumarra,VIDEXPORT,Grape,ARRA 30,WHITE SEEDLESS TYPE,P30,,,2340.0,72189.0,,Invoice_Grape_Giumarra_1.xlsx [pre-loaded],Date estimated from Liq# until Giumarra provides actuals
2025-05-26,2025,2.0,Giumarra,VIDEXPORT,Grape,ARRA 30,WHITE SEEDLESS TYPE,P30,,,2340.0,71118.0,,Invoice_Grape_Giumarra_1.xlsx [pre-loaded],Date estimated from Liq# until Giumarra provides actuals
2025-05-26,2025,2.0,Giumarra,VIDEXPORT,Grape,EARLY SWEET,WHITE SEEDLESS TYPE,P30,,,1980.0,53460.0,,Invoice_Grape_Giumarra_1.xlsx [pre-loaded],Date estimated from Liq# until Giumarra provides actuals
2025-05-26,2025,2.0,Giumarra,VIDEXPORT,Grape,ARRA 33,WHITE SEEDLESS TYPE,P30,,,1350.0,48006.0,,Invoice_Grape_Giumarra_1.xlsx [pre-loaded],Date estimated from Liq# until Giumarra provides actuals
2025-05-26,2025,2.0,Giumarra,VIDEXPORT,Grape,EARLY SWEET,WHITE SEEDLESS TYPE,P50,,,810.0,24876.0,,Invoice_Grape_Giumarra_1.xlsx [pre-loaded],Date estimated from Liq# until Giumarra provides actuals
2025-05-26,2025,2.0,Giumarra,VIDEXPORT,Grape,ARRA 30,WHITE SEEDLESS TYPE,P30,,,2520.0,81270.0,,Invoice_Grape_Giumarra_1.xlsx [pre-loaded],Date estimated from Liq# until Giumarra provides actuals
2025-05-26,2025,2.0,Giumarra,VIDEXPORT,Grape,ARRA 30,WHITE SEEDLESS TYPE,P30,,,2520.0,81292.5,,Invoice_Grape_Giumarra_1.xlsx [pre-loaded],Date estimated from Liq# until Giumarra provides actuals
2025-05-26,2025,2.0,Giumarra,VIDEXPORT,Grape,EARLY SWEET,WHITE SEEDLESS TYPE,P30,,,990.0,30579.5,,Invoice_Grape_Giumarra_1.xlsx [pre-loaded],Date estimated from Liq# until Giumarra provides actuals
2025-05-26,2025,2.0,Giumarra,VIDEXPORT,Grape,ARRA 30,WHITE SEEDLESS TYPE,P30,,,630.0,19372.5,,Invoice_Grape_Giumarra_1.xlsx [pre-loaded],Date estimated from Liq# until Giumarra provides actuals
2025-05-26,2025,2.0,Giumarra,VIDEXPORT,Grape,ARRA 30,WHITE SEEDLESS TYPE,P30,,,1530.0,43693.0,,Invoice_Grape_Giumarra_1.xlsx [pre-loaded],Date estimated from Liq# until Giumarra provides actuals
2025-05-26,2025,2.0,Giumarra,VIDEXPORT,Grape,EARLY SWEET,WHITE SEEDLESS TYPE,P30,,,270.0,8842.5,,Invoice_Grape_Giumarra_1.xlsx [pre-loaded],Date estimated from Liq# until Giumarra provides actuals
2025-05-26,2025,2.0,Giumarra,VIDEXPORT,Grape,ARRA 30,WHITE SEEDLESS TYPE,P30,,,1980.0,60975.0,,Invoice_Grape_Giumarra_1.xlsx [pre-loaded],Date estimated from Liq# until Giumarra provides actuals
2025-05-26,2025,2.0,Giumarra,VIDEXPORT,Grape,ARRA 30,WHITE SEEDLESS TYPE,P30,,,1980.0,55125.0,,Invoice_Grape_Giumarra_1.xlsx [pre-loaded],Date estimated from Liq# until Giumarra provides actuals
2025-05-26,2025,2.0,Giumarra,VIDEXPORT,Grape,ARRA 33,WHITE SEEDLESS TYPE,P30,,,2340.0,84861.0,,Invoice_Grape_Giumarra_1.xlsx [pre-loaded],Date estimated from Liq# until Giumarra provides actuals
2025-05-26,2025,2.0,Giumarra,VIDEXPORT,Grape,ARRA 33,WHITE SEEDLESS TYPE,P30,,,2070.0,63954.9,,Invoice_Grape_Giumarra_1.xlsx [pre-loaded],Date estimated from Liq# until Giumarra provides actuals
2025-05-26,2025,2.0,Giumarra,VIDEXPORT,Grape,ARRA 33,WHITE SEEDLESS TYPE,P30,,,1800.0,65574.0,,Invoice_Grape_Giumarra_1.xlsx [pre-loaded],Date estimated from Liq# until Giumarra provides actuals
2025-05-26,2025,2.0,Giumarra,VIDEXPORT,Grape,ARRA 30,WHITE SEEDLESS TYPE,P30,,,1800.0,46710.0,,Invoice_Grape_Giumarra_1.xlsx [pre-loaded],Date estimated from Liq# until Giumarra provides actuals
2025-05-26,2025,2.0,Giumarra,VIDEXPORT,Grape,ARRA 30,WHITE SEEDLESS TYPE,P30,,,1800.0,46350.0,,Invoice_Grape_Giumarra_1.xlsx [pre-loaded],Date estimated from Liq# until Giumarra provides actuals
2025-05-26,2025,2.0,Giumarra,VIDEXPORT,Grape,ARRA 30,WHITE SEEDLESS TYPE,P30,,,990.0,30690.0,,Invoice_Grape_Giumarra_1.xlsx [pre-loaded],Date estimated from Liq# until Giumarra provides actuals
2025-05-26,2025,2.0,Giumarra,VIDEXPORT,Grape,EARLY SWEET,WHITE SEEDLESS TYPE,P30,,,360.0,11083.5,,Invoice_Grape_Giumarra_1.xlsx [pre-loaded],Date estimated from Liq# until Giumarra provides actuals
2025-05-26,2025,2.0,Giumarra,VIDEXPORT,Grape,ARRA 33,WHITE SEEDLESS TYPE,P50,,,270.0,8370.0,,Invoice_Grape_Giumarra_1.xlsx [pre-loaded],Date estimated from Liq# until Giumarra provides actuals
2025-05-26,2025,2.0,Giumarra,VIDEXPORT,Grape,ARRA 30,WHITE SEEDLESS TYPE,P50,,,360.0,8910.0,,Invoice_Grape_Giumarra_1.xlsx [pre-loaded],Date estimated from Liq# until Giumarra provides actuals
2025-05-26,2025,2.0,Giumarra,VIDEXPORT,Grape,ARRA 33,WHITE SEEDLESS TYPE,P30,,,1800.0,58418.0,,Invoice_Grape_Giumarra_1.xlsx [pre-loaded],Date estimated from Liq# until Giumarra provides actuals
2025-05-26,2025,2.0,Giumarra,VIDEXPORT,Grape,ARRA 30,WHITE SEEDLESS TYPE,P30,,,1800.0,50994.0,,Invoice_Grape_Giumarra_1.xlsx [pre-loaded],Date estimated from Liq# until Giumarra provides actuals
2025-05-26,2025,2.0,Giumarra,VIDEXPORT,Grape,ARRA 33,WHITE SEEDLESS TYPE,P30,,,1800.0,66330.0,,Invoice_Grape_Giumarra_1.xlsx [pre-loaded],Date estimated from Liq# until Giumarra provides actuals
2025-05-26,2025,2.0,Giumarra,VIDEXPORT,Grape,ARRA 33,WHITE SEEDLESS TYPE,P30,,,1800.0,59282.1,,Invoice_Grape_Giumarra_1.xlsx [pre-loaded],Date estimated from Liq# until Giumarra provides actuals
2025-05-26,2025,2.0,Giumarra,VIDEXPORT,Grape,ARRA 33,WHITE SEEDLESS TYPE,P30,,,1800.0,63145.45,,Invoice_Grape_Giumarra_1.xlsx [pre-loaded],Date estimated from Liq# until Giumarra provides actuals
2025-05-26,2025,2.0,Giumarra,VIDEXPORT,Grape,ARRA 33,WHITE SEEDLESS TYPE,P30,,,1620.0,55721.92,,Invoice_Grape_Giumarra_1.xlsx [pre-loaded],Date estimated from Liq# until Giumarra provides actuals
2025-05-26,2025,2.0,Giumarra,VIDEXPORT,Grape,ARRA 30,WHITE SEEDLESS TYPE,P30,,,180.0,5580.0,,Invoice_Grape_Giumarra_1.xlsx [pre-loaded],Date estimated from Liq# until Giumarra provides actuals
2025-05-26,2025,2.0,Giumarra,VIDEXPORT,Grape,ARRA 33,WHITE SEEDLESS TYPE,P30,,,1710.0,56002.5,,Invoice_Grape_Giumarra_1.xlsx [pre-loaded],Date estimated from Liq# until Giumarra provides actuals
2025-05-26,2025,2.0,Giumarra,VIDEXPORT,Grape,EARLY SWEET,WHITE SEEDLESS TYPE,P10,,,2160.0,62480.7,,Invoice_Grape_Giumarra_1.xlsx [pre-loaded],Date estimated from Liq# until Giumarra provides actuals
2025-05-26,2025,2.0,Giumarra,VIDEXPORT,Grape,EARLY SWEET,WHITE SEEDLESS TYPE,P10,,,2160.0,63000.0,,Invoice_Grape_Giumarra_1.xlsx [pre-loaded],Date estimated from Liq# until Giumarra provides actuals
2025-05-26,2025,2.0,Giumarra,VIDEXPORT,Grape,EARLY SWEET,WHITE SEEDLESS TYPE,P10,,,2160.0,66150.0,,Invoice_Grape_Giumarra_1.xlsx [pre-loaded],Date estimated from Liq# until Giumarra provides actuals
2025-05-26,2025,2.0,Giumarra,VIDEXPORT,Grape,EARLY SWEET,WHITE SEEDLESS TYPE,P10,,,2160.0,61087.5,,Invoice_Grape_Giumarra_1.xlsx [pre-loaded],Date estimated from Liq# until Giumarra provides actuals
2025-05-26,2025,2.0,Giumarra,VIDEXPORT,Grape,EARLY SWEET,WHITE SEEDLESS TYPE,P10,,,2160.0,62865.0,,Invoice_Grape_Giumarra_1.xlsx [pre-loaded],Date estimated from Liq# until Giumarra provides actuals
2025-05-26,2025,2.0,Giumarra,VIDEXPORT,Grape,EARLY SWEET,WHITE SEEDLESS TYPE,P10,,,2340.0,70875.0,,Invoice_Grape_Giumarra_1.xlsx [pre-loaded],Date estimated from Liq# until Giumarra provides actuals
2025-05-26,2025,2.0,Giumarra,VIDEXPORT,Grape,EARLY SWEET,WHITE SEEDLESS TYPE,P10,,,2340.0,73642.5,,Invoice_Grape_Giumarra_1.xlsx [pre-loaded],Date estimated from Liq# until Giumarra provides actuals
2025-05-26,2025,2.0,Giumarra,VIDEXPORT,Grape,EARLY SWEET,WHITE SEEDLESS TYPE,P10,,,2340.0,71820.0,,Invoice_Grape_Giumarra_1.xlsx [pre-loaded],Date estimated from Liq# until Giumarra provides actuals
2025-05-26,2025,2.0,Giumarra,VIDEXPORT,Grape,EARLY SWEET,WHITE SEEDLESS TYPE,P10,,,2340.0,71955.0,,Invoice_Grape_Giumarra_1.xlsx [pre-loaded],Date estimated from Liq# until Giumarra provides actuals
2025-05-26,2025,2.0,Giumarra,VIDEXPORT,Grape,EARLY SWEET,WHITE SEEDLESS TYPE,P10,,,2340.0,64912.5,,Invoice_Grape_Giumarra_1.xlsx [pre-loaded],Date estimated from Liq# until Giumarra provides actuals
2025-05-26,2025,2.0,Giumarra,VIDEXPORT,Grape,EARLY SWEET,WHITE SEEDLESS TYPE,P10,,,2160.0,58657.5,,Invoice_Grape_Giumarra_1.xlsx [pre-loaded],Date estimated from Liq# until Giumarra provides actuals
2025-05-26,2025,2.0,Giumarra,VIDEXPORT,Grape,EARLY SWEET,WHITE SEEDLESS TYPE,P30,,,630.0,17010.0,,Invoice_Grape_Giumarra_1.xlsx [pre-loaded],Date estimated from Liq# until Giumarra provides actuals
2025-05-26,2025,2.0,Giumarra,VIDEXPORT,Grape,S. ROYAL,BLACK SEEDLESS,P30,,,1890.0,57352.5,,Invoice_Grape_Giumarra_1.xlsx [pre-loaded],Date estimated from Liq# until Giumarra provides actuals
2025-05-26,2025,2.0,Giumarra,VIDEXPORT,Grape,EARLY SWEET,WHITE SEEDLESS TYPE,P10,,,2520.0,68400.0,,Invoice_Grape_Giumarra_1.xlsx [pre-loaded],Date estimated from Liq# until Giumarra provides actuals
2025-05-26,2025,2.0,Giumarra,VIDEXPORT,Grape,EARLY SWEET,WHITE SEEDLESS TYPE,P10,,,2430.0,67680.0,,Invoice_Grape_Giumarra_1.xlsx [pre-loaded],Date estimated from Liq# until Giumarra provides actuals
2025-05-26,2025,2.0,Giumarra,VIDEXPORT,Grape,S. ROYAL,BLACK SEEDLESS,P30,,,90.0,3118.5,,Invoice_Grape_Giumarra_1.xlsx [pre-loaded],Date estimated from Liq# until Giumarra provides actuals
2025-05-26,2025,2.0,Giumarra,VIDEXPORT,Grape,EARLY SWEET,WHITE SEEDLESS TYPE,P10,,,2250.0,72757.8,,Invoice_Grape_Giumarra_1.xlsx [pre-loaded],Date estimated from Liq# until Giumarra provides actuals
2025-05-26,2025,2.0,Giumarra,VIDEXPORT,Grape,S. ROYAL,BLACK SEEDLESS,P50,,,180.0,3874.5,,Invoice_Grape_Giumarra_1.xlsx [pre-loaded],Date estimated from Liq# until Giumarra provides actuals
2025-05-26,2025,2.0,Giumarra,VIDEXPORT,Grape,FLAME,FLAME SEEDLESS,P40,,,2520.0,52182.0,,Invoice_Grape_Giumarra_1.xlsx [pre-loaded],Date estimated from Liq# until Giumarra provides actuals
2025-05-26,2025,2.0,Giumarra,VIDEXPORT,Grape,FLAME,FLAME SEEDLESS,P40,,,2520.0,52429.5,,Invoice_Grape_Giumarra_1.xlsx [pre-loaded],Date estimated from Liq# until Giumarra provides actuals
2025-05-26,2025,2.0,Giumarra,VIDEXPORT,Grape,FLAME,FLAME SEEDLESS,P40,,,2520.0,48613.5,,Invoice_Grape_Giumarra_1.xlsx [pre-loaded],Date estimated from Liq# until Giumarra provides actuals
2025-05-26,2025,2.0,Giumarra,VIDEXPORT,Grape,FLAME,FLAME SEEDLESS,P40,,,1800.0,38907.0,,Invoice_Grape_Giumarra_1.xlsx [pre-loaded],Date estimated from Liq# until Giumarra provides actuals
2025-05-26,2025,2.0,Giumarra,VIDEXPORT,Grape,S. ROYAL,BLACK SEEDLESS,P50,,,90.0,2430.0,,Invoice_Grape_Giumarra_1.xlsx [pre-loaded],Date estimated from Liq# until Giumarra provides actuals
2025-05-26,2025,2.0,Giumarra,VIDEXPORT,Grape,EARLY SWEET,WHITE SEEDLESS TYPE,P10,,,90.0,2947.5,,Invoice_Grape_Giumarra_1.xlsx [pre-loaded],Date estimated from Liq# until Giumarra provides actuals
2025-05-26,2025,2.0,Giumarra,VIDEXPORT,Grape,FLAME,FLAME SEEDLESS,P40,,,1620.0,36909.0,,Invoice_Grape_Giumarra_1.xlsx [pre-loaded],Date estimated from Liq# until Giumarra provides actuals
2025-05-26,2025,2.0,Giumarra,VIDEXPORT,Grape,FLAME,FLAME SEEDLESS,P40,,,1530.0,35626.5,,Invoice_Grape_Giumarra_1.xlsx [pre-loaded],Date estimated from Liq# until Giumarra provides actuals
2025-05-26,2025,2.0,Giumarra,VIDEXPORT,Grape,FLAME,FLAME SEEDLESS,P40,,,360.0,10098.0,,Invoice_Grape_Giumarra_1.xlsx [pre-loaded],Date estimated from Liq# until Giumarra provides actuals
2025-05-26,2025,2.0,Giumarra,VIDEXPORT,Grape,FLAME,FLAME SEEDLESS,P40,,,1170.0,27328.5,,Invoice_Grape_Giumarra_1.xlsx [pre-loaded],Date estimated from Liq# until Giumarra provides actuals
2025-05-26,2025,2.0,Giumarra,VIDEXPORT,Grape,FLAME,FLAME SEEDLESS,P40,,,1710.0,39712.5,,Invoice_Grape_Giumarra_1.xlsx [pre-loaded],Date estimated from Liq# until Giumarra provides actuals
2025-05-26,2025,2.0,Giumarra,VIDEXPORT,Grape,EARLY SWEET,WHITE SEEDLESS TYPE,P10,,,90.0,2790.0,,Invoice_Grape_Giumarra_1.xlsx [pre-loaded],Date estimated from Liq# until Giumarra provides actuals
2025-05-26,2025,2.0,Giumarra,VIDEXPORT,Grape,EARLY SWEET,WHITE SEEDLESS TYPE,P30,,,1170.0,36270.0,,Invoice_Grape_Giumarra_1.xlsx [pre-loaded],Date estimated from Liq# until Giumarra provides actuals
2025-05-26,2025,2.0,Giumarra,VIDEXPORT,Grape,EARLY SWEET,WHITE SEEDLESS TYPE,P50,,,450.0,11137.5,,Invoice_Grape_Giumarra_1.xlsx [pre-loaded],Date estimated from Liq# until Giumarra provides actuals
2025-06-02,2025,3.0,Giumarra,EFSI,Grape,EARLY SWEET,WHITE SEEDLESS TYPE,P30,,,1170.0,42048.0,,Invoice_Grape_Giumarra_1.xlsx [pre-loaded],Date estimated from Liq# until Giumarra provides actuals
2025-06-02,2025,3.0,Giumarra,EFSI,Grape,EARLY SWEET,WHITE SEEDLESS TYPE,P30,,,2340.0,75780.0,,Invoice_Grape_Giumarra_1.xlsx [pre-loaded],Date estimated from Liq# until Giumarra provides actuals
2025-06-02,2025,3.0,Giumarra,VIDEXPORT,Grape,EARLY SWEET,WHITE SEEDLESS TYPE,P30,,,540.0,16569.0,,Invoice_Grape_Giumarra_1.xlsx [pre-loaded],Date estimated from Liq# until Giumarra provides actuals
2025-06-02,2025,3.0,Giumarra,VIDEXPORT,Grape,EARLY SWEET,WHITE SEEDLESS TYPE,P50,,,1350.0,37800.0,,Invoice_Grape_Giumarra_1.xlsx [pre-loaded],Date estimated from Liq# until Giumarra provides actuals
2025-06-02,2025,3.0,Giumarra,VIDEXPORT,Grape,EARLY SWEET,WHITE SEEDLESS TYPE,P30,,,2160.0,66568.5,,Invoice_Grape_Giumarra_1.xlsx [pre-loaded],Date estimated from Liq# until Giumarra provides actuals
2025-06-02,2025,3.0,Giumarra,VIDEXPORT,Grape,ARRA 33,WHITE SEEDLESS TYPE,P30,,,1980.0,72607.5,,Invoice_Grape_Giumarra_1.xlsx [pre-loaded],Date estimated from Liq# until Giumarra provides actuals
2025-06-02,2025,3.0,Giumarra,VIDEXPORT,Grape,ARRA 33,WHITE SEEDLESS TYPE,P30,,,1800.0,63305.1,,Invoice_Grape_Giumarra_1.xlsx [pre-loaded],Date estimated from Liq# until Giumarra provides actuals
2025-06-02,2025,3.0,Giumarra,VIDEXPORT,Grape,ARRA 33,WHITE SEEDLESS TYPE,P30,,,1800.0,58947.3,,Invoice_Grape_Giumarra_1.xlsx [pre-loaded],Date estimated from Liq# until Giumarra provides actuals
2025-06-02,2025,3.0,Giumarra,VIDEXPORT,Grape,ARRA 33,WHITE SEEDLESS TYPE,P30,,,1800.0,62815.5,,Invoice_Grape_Giumarra_1.xlsx [pre-loaded],Date estimated from Liq# until Giumarra provides actuals
2025-06-02,2025,3.0,Giumarra,VIDEXPORT,Grape,ARRA 33,WHITE SEEDLESS TYPE,P30,,,1800.0,66060.0,,Invoice_Grape_Giumarra_1.xlsx [pre-loaded],Date estimated from Liq# until Giumarra provides actuals
2025-06-02,2025,3.0,Giumarra,VIDEXPORT,Grape,ARRA 33,WHITE SEEDLESS TYPE,P30,,,1800.0,66600.0,,Invoice_Grape_Giumarra_1.xlsx [pre-loaded],Date estimated from Liq# until Giumarra provides actuals
2025-06-02,2025,3.0,Giumarra,VIDEXPORT,Grape,ARRA 33,WHITE SEEDLESS TYPE,P30,,,1890.0,69363.0,,Invoice_Grape_Giumarra_1.xlsx [pre-loaded],Date estimated from Liq# until Giumarra provides actuals
2025-06-02,2025,3.0,Giumarra,VIDEXPORT,Grape,ARRA 33,WHITE SEEDLESS TYPE,P30,,,1800.0,49950.0,,Invoice_Grape_Giumarra_1.xlsx [pre-loaded],Date estimated from Liq# until Giumarra provides actuals
2025-06-02,2025,3.0,Giumarra,VIDEXPORT,Grape,ARRA 33,WHITE SEEDLESS TYPE,P50,,,180.0,5580.0,,Invoice_Grape_Giumarra_1.xlsx [pre-loaded],Date estimated from Liq# until Giumarra provides actuals
2025-06-02,2025,3.0,Giumarra,VIDEXPORT,Grape,ARRA 33,WHITE SEEDLESS TYPE,P30,,,1800.0,66080.7,,Invoice_Grape_Giumarra_1.xlsx [pre-loaded],Date estimated from Liq# until Giumarra provides actuals
2025-06-02,2025,3.0,Giumarra,VIDEXPORT,Grape,ARRA 33,WHITE SEEDLESS TYPE,P30,,,1800.0,66522.4,,Invoice_Grape_Giumarra_1.xlsx [pre-loaded],Date estimated from Liq# until Giumarra provides actuals
2025-06-02,2025,3.0,Giumarra,VIDEXPORT,Grape,ARRA 33,WHITE SEEDLESS TYPE,P30,,,1800.0,66532.42,,Invoice_Grape_Giumarra_1.xlsx [pre-loaded],Date estimated from Liq# until Giumarra provides actuals
2025-06-02,2025,3.0,Giumarra,VIDEXPORT,Grape,EARLY SWEET,WHITE SEEDLESS TYPE,P10,,,540.0,12510.0,,Invoice_Grape_Giumarra_1.xlsx [pre-loaded],Date estimated from Liq# until Giumarra provides actuals
2025-06-02,2025,3.0,Giumarra,VIDEXPORT,Grape,EARLY SWEET,WHITE SEEDLESS TYPE,P50,,,1440.0,36589.5,,Invoice_Grape_Giumarra_1.xlsx [pre-loaded],Date estimated from Liq# until Giumarra provides actuals
2025-06-02,2025,3.0,Giumarra,VIDEXPORT,Grape,EARLY SWEET,WHITE SEEDLESS TYPE,P10,,,2160.0,60628.5,,Invoice_Grape_Giumarra_1.xlsx [pre-loaded],Date estimated from Liq# until Giumarra provides actuals
2025-06-02,2025,3.0,Giumarra,VIDEXPORT,Grape,S. ROYAL,BLACK SEEDLESS,P30,,,180.0,3249.0,,Invoice_Grape_Giumarra_1.xlsx [pre-loaded],Date estimated from Liq# until Giumarra provides actuals
2025-06-02,2025,3.0,Giumarra,VIDEXPORT,Grape,S. ROYAL,BLACK SEEDLESS,P50,,,270.0,4873.5,,Invoice_Grape_Giumarra_1.xlsx [pre-loaded],Date estimated from Liq# until Giumarra provides actuals
2025-06-02,2025,3.0,Giumarra,VIDEXPORT,Grape,EARLY SWEET,WHITE SEEDLESS TYPE,P10,,,1080.0,28800.0,,Invoice_Grape_Giumarra_1.xlsx [pre-loaded],Date estimated from Liq# until Giumarra provides actuals
2025-06-02,2025,3.0,Giumarra,VIDEXPORT,Grape,EARLY SWEET,WHITE SEEDLESS TYPE,P50,,,270.0,4549.5,,Invoice_Grape_Giumarra_1.xlsx [pre-loaded],Date estimated from Liq# until Giumarra provides actuals
2025-06-02,2025,3.0,Giumarra,VIDEXPORT,Grape,S. ROYAL,BLACK SEEDLESS,P50,,,630.0,14499.0,,Invoice_Grape_Giumarra_1.xlsx [pre-loaded],Date estimated from Liq# until Giumarra provides actuals
2025-06-02,2025,3.0,Giumarra,VIDEXPORT,Grape,EARLY SWEET,WHITE SEEDLESS TYPE,P10,,,1080.0,34492.5,,Invoice_Grape_Giumarra_1.xlsx [pre-loaded],Date estimated from Liq# until Giumarra provides actuals
2025-06-02,2025,3.0,Giumarra,VIDEXPORT,Grape,FLAME,FLAME SEEDLESS,P40,,,2250.0,50589.0,,Invoice_Grape_Giumarra_1.xlsx [pre-loaded],Date estimated from Liq# until Giumarra provides actuals
2025-06-02,2025,3.0,Giumarra,VIDEXPORT,Grape,S. ROYAL,BLACK SEEDLESS,P50,,,180.0,3249.0,,Invoice_Grape_Giumarra_1.xlsx [pre-loaded],Date estimated from Liq# until Giumarra provides actuals
2025-06-02,2025,3.0,Giumarra,VIDEXPORT,Grape,EARLY SWEET,WHITE SEEDLESS TYPE,P30,,,1800.0,46242.0,,Invoice_Grape_Giumarra_1.xlsx [pre-loaded],Date estimated from Liq# until Giumarra provides actuals
2025-06-02,2025,3.0,Giumarra,VIDEXPORT,Grape,EARLY SWEET,WHITE SEEDLESS TYPE,P10,,,90.0,2524.5,,Invoice_Grape_Giumarra_1.xlsx [pre-loaded],Date estimated from Liq# until Giumarra provides actuals
2025-06-02,2025,3.0,Giumarra,VIDEXPORT,Grape,EARLY SWEET,WHITE SEEDLESS TYPE,P30,,,1350.0,40050.0,,Invoice_Grape_Giumarra_1.xlsx [pre-loaded],Date estimated from Liq# until Giumarra provides actuals
2025-06-02,2025,3.0,Giumarra,VIDEXPORT,Grape,EARLY SWEET,WHITE SEEDLESS TYPE,P50,,,810.0,20047.5,,Invoice_Grape_Giumarra_1.xlsx [pre-loaded],Date estimated from Liq# until Giumarra provides actuals
2025-06-02,2025,3.0,Giumarra,VIDEXPORT,Grape,EARLY SWEET,WHITE SEEDLESS TYPE,P10,,,90.0,2250.0,,Invoice_Grape_Giumarra_1.xlsx [pre-loaded],Date estimated from Liq# until Giumarra provides actuals
2025-06-02,2025,3.0,Giumarra,VIDEXPORT,Grape,EARLY SWEET,WHITE SEEDLESS TYPE,P30,,,1710.0,37980.0,,Invoice_Grape_Giumarra_1.xlsx [pre-loaded],Date estimated from Liq# until Giumarra provides actuals
2025-06-02,2025,3.0,Giumarra,VIDEXPORT,Grape,FLAME,FLAME SEEDLESS,P40,,,1980.0,44640.0,,Invoice_Grape_Giumarra_1.xlsx [pre-loaded],Date estimated from Liq# until Giumarra provides actuals
2025-06-02,2025,3.0,Giumarra,VIDEXPORT,Grape,FLAME,FLAME SEEDLESS,P40,,,1800.0,49603.5,,Invoice_Grape_Giumarra_1.xlsx [pre-loaded],Date estimated from Liq# until Giumarra provides actuals
2025-06-02,2025,3.0,Giumarra,VIDEXPORT,Grape,FLAME,FLAME SEEDLESS,P40,,,1980.0,43659.0,,Invoice_Grape_Giumarra_1.xlsx [pre-loaded],Date estimated from Liq# until Giumarra provides actuals
2025-05-19,2025,1.0,Giumarra,VIDEXPORT,Grape,EARLY SWEET,WHITE SEEDLESS TYPE,P30,,,1710.0,52399.8,,Invoice_Grape_Giumarra_1.xlsx [pre-loaded],Date estimated from Liq# until Giumarra provides actuals
2025-05-19,2025,1.0,Giumarra,VIDEXPORT,Grape,EARLY SWEET,WHITE SEEDLESS TYPE,P30,,,360.0,10890.0,,Invoice_Grape_Giumarra_1.xlsx [pre-loaded],Date estimated from Liq# until Giumarra provides actuals
2025-05-19,2025,1.0,Giumarra,VIDEXPORT,Grape,EARLY SWEET,WHITE SEEDLESS TYPE,P50,,,1350.0,33102.0,,Invoice_Grape_Giumarra_1.xlsx [pre-loaded],Date estimated from Liq# until Giumarra provides actuals
2025-05-19,2025,1.0,Giumarra,VIDEXPORT,Grape,EARLY SWEET,WHITE SEEDLESS TYPE,P30,,,2160.0,56700.0,,Invoice_Grape_Giumarra_1.xlsx [pre-loaded],Date estimated from Liq# until Giumarra provides actuals
2025-05-19,2025,1.0,Giumarra,VIDEXPORT,Grape,EARLY SWEET,WHITE SEEDLESS TYPE,P50,,,1890.0,44482.5,,Invoice_Grape_Giumarra_1.xlsx [pre-loaded],Date estimated from Liq# until Giumarra provides actuals
2025-05-19,2025,1.0,Giumarra,VIDEXPORT,Grape,EARLY SWEET,WHITE SEEDLESS TYPE,P50,,,2520.0,49185.0,,Invoice_Grape_Giumarra_1.xlsx [pre-loaded],Date estimated from Liq# until Giumarra provides actuals
2025-05-19,2025,1.0,Giumarra,VIDEXPORT,Grape,EARLY SWEET,WHITE SEEDLESS TYPE,P50,,,2520.0,51502.5,,Invoice_Grape_Giumarra_1.xlsx [pre-loaded],Date estimated from Liq# until Giumarra provides actuals
2025-05-19,2025,1.0,Giumarra,VIDEXPORT,Grape,EARLY SWEET,WHITE SEEDLESS TYPE,P50,,,1530.0,30600.0,,Invoice_Grape_Giumarra_1.xlsx [pre-loaded],Date estimated from Liq# until Giumarra provides actuals
2025-05-19,2025,1.0,Giumarra,VIDEXPORT,Grape,EARLY SWEET,WHITE SEEDLESS TYPE,P50,,,1530.0,27616.5,,Invoice_Grape_Giumarra_1.xlsx [pre-loaded],Date estimated from Liq# until Giumarra provides actuals
2025-05-19,2025,1.0,Giumarra,VIDEXPORT,Grape,EARLY SWEET,WHITE SEEDLESS TYPE,P50,,,1080.0,25020.0,,Invoice_Grape_Giumarra_1.xlsx [pre-loaded],Date estimated from Liq# until Giumarra provides actuals
2025-05-19,2025,1.0,Giumarra,VIDEXPORT,Grape,ARRA 30,WHITE SEEDLESS TYPE,P50,,,540.0,13770.0,,Invoice_Grape_Giumarra_1.xlsx [pre-loaded],Date estimated from Liq# until Giumarra provides actuals
2025-05-19,2025,1.0,Giumarra,VIDEXPORT,Grape,EARLY SWEET,WHITE SEEDLESS TYPE,P50,,,1080.0,22027.5,,Invoice_Grape_Giumarra_1.xlsx [pre-loaded],Date estimated from Liq# until Giumarra provides actuals
2025-05-19,2025,1.0,Giumarra,VIDEXPORT,Grape,ARRA 30,WHITE SEEDLESS TYPE,P50,,,720.0,20196.0,,Invoice_Grape_Giumarra_1.xlsx [pre-loaded],Date estimated from Liq# until Giumarra provides actuals
2025-05-19,2025,1.0,Giumarra,VIDEXPORT,Grape,ARRA 30,WHITE SEEDLESS TYPE,P30,,,1710.0,37980.0,,Invoice_Grape_Giumarra_1.xlsx [pre-loaded],Date estimated from Liq# until Giumarra provides actuals
2025-05-19,2025,1.0,Giumarra,VIDEXPORT,Grape,EARLY SWEET,WHITE SEEDLESS TYPE,P50,,,630.0,15592.5,,Invoice_Grape_Giumarra_1.xlsx [pre-loaded],Date estimated from Liq# until Giumarra provides actuals
2025-05-19,2025,1.0,Giumarra,VIDEXPORT,Grape,ARRA 30,WHITE SEEDLESS TYPE,P30,,,540.0,14580.0,,Invoice_Grape_Giumarra_1.xlsx [pre-loaded],Date estimated from Liq# until Giumarra provides actuals
2025-05-19,2025,1.0,Giumarra,VIDEXPORT,Grape,ARRA 30,WHITE SEEDLESS TYPE,P50,,,540.0,13365.0,,Invoice_Grape_Giumarra_1.xlsx [pre-loaded],Date estimated from Liq# until Giumarra provides actuals
2025-05-19,2025,1.0,Giumarra,VIDEXPORT,Grape,EARLY SWEET,WHITE SEEDLESS TYPE,P30,,,900.0,25216.95,,Invoice_Grape_Giumarra_1.xlsx [pre-loaded],Date estimated from Liq# until Giumarra provides actuals
2025-05-19,2025,1.0,Giumarra,VIDEXPORT,Grape,EARLY SWEET,WHITE SEEDLESS TYPE,P50,,,540.0,13365.0,,Invoice_Grape_Giumarra_1.xlsx [pre-loaded],Date estimated from Liq# until Giumarra provides actuals
2025-05-19,2025,1.0,Giumarra,VIDEXPORT,Grape,ARRA 30,WHITE SEEDLESS TYPE,P50,,,270.0,7380.0,,Invoice_Grape_Giumarra_1.xlsx [pre-loaded],Date estimated from Liq# until Giumarra provides actuals
2025-05-19,2025,1.0,Giumarra,VIDEXPORT,Grape,ARRA 33,WHITE SEEDLESS TYPE,P30,,,1890.0,69930.0,,Invoice_Grape_Giumarra_1.xlsx [pre-loaded],Date estimated from Liq# until Giumarra provides actuals
2025-06-09,2025,4.0,Giumarra,VIDEXPORT,Grape,ARRA 33,WHITE SEEDLESS TYPE,P30,,,1800.0,54559.73,,Invoice_Grape_Giumarra_1.xlsx [pre-loaded],Date estimated from Liq# until Giumarra provides actuals
2025-06-09,2025,4.0,Giumarra,VIDEXPORT,Grape,ARRA 33,WHITE SEEDLESS TYPE,P30,,,1800.0,63180.0,,Invoice_Grape_Giumarra_1.xlsx [pre-loaded],Date estimated from Liq# until Giumarra provides actuals
2025-06-09,2025,4.0,Giumarra,VIDEXPORT,Grape,ARRA 33,WHITE SEEDLESS TYPE,P30,,,1800.0,66346.5,,Invoice_Grape_Giumarra_1.xlsx [pre-loaded],Date estimated from Liq# until Giumarra provides actuals
2025-06-09,2025,4.0,Giumarra,VIDEXPORT,Grape,ARRA 33,WHITE SEEDLESS TYPE,P30,,,1800.0,65558.7,,Invoice_Grape_Giumarra_1.xlsx [pre-loaded],Date estimated from Liq# until Giumarra provides actuals
2025-06-09,2025,4.0,Giumarra,VIDEXPORT,Grape,ARRA 33,WHITE SEEDLESS TYPE,P30,,,1800.0,69616.8,,Invoice_Grape_Giumarra_1.xlsx [pre-loaded],Date estimated from Liq# until Giumarra provides actuals
2025-06-09,2025,4.0,Giumarra,VIDEXPORT,Grape,ARRA 33,WHITE SEEDLESS TYPE,P30,,,1800.0,59417.28,,Invoice_Grape_Giumarra_1.xlsx [pre-loaded],Date estimated from Liq# until Giumarra provides actuals
2025-06-09,2025,4.0,Giumarra,VIDEXPORT,Grape,ARRA 33,WHITE SEEDLESS TYPE,P30,,,1710.0,43893.0,,Invoice_Grape_Giumarra_1.xlsx [pre-loaded],Date estimated from Liq# until Giumarra provides actuals
2025-06-09,2025,4.0,Giumarra,VIDEXPORT,Grape,ARRA 33,WHITE SEEDLESS TYPE,P30,,,1800.0,66352.5,,Invoice_Grape_Giumarra_1.xlsx [pre-loaded],Date estimated from Liq# until Giumarra provides actuals
2025-06-09,2025,4.0,Giumarra,VIDEXPORT,Grape,ARRA 33,WHITE SEEDLESS TYPE,P30,,,1800.0,65836.53,,Invoice_Grape_Giumarra_1.xlsx [pre-loaded],Date estimated from Liq# until Giumarra provides actuals
2025-05-26,2025,2.0,Giumarra,VIDEXPORT,Grape,EARLY SWEET,WHITE SEEDLESS TYPE,P50,,,2070.0,36193.5,,Invoice_Grape_Giumarra_1.xlsx [pre-loaded],Date estimated from Liq# until Giumarra provides actuals
2025-05-26,2025,2.0,Giumarra,VIDEXPORT,Grape,EARLY SWEET,WHITE SEEDLESS TYPE,P50,,,1620.0,28363.5,,Invoice_Grape_Giumarra_1.xlsx [pre-loaded],Date estimated from Liq# until Giumarra provides actuals
2025-05-26,2025,2.0,Giumarra,VIDEXPORT,Grape,ARRA 30,WHITE SEEDLESS TYPE,P30,,,1980.0,60750.0,,Invoice_Grape_Giumarra_1.xlsx [pre-loaded],Date estimated from Liq# until Giumarra provides actuals
2025-05-26,2025,2.0,Giumarra,VIDEXPORT,Grape,ARRA 30,WHITE SEEDLESS TYPE,P30,,,1980.0,67320.0,,Invoice_Grape_Giumarra_1.xlsx [pre-loaded],Date estimated from Liq# until Giumarra provides actuals
2025-05-26,2025,2.0,Giumarra,VIDEXPORT,Grape,ARRA 30,WHITE SEEDLESS TYPE,P30,,,1800.0,54450.0,,Invoice_Grape_Giumarra_1.xlsx [pre-loaded],Date estimated from Liq# until Giumarra provides actuals
2025-05-26,2025,2.0,Giumarra,VIDEXPORT,Grape,ARRA 30,WHITE SEEDLESS TYPE,P30,,,1530.0,49567.5,,Invoice_Grape_Giumarra_1.xlsx [pre-loaded],Date estimated from Liq# until Giumarra provides actuals
2025-05-26,2025,2.0,Giumarra,VIDEXPORT,Grape,ARRA 30,WHITE SEEDLESS TYPE,P30,,,2160.0,70084.25,,Invoice_Grape_Giumarra_1.xlsx [pre-loaded],Date estimated from Liq# until Giumarra provides actuals
2025-05-26,2025,2.0,Giumarra,VIDEXPORT,Grape,ARRA 30,WHITE SEEDLESS TYPE,P30,,,1080.0,30681.0,,Invoice_Grape_Giumarra_1.xlsx [pre-loaded],Date estimated from Liq# until Giumarra provides actuals
2025-05-26,2025,2.0,Giumarra,VIDEXPORT,Grape,ARRA 30,WHITE SEEDLESS TYPE,P50,,,900.0,25875.0,,Invoice_Grape_Giumarra_1.xlsx [pre-loaded],Date estimated from Liq# until Giumarra provides actuals
2025-05-26,2025,2.0,Giumarra,VIDEXPORT,Grape,EARLY SWEET,WHITE SEEDLESS TYPE,P30,,,1530.0,43897.5,,Invoice_Grape_Giumarra_1.xlsx [pre-loaded],Date estimated from Liq# until Giumarra provides actuals
2025-05-26,2025,2.0,Giumarra,VIDEXPORT,Grape,EARLY SWEET,WHITE SEEDLESS TYPE,P50,,,630.0,18094.5,,Invoice_Grape_Giumarra_1.xlsx [pre-loaded],Date estimated from Liq# until Giumarra provides actuals
2025-06-09,2025,4.0,Giumarra,VIDEXPORT,Grape,EARLY SWEET,WHITE SEEDLESS TYPE,P10,,,1980.0,49279.0,,Invoice_Grape_Giumarra_1.xlsx [pre-loaded],Date estimated from Liq# until Giumarra provides actuals
2025-06-09,2025,4.0,Giumarra,VIDEXPORT,Grape,FLAME,FLAME SEEDLESS,P40,,,1710.0,43005.36,,Invoice_Grape_Giumarra_1.xlsx [pre-loaded],Date estimated from Liq# until Giumarra provides actuals
2025-06-09,2025,4.0,Giumarra,VIDEXPORT,Grape,FLAME,FLAME SEEDLESS,P40,,,1800.0,42268.5,,Invoice_Grape_Giumarra_1.xlsx [pre-loaded],Date estimated from Liq# until Giumarra provides actuals
2025-06-09,2025,4.0,Giumarra,VIDEXPORT,Grape,EARLY SWEET,WHITE SEEDLESS TYPE,P10,,,1890.0,53550.0,,Invoice_Grape_Giumarra_1.xlsx [pre-loaded],Date estimated from Liq# until Giumarra provides actuals
2025-06-09,2025,4.0,Giumarra,VIDEXPORT,Grape,FLAME,FLAME SEEDLESS,P40,,,90.0,2164.5,,Invoice_Grape_Giumarra_1.xlsx [pre-loaded],Date estimated from Liq# until Giumarra provides actuals
2025-06-09,2025,4.0,Giumarra,VIDEXPORT,Grape,ARRA 33,WHITE SEEDLESS TYPE,P40,,,1800.0,38213.1,,Invoice_Grape_Giumarra_1.xlsx [pre-loaded],Date estimated from Liq# until Giumarra provides actuals
2025-06-09,2025,4.0,Giumarra,VIDEXPORT,Grape,FLAME,FLAME SEEDLESS,P40,,,1620.0,29686.5,,Invoice_Grape_Giumarra_1.xlsx [pre-loaded],Date estimated from Liq# until Giumarra provides actuals
2025-06-09,2025,4.0,Giumarra,VIDEXPORT,Grape,FLAME,FLAME SEEDLESS,P30,,,1800.0,43317.0,,Invoice_Grape_Giumarra_1.xlsx [pre-loaded],Date estimated from Liq# until Giumarra provides actuals
2025-06-09,2025,4.0,Giumarra,VIDEXPORT,Grape,FLAME,FLAME SEEDLESS,P30,,,1800.0,55890.0,,Invoice_Grape_Giumarra_1.xlsx [pre-loaded],Date estimated from Liq# until Giumarra provides actuals
2025-06-09,2025,4.0,Giumarra,VIDEXPORT,Grape,EARLY SWEET,WHITE SEEDLESS TYPE,P30,,,1890.0,51403.5,,Invoice_Grape_Giumarra_1.xlsx [pre-loaded],Date estimated from Liq# until Giumarra provides actuals
2025-06-09,2025,4.0,Giumarra,VIDEXPORT,Grape,FLAME,FLAME SEEDLESS,P30,,,360.0,8280.0,,Invoice_Grape_Giumarra_1.xlsx [pre-loaded],Date estimated from Liq# until Giumarra provides actuals
2025-06-09,2025,4.0,Giumarra,VIDEXPORT,Grape,FLAME,FLAME SEEDLESS,P40,,,1440.0,23076.0,,Invoice_Grape_Giumarra_1.xlsx [pre-loaded],Date estimated from Liq# until Giumarra provides actuals
2025-06-09,2025,4.0,Giumarra,VIDEXPORT,Grape,FLAME,FLAME SEEDLESS,P40,,,360.0,4811.4,,Invoice_Grape_Giumarra_1.xlsx [pre-loaded],Date estimated from Liq# until Giumarra provides actuals
2025-06-09,2025,4.0,Giumarra,VIDEXPORT,Grape,EARLY SWEET,WHITE SEEDLESS TYPE,P30,,,1620.0,38421.0,,Invoice_Grape_Giumarra_1.xlsx [pre-loaded],Date estimated from Liq# until Giumarra provides actuals
2025-06-09,2025,4.0,Giumarra,VIDEXPORT,Grape,FLAME,FLAME SEEDLESS,P30,,,1980.0,49500.0,,Invoice_Grape_Giumarra_1.xlsx [pre-loaded],Date estimated from Liq# until Giumarra provides actuals
2025-06-02,2025,3.0,Giumarra,VIDEXPORT,Grape,EARLY SWEET,WHITE SEEDLESS TYPE,P30,,,1350.0,44040.5,,Invoice_Grape_Giumarra_1.xlsx [pre-loaded],Date estimated from Liq# until Giumarra provides actuals
2025-06-02,2025,3.0,Giumarra,VIDEXPORT,Grape,EARLY SWEET,WHITE SEEDLESS TYPE,P40,,,540.0,16362.0,,Invoice_Grape_Giumarra_1.xlsx [pre-loaded],Date estimated from Liq# until Giumarra provides actuals
2025-06-02,2025,3.0,Giumarra,VIDEXPORT,Grape,ARRA 29,WHITE SEEDLESS TYPE,P30,,,2160.0,61537.5,,Invoice_Grape_Giumarra_1.xlsx [pre-loaded],Date estimated from Liq# until Giumarra provides actuals
2025-06-09,2025,4.0,Giumarra,EFSI,Grape,EARLY SWEET,WHITE SEEDLESS TYPE,P50,,,360.0,10440.0,,Invoice_Grape_Giumarra_1.xlsx [pre-loaded],Date estimated from Liq# until Giumarra provides actuals
2025-06-09,2025,4.0,Giumarra,EFSI,Grape,EARLY SWEET,WHITE SEEDLESS TYPE,P30,,,2160.0,62874.0,,Invoice_Grape_Giumarra_1.xlsx [pre-loaded],Date estimated from Liq# until Giumarra provides actuals
2025-06-09,2025,4.0,Giumarra,EFSI,Grape,EARLY SWEET,WHITE SEEDLESS TYPE,P30,,,2160.0,66721.5,,Invoice_Grape_Giumarra_1.xlsx [pre-loaded],Date estimated from Liq# until Giumarra provides actuals
2025-06-09,2025,4.0,Giumarra,EFSI,Grape,EARLY SWEET,WHITE SEEDLESS TYPE,P50,,,1170.0,40657.5,,Invoice_Grape_Giumarra_1.xlsx [pre-loaded],Date estimated from Liq# until Giumarra provides actuals
2025-06-16,2025,5.0,Giumarra,VIDEXPORT,Grape,EARLY SWEET,WHITE SEEDLESS TYPE,P30,,,2340.0,68580.0,,Invoice_Grape_Giumarra_1.xlsx [pre-loaded],Date estimated from Liq# until Giumarra provides actuals
2025-06-16,2025,5.0,Giumarra,VIDEXPORT,Grape,ARRA 30,WHITE SEEDLESS TYPE,P30,,,2340.0,67378.5,,Invoice_Grape_Giumarra_1.xlsx [pre-loaded],Date estimated from Liq# until Giumarra provides actuals
2025-06-16,2025,5.0,Giumarra,VIDEXPORT,Grape,ARRA 33,WHITE SEEDLESS TYPE,P30,,,1800.0,61249.5,,Invoice_Grape_Giumarra_1.xlsx [pre-loaded],Date estimated from Liq# until Giumarra provides actuals
2025-06-16,2025,5.0,Giumarra,VIDEXPORT,Grape,EARLY SWEET,WHITE SEEDLESS TYPE,P10,,,2340.0,71428.5,,Invoice_Grape_Giumarra_1.xlsx [pre-loaded],Date estimated from Liq# until Giumarra provides actuals
2025-06-16,2025,5.0,Giumarra,VIDEXPORT,Grape,FLAME,FLAME SEEDLESS,P40,,,1980.0,52690.5,,Invoice_Grape_Giumarra_1.xlsx [pre-loaded],Date estimated from Liq# until Giumarra provides actuals
2025-06-16,2025,5.0,Giumarra,VIDEXPORT,Grape,FLAME,FLAME SEEDLESS,P40,,,1980.0,27640.8,,Invoice_Grape_Giumarra_1.xlsx [pre-loaded],Date estimated from Liq# until Giumarra provides actuals
2025-06-09,2025,4.0,Giumarra,VIDEXPORT,Grape,ARRA 29,WHITE SEEDLESS TYPE,P30,,,1800.0,54990.0,,Invoice_Grape_Giumarra_1.xlsx [pre-loaded],Date estimated from Liq# until Giumarra provides actuals
2025-06-09,2025,4.0,Giumarra,VIDEXPORT,Grape,ARRA 29,WHITE SEEDLESS TYPE,P30,,,1620.0,53055.0,,Invoice_Grape_Giumarra_1.xlsx [pre-loaded],Date estimated from Liq# until Giumarra provides actuals
2025-06-09,2025,4.0,Giumarra,VIDEXPORT,Grape,ARRA 29,WHITE SEEDLESS TYPE,P50,,,810.0,21667.5,,Invoice_Grape_Giumarra_1.xlsx [pre-loaded],Date estimated from Liq# until Giumarra provides actuals
2025-06-09,2025,4.0,Giumarra,VIDEXPORT,Grape,ARRA 29,WHITE SEEDLESS TYPE,P30,,,1800.0,48173.94,,Invoice_Grape_Giumarra_1.xlsx [pre-loaded],Date estimated from Liq# until Giumarra provides actuals
2025-06-09,2025,4.0,Giumarra,VIDEXPORT,Grape,ARRA 30,WHITE SEEDLESS TYPE,P30,,,1800.0,40459.5,,Invoice_Grape_Giumarra_1.xlsx [pre-loaded],Date estimated from Liq# until Giumarra provides actuals
2025-06-09,2025,4.0,Giumarra,VIDEXPORT,Grape,ARRA 29,WHITE SEEDLESS TYPE,P30,,,1800.0,53032.5,,Invoice_Grape_Giumarra_1.xlsx [pre-loaded],Date estimated from Liq# until Giumarra provides actuals
2025-06-09,2025,4.0,Giumarra,VIDEXPORT,Grape,ARRA 29,WHITE SEEDLESS TYPE,P30,,,1800.0,48112.36,,Invoice_Grape_Giumarra_1.xlsx [pre-loaded],Date estimated from Liq# until Giumarra provides actuals
2025-06-09,2025,4.0,Giumarra,VIDEXPORT,Grape,ARRA 29,WHITE SEEDLESS TYPE,P30,,,1800.0,46890.0,,Invoice_Grape_Giumarra_1.xlsx [pre-loaded],Date estimated from Liq# until Giumarra provides actuals
2025-06-09,2025,4.0,Giumarra,VIDEXPORT,Grape,ARRA 29,WHITE SEEDLESS TYPE,P30,,,1260.0,34312.5,,Invoice_Grape_Giumarra_1.xlsx [pre-loaded],Date estimated from Liq# until Giumarra provides actuals
2025-06-09,2025,4.0,Giumarra,VIDEXPORT,Grape,ARRA 29,WHITE SEEDLESS TYPE,P50,,,540.0,14445.0,,Invoice_Grape_Giumarra_1.xlsx [pre-loaded],Date estimated from Liq# until Giumarra provides actuals
2025-06-09,2025,4.0,Giumarra,VIDEXPORT,Grape,EARLY SWEET,WHITE SEEDLESS TYPE,P30,,,1530.0,42840.0,,Invoice_Grape_Giumarra_1.xlsx [pre-loaded],Date estimated from Liq# until Giumarra provides actuals
2025-06-09,2025,4.0,Giumarra,VIDEXPORT,Grape,ARRA 29,WHITE SEEDLESS TYPE,P30,,,1800.0,48082.5,,Invoice_Grape_Giumarra_1.xlsx [pre-loaded],Date estimated from Liq# until Giumarra provides actuals
2025-06-09,2025,4.0,Giumarra,VIDEXPORT,Grape,ARRA 29,WHITE SEEDLESS TYPE,P30,,,1170.0,31540.5,,Invoice_Grape_Giumarra_1.xlsx [pre-loaded],Date estimated from Liq# until Giumarra provides actuals
2025-06-09,2025,4.0,Giumarra,VIDEXPORT,Grape,ARRA 29,WHITE SEEDLESS TYPE,P50,,,360.0,9630.0,,Invoice_Grape_Giumarra_1.xlsx [pre-loaded],Date estimated from Liq# until Giumarra provides actuals
2025-06-09,2025,4.0,Giumarra,VIDEXPORT,Grape,EARLY SWEET,WHITE SEEDLESS TYPE,P30,,,270.0,7573.5,,Invoice_Grape_Giumarra_1.xlsx [pre-loaded],Date estimated from Liq# until Giumarra provides actuals
2025-06-09,2025,4.0,Giumarra,VIDEXPORT,Grape,ARRA 33,WHITE SEEDLESS TYPE,P30,,,1350.0,23377.5,,Invoice_Grape_Giumarra_1.xlsx [pre-loaded],Date estimated from Liq# until Giumarra provides actuals
2025-06-09,2025,4.0,Giumarra,VIDEXPORT,Grape,ARRA 29,WHITE SEEDLESS TYPE,P30,,,2250.0,64161.0,,Invoice_Grape_Giumarra_1.xlsx [pre-loaded],Date estimated from Liq# until Giumarra provides actuals
2025-06-09,2025,4.0,Giumarra,VIDEXPORT,Grape,ARRA 29,WHITE SEEDLESS TYPE,P50,,,90.0,2407.5,,Invoice_Grape_Giumarra_1.xlsx [pre-loaded],Date estimated from Liq# until Giumarra provides actuals
2025-06-23,2025,6.0,Giumarra,VIDEXPORT,Grape,FLAME,FLAME SEEDLESS,P40,,,1890.0,48096.0,,Invoice_Grape_Giumarra_1.xlsx [pre-loaded],Date estimated from Liq# until Giumarra provides actuals
2025-06-23,2025,6.0,Giumarra,VIDEXPORT,Grape,EARLY SWEET,WHITE SEEDLESS TYPE,P10,,,450.0,13950.0,,Invoice_Grape_Giumarra_1.xlsx [pre-loaded],Date estimated from Liq# until Giumarra provides actuals
2025-06-23,2025,6.0,Giumarra,VIDEXPORT,Grape,EARLY SWEET,WHITE SEEDLESS TYPE,P30,,,450.0,14400.0,,Invoice_Grape_Giumarra_1.xlsx [pre-loaded],Date estimated from Liq# until Giumarra provides actuals
2025-06-23,2025,6.0,Giumarra,VIDEXPORT,Grape,EARLY SWEET,WHITE SEEDLESS TYPE,P50,,,630.0,18454.5,,Invoice_Grape_Giumarra_1.xlsx [pre-loaded],Date estimated from Liq# until Giumarra provides actuals
2025-06-23,2025,6.0,Giumarra,VIDEXPORT,Grape,ARRA 33,WHITE SEEDLESS TYPE,P40,,,900.0,30982.5,,Invoice_Grape_Giumarra_1.xlsx [pre-loaded],Date estimated from Liq# until Giumarra provides actuals
2025-06-23,2025,6.0,Giumarra,VIDEXPORT,Grape,S. ROYAL,BLACK SEEDLESS,P30,,,180.0,5134.5,,Invoice_Grape_Giumarra_1.xlsx [pre-loaded],Date estimated from Liq# until Giumarra provides actuals
2025-06-23,2025,6.0,Giumarra,VIDEXPORT,Grape,FLAME,FLAME SEEDLESS,P40,,,720.0,18533.7,,Invoice_Grape_Giumarra_1.xlsx [pre-loaded],Date estimated from Liq# until Giumarra provides actuals
2025-06-23,2025,6.0,Giumarra,VIDEXPORT,Grape,FLAME,FLAME SEEDLESS,P30,,,2160.0,56880.0,,Invoice_Grape_Giumarra_1.xlsx [pre-loaded],Date estimated from Liq# until Giumarra provides actuals
2025-06-23,2025,6.0,Giumarra,VIDEXPORT,Grape,FLAME,FLAME SEEDLESS,P30,,,2340.0,54279.0,,Invoice_Grape_Giumarra_1.xlsx [pre-loaded],Date estimated from Liq# until Giumarra provides actuals
2025-06-23,2025,6.0,Giumarra,VIDEXPORT,Grape,ARRA 30,WHITE SEEDLESS TYPE,P30,,,1800.0,55998.0,,Invoice_Grape_Giumarra_1.xlsx [pre-loaded],Date estimated from Liq# until Giumarra provides actuals
2025-06-23,2025,6.0,Giumarra,VIDEXPORT,Grape,ARRA 30,WHITE SEEDLESS TYPE,P30,,,1800.0,49374.0,,Invoice_Grape_Giumarra_1.xlsx [pre-loaded],Date estimated from Liq# until Giumarra provides actuals
2025-06-23,2025,6.0,Giumarra,VIDEXPORT,Grape,FLAME,FLAME SEEDLESS,P30,,,1620.0,41136.84,,Invoice_Grape_Giumarra_1.xlsx [pre-loaded],Date estimated from Liq# until Giumarra provides actuals
2025-06-23,2025,6.0,Giumarra,VIDEXPORT,Grape,FLAME,FLAME SEEDLESS,P30,,,1800.0,44865.0,,Invoice_Grape_Giumarra_1.xlsx [pre-loaded],Date estimated from Liq# until Giumarra provides actuals
2025-06-23,2025,6.0,Giumarra,VIDEXPORT,Grape,FLAME,FLAME SEEDLESS,P30,,,1530.0,34115.4,,Invoice_Grape_Giumarra_1.xlsx [pre-loaded],Date estimated from Liq# until Giumarra provides actuals
2025-06-23,2025,6.0,Giumarra,VIDEXPORT,Grape,FLAME,FLAME SEEDLESS,P30,,,1530.0,39790.8,,Invoice_Grape_Giumarra_1.xlsx [pre-loaded],Date estimated from Liq# until Giumarra provides actuals
2025-06-23,2025,6.0,Giumarra,VIDEXPORT,Grape,FLAME,FLAME SEEDLESS,P30,,,720.0,16717.5,,Invoice_Grape_Giumarra_1.xlsx [pre-loaded],Date estimated from Liq# until Giumarra provides actuals
2025-06-23,2025,6.0,Giumarra,VIDEXPORT,Grape,ARRA 30,WHITE SEEDLESS TYPE,P30,,,2430.0,45468.0,,Invoice_Grape_Giumarra_1.xlsx [pre-loaded],Date estimated from Liq# until Giumarra provides actuals
2025-06-16,2025,5.0,Giumarra,VIDEXPORT,Grape,ARRA 30,WHITE SEEDLESS TYPE,P30,,,1800.0,56772.0,,Invoice_Grape_Giumarra_1.xlsx [pre-loaded],Date estimated from Liq# until Giumarra provides actuals
2025-06-16,2025,5.0,Giumarra,VIDEXPORT,Grape,ARRA 29,WHITE SEEDLESS TYPE,P30,,,900.0,24425.1,,Invoice_Grape_Giumarra_1.xlsx [pre-loaded],Date estimated from Liq# until Giumarra provides actuals
2025-06-16,2025,5.0,Giumarra,VIDEXPORT,Grape,ARRA 30,WHITE SEEDLESS TYPE,P50,,,810.0,10125.0,,Invoice_Grape_Giumarra_1.xlsx [pre-loaded],Date estimated from Liq# until Giumarra provides actuals
2025-06-16,2025,5.0,Giumarra,VIDEXPORT,Grape,EARLY SWEET,WHITE SEEDLESS TYPE,P50,,,450.0,9922.5,,Invoice_Grape_Giumarra_1.xlsx [pre-loaded],Date estimated from Liq# until Giumarra provides actuals
2025-06-16,2025,5.0,Giumarra,VIDEXPORT,Grape,EARLY SWEET,WHITE SEEDLESS TYPE,P30,,,1800.0,31747.5,,Invoice_Grape_Giumarra_1.xlsx [pre-loaded],Date estimated from Liq# until Giumarra provides actuals
2025-06-16,2025,5.0,Giumarra,VIDEXPORT,Grape,ARRA 33,WHITE SEEDLESS TYPE,P30,,,2070.0,39127.5,,Invoice_Grape_Giumarra_1.xlsx [pre-loaded],Date estimated from Liq# until Giumarra provides actuals
2025-06-16,2025,5.0,Giumarra,VIDEXPORT,Grape,EARLY SWEET,WHITE SEEDLESS TYPE,P50,,,1710.0,37705.5,,Invoice_Grape_Giumarra_1.xlsx [pre-loaded],Date estimated from Liq# until Giumarra provides actuals
2025-06-16,2025,5.0,Giumarra,VIDEXPORT,Grape,ARRA 33,WHITE SEEDLESS TYPE,P30,,,1350.0,36759.5,,Invoice_Grape_Giumarra_1.xlsx [pre-loaded],Date estimated from Liq# until Giumarra provides actuals
2025-06-16,2025,5.0,Giumarra,VIDEXPORT,Grape,ARRA 33,WHITE SEEDLESS TYPE,P30,,,810.0,13567.5,,Invoice_Grape_Giumarra_1.xlsx [pre-loaded],Date estimated from Liq# until Giumarra provides actuals
2025-06-16,2025,5.0,Giumarra,VIDEXPORT,Grape,ARRA 30,WHITE SEEDLESS TYPE,P30,,,1980.0,62521.09,,Invoice_Grape_Giumarra_1.xlsx [pre-loaded],Date estimated from Liq# until Giumarra provides actuals
2025-06-16,2025,5.0,Giumarra,VIDEXPORT,Grape,ARRA 30,WHITE SEEDLESS TYPE,P30,,,1800.0,62108.28,,Invoice_Grape_Giumarra_1.xlsx [pre-loaded],Date estimated from Liq# until Giumarra provides actuals
2025-06-16,2025,5.0,Giumarra,VIDEXPORT,Grape,ARRA 30,WHITE SEEDLESS TYPE,P30,,,1800.0,56002.5,,Invoice_Grape_Giumarra_1.xlsx [pre-loaded],Date estimated from Liq# until Giumarra provides actuals
2025-06-16,2025,5.0,Giumarra,VIDEXPORT,Grape,ARRA 33,WHITE SEEDLESS TYPE,P30,,,720.0,16537.5,,Invoice_Grape_Giumarra_1.xlsx [pre-loaded],Date estimated from Liq# until Giumarra provides actuals
2025-06-16,2025,5.0,Giumarra,VIDEXPORT,Grape,ARRA 33,WHITE SEEDLESS TYPE,P50,,,90.0,9.0,,Invoice_Grape_Giumarra_1.xlsx [pre-loaded],Date estimated from Liq# until Giumarra provides actuals
2025-06-16,2025,5.0,Giumarra,VIDEXPORT,Grape,ARRA 29,WHITE SEEDLESS TYPE,P30,,,450.0,12150.0,,Invoice_Grape_Giumarra_1.xlsx [pre-loaded],Date estimated from Liq# until Giumarra provides actuals
2025-06-16,2025,5.0,Giumarra,VIDEXPORT,Grape,EARLY SWEET,WHITE SEEDLESS TYPE,P50,,,360.0,36.0,,Invoice_Grape_Giumarra_1.xlsx [pre-loaded],Date estimated from Liq# until Giumarra provides actuals
2025-06-16,2025,5.0,Giumarra,VIDEXPORT,Grape,ARRA 30,WHITE SEEDLESS TYPE,P30,,,1800.0,58809.6,,Invoice_Grape_Giumarra_1.xlsx [pre-loaded],Date estimated from Liq# until Giumarra provides actuals
2025-06-16,2025,5.0,Giumarra,VIDEXPORT,Grape,ARRA 30,WHITE SEEDLESS TYPE,P30,,,1800.0,51060.6,,Invoice_Grape_Giumarra_1.xlsx [pre-loaded],Date estimated from Liq# until Giumarra provides actuals
2025-06-16,2025,5.0,Giumarra,VIDEXPORT,Grape,ARRA 29,WHITE SEEDLESS TYPE,P30,,,2070.0,55890.0,,Invoice_Grape_Giumarra_1.xlsx [pre-loaded],Date estimated from Liq# until Giumarra provides actuals
2025-06-16,2025,5.0,Giumarra,VIDEXPORT,Grape,ARRA 29,WHITE SEEDLESS TYPE,P50,,,90.0,544.5,,Invoice_Grape_Giumarra_1.xlsx [pre-loaded],Date estimated from Liq# until Giumarra provides actuals
2025-06-16,2025,5.0,Giumarra,VIDEXPORT,Grape,EARLY SWEET,WHITE SEEDLESS TYPE,P30,,,1800.0,22999.5,,Invoice_Grape_Giumarra_1.xlsx [pre-loaded],Date estimated from Liq# until Giumarra provides actuals
2025-06-16,2025,5.0,Giumarra,VIDEXPORT,Grape,ARRA 30,WHITE SEEDLESS TYPE,P30,,,1800.0,54967.5,,Invoice_Grape_Giumarra_1.xlsx [pre-loaded],Date estimated from Liq# until Giumarra provides actuals
2025-06-16,2025,5.0,Giumarra,VIDEXPORT,Grape,ARRA 30,WHITE SEEDLESS TYPE,P30,,,1800.0,33120.0,,Invoice_Grape_Giumarra_1.xlsx [pre-loaded],Date estimated from Liq# until Giumarra provides actuals
2025-06-16,2025,5.0,Giumarra,VIDEXPORT,Grape,ARRA 30,WHITE SEEDLESS TYPE,P30,,,1800.0,36387.0,,Invoice_Grape_Giumarra_1.xlsx [pre-loaded],Date estimated from Liq# until Giumarra provides actuals
2025-06-16,2025,5.0,Giumarra,VIDEXPORT,Grape,ARRA 30,WHITE SEEDLESS TYPE,P30,,,1800.0,18207.0,,Invoice_Grape_Giumarra_1.xlsx [pre-loaded],Date estimated from Liq# until Giumarra provides actuals
2025-06-16,2025,5.0,Giumarra,VIDEXPORT,Grape,ARRA 30,WHITE SEEDLESS TYPE,P30,,,1800.0,50400.0,,Invoice_Grape_Giumarra_1.xlsx [pre-loaded],Date estimated from Liq# until Giumarra provides actuals
2025-06-16,2025,5.0,Giumarra,VIDEXPORT,Grape,ARRA 30,WHITE SEEDLESS TYPE,P30,,,2160.0,43314.0,,Invoice_Grape_Giumarra_1.xlsx [pre-loaded],Date estimated from Liq# until Giumarra provides actuals
2025-06-16,2025,5.0,Giumarra,VIDEXPORT,Grape,ARRA 30,WHITE SEEDLESS TYPE,P30,,,2250.0,42750.0,,Invoice_Grape_Giumarra_1.xlsx [pre-loaded],Date estimated from Liq# until Giumarra provides actuals
2025-06-16,2025,5.0,Giumarra,VIDEXPORT,Grape,ARRA 29,WHITE SEEDLESS TYPE,P30,,,90.0,0.0,,Invoice_Grape_Giumarra_1.xlsx [pre-loaded],Date estimated from Liq# until Giumarra provides actuals
2025-06-16,2025,5.0,Giumarra,VIDEXPORT,Grape,ARRA 30,WHITE SEEDLESS TYPE,P30,,,1800.0,11205.0,,Invoice_Grape_Giumarra_1.xlsx [pre-loaded],Date estimated from Liq# until Giumarra provides actuals
2025-06-16,2025,5.0,Giumarra,VIDEXPORT,Grape,ARRA 30,WHITE SEEDLESS TYPE,P30,,,1980.0,51079.5,,Invoice_Grape_Giumarra_1.xlsx [pre-loaded],Date estimated from Liq# until Giumarra provides actuals
2025-06-23,2025,6.0,Giumarra,VIDEXPORT,Grape,ARRA 33,WHITE SEEDLESS TYPE,P30,,,1800.0,56632.88,,Invoice_Grape_Giumarra_1.xlsx [pre-loaded],Date estimated from Liq# until Giumarra provides actuals
2025-06-23,2025,6.0,Giumarra,VIDEXPORT,Grape,ARRA 33,WHITE SEEDLESS TYPE,P30,,,2160.0,81376.18,,Invoice_Grape_Giumarra_1.xlsx [pre-loaded],Date estimated from Liq# until Giumarra provides actuals
2025-06-23,2025,6.0,Giumarra,VIDEXPORT,Grape,ARRA 33,WHITE SEEDLESS TYPE,P30,,,2160.0,76643.3,,Invoice_Grape_Giumarra_1.xlsx [pre-loaded],Date estimated from Liq# until Giumarra provides actuals
2025-06-23,2025,6.0,Giumarra,VIDEXPORT,Grape,ARRA 33,WHITE SEEDLESS TYPE,P30,,,2160.0,79071.3,,Invoice_Grape_Giumarra_1.xlsx [pre-loaded],Date estimated from Liq# until Giumarra provides actuals
2025-06-23,2025,6.0,Giumarra,VIDEXPORT,Grape,ARRA 33,WHITE SEEDLESS TYPE,P30,,,1800.0,62505.0,,Invoice_Grape_Giumarra_1.xlsx [pre-loaded],Date estimated from Liq# until Giumarra provides actuals
2025-06-23,2025,6.0,Giumarra,VIDEXPORT,Grape,ARRA 33,WHITE SEEDLESS TYPE,P30,,,1800.0,66600.0,,Invoice_Grape_Giumarra_1.xlsx [pre-loaded],Date estimated from Liq# until Giumarra provides actuals
2025-06-23,2025,6.0,Giumarra,VIDEXPORT,Grape,ARRA 33,WHITE SEEDLESS TYPE,P30,,,1800.0,70655.4,,Invoice_Grape_Giumarra_1.xlsx [pre-loaded],Date estimated from Liq# until Giumarra provides actuals
2025-06-23,2025,6.0,Giumarra,VIDEXPORT,Grape,ARRA 33,WHITE SEEDLESS TYPE,P30,,,1530.0,53259.3,,Invoice_Grape_Giumarra_1.xlsx [pre-loaded],Date estimated from Liq# until Giumarra provides actuals
2025-06-23,2025,6.0,Giumarra,VIDEXPORT,Grape,ARRA 33,WHITE SEEDLESS TYPE,P30,,,1710.0,61771.59,,Invoice_Grape_Giumarra_1.xlsx [pre-loaded],Date estimated from Liq# until Giumarra provides actuals
2025-06-23,2025,6.0,Giumarra,VIDEXPORT,Grape,ARRA 33,WHITE SEEDLESS TYPE,P30,,,2160.0,68482.8,,Invoice_Grape_Giumarra_1.xlsx [pre-loaded],Date estimated from Liq# until Giumarra provides actuals
2025-06-30,2025,7.0,Giumarra,VIDEXPORT,Grape,FLAME,FLAME SEEDLESS,P40,,,630.0,14332.5,,Invoice_Grape_Giumarra_1.xlsx [pre-loaded],Date estimated from Liq# until Giumarra provides actuals
2025-06-30,2025,7.0,Giumarra,VIDEXPORT,Grape,FLAME,FLAME SEEDLESS,P40,,,180.0,3960.0,,Invoice_Grape_Giumarra_1.xlsx [pre-loaded],Date estimated from Liq# until Giumarra provides actuals
2025-06-30,2025,7.0,Giumarra,VIDEXPORT,Grape,S. ROYAL,BLACK SEEDLESS,P30,,,900.0,23400.0,,Invoice_Grape_Giumarra_1.xlsx [pre-loaded],Date estimated from Liq# until Giumarra provides actuals
2025-06-30,2025,7.0,Giumarra,VIDEXPORT,Grape,FLAME,FLAME SEEDLESS,P40,,,1980.0,41967.0,,Invoice_Grape_Giumarra_1.xlsx [pre-loaded],Date estimated from Liq# until Giumarra provides actuals
2025-06-30,2025,7.0,Giumarra,VIDEXPORT,Grape,EARLY SWEET,WHITE SEEDLESS TYPE,P50,,,90.0,2790.0,,Invoice_Grape_Giumarra_1.xlsx [pre-loaded],Date estimated from Liq# until Giumarra provides actuals
2025-06-30,2025,7.0,Giumarra,VIDEXPORT,Grape,FLAME,FLAME SEEDLESS,P40,,,2070.0,52834.5,,Invoice_Grape_Giumarra_1.xlsx [pre-loaded],Date estimated from Liq# until Giumarra provides actuals
2025-06-30,2025,7.0,Giumarra,VIDEXPORT,Grape,S. ROYAL,BLACK SEEDLESS,P50,,,90.0,2767.5,,Invoice_Grape_Giumarra_1.xlsx [pre-loaded],Date estimated from Liq# until Giumarra provides actuals
2025-06-30,2025,7.0,Giumarra,VIDEXPORT,Grape,ARRA 33,WHITE SEEDLESS TYPE,P30,,,2160.0,66271.5,,Invoice_Grape_Giumarra_1.xlsx [pre-loaded],Date estimated from Liq# until Giumarra provides actuals
2025-06-30,2025,7.0,Giumarra,VIDEXPORT,Grape,EARLY SWEET,WHITE SEEDLESS TYPE,P30,,,180.0,3249.0,,Invoice_Grape_Giumarra_1.xlsx [pre-loaded],Date estimated from Liq# until Giumarra provides actuals
2025-06-30,2025,7.0,Giumarra,VIDEXPORT,Grape,ARRA 33,WHITE SEEDLESS TYPE,P30,,,2070.0,61087.5,,Invoice_Grape_Giumarra_1.xlsx [pre-loaded],Date estimated from Liq# until Giumarra provides actuals
2025-06-30,2025,7.0,Giumarra,VIDEXPORT,Grape,ARRA 33,WHITE SEEDLESS TYPE,P30,,,1890.0,46452.0,,Invoice_Grape_Giumarra_1.xlsx [pre-loaded],Date estimated from Liq# until Giumarra provides actuals
2025-06-30,2025,7.0,Giumarra,VIDEXPORT,Grape,FLAME,FLAME SEEDLESS,P30,,,1800.0,42128.64,,Invoice_Grape_Giumarra_1.xlsx [pre-loaded],Date estimated from Liq# until Giumarra provides actuals
2025-06-30,2025,7.0,Giumarra,VIDEXPORT,Grape,ARRA 30,WHITE SEEDLESS TYPE,P30,,,1800.0,43236.0,,Invoice_Grape_Giumarra_1.xlsx [pre-loaded],Date estimated from Liq# until Giumarra provides actuals
2025-06-30,2025,7.0,Giumarra,VIDEXPORT,Grape,FLAME,FLAME SEEDLESS,P30,,,2250.0,57682.5,,Invoice_Grape_Giumarra_1.xlsx [pre-loaded],Date estimated from Liq# until Giumarra provides actuals
2025-06-30,2025,7.0,Giumarra,VIDEXPORT,Grape,FLAME,FLAME SEEDLESS,P30,,,1800.0,40149.0,,Invoice_Grape_Giumarra_1.xlsx [pre-loaded],Date estimated from Liq# until Giumarra provides actuals
2025-06-30,2025,7.0,Giumarra,VIDEXPORT,Grape,ARRA 30,WHITE SEEDLESS TYPE,P30,,,1800.0,52824.6,,Invoice_Grape_Giumarra_1.xlsx [pre-loaded],Date estimated from Liq# until Giumarra provides actuals
2025-06-30,2025,7.0,Giumarra,VIDEXPORT,Grape,ARRA 30,WHITE SEEDLESS TYPE,P30,,,1800.0,60174.0,,Invoice_Grape_Giumarra_1.xlsx [pre-loaded],Date estimated from Liq# until Giumarra provides actuals
2025-06-30,2025,7.0,Giumarra,VIDEXPORT,Grape,ARRA 33,WHITE SEEDLESS TYPE,P30,,,1620.0,55282.5,,Invoice_Grape_Giumarra_1.xlsx [pre-loaded],Date estimated from Liq# until Giumarra provides actuals
2025-06-30,2025,7.0,Giumarra,VIDEXPORT,Grape,FLAME,FLAME SEEDLESS,P30,,,2160.0,57006.9,,Invoice_Grape_Giumarra_1.xlsx [pre-loaded],Date estimated from Liq# until Giumarra provides actuals
2025-06-30,2025,7.0,Giumarra,VIDEXPORT,Grape,FLAME,FLAME SEEDLESS,P30,,,2070.0,53645.4,,Invoice_Grape_Giumarra_1.xlsx [pre-loaded],Date estimated from Liq# until Giumarra provides actuals
2025-06-30,2025,7.0,Giumarra,VIDEXPORT,Grape,ARRA 30,WHITE SEEDLESS TYPE,P30,,,1800.0,44218.8,,Invoice_Grape_Giumarra_1.xlsx [pre-loaded],Date estimated from Liq# until Giumarra provides actuals
2025-06-30,2025,7.0,Giumarra,VIDEXPORT,Grape,ARRA 33,WHITE SEEDLESS TYPE,P30,,,1710.0,59422.5,,Invoice_Grape_Giumarra_1.xlsx [pre-loaded],Date estimated from Liq# until Giumarra provides actuals
2025-06-30,2025,7.0,Giumarra,VIDEXPORT,Grape,ARRA 33,WHITE SEEDLESS TYPE,P30,,,1800.0,59256.0,,Invoice_Grape_Giumarra_1.xlsx [pre-loaded],Date estimated from Liq# until Giumarra provides actuals
2025-06-30,2025,7.0,Giumarra,VIDEXPORT,Grape,ARRA 30,WHITE SEEDLESS TYPE,P30,,,2160.0,57473.98,,Invoice_Grape_Giumarra_1.xlsx [pre-loaded],Date estimated from Liq# until Giumarra provides actuals
2025-06-30,2025,7.0,Giumarra,VIDEXPORT,Grape,FLAME,FLAME SEEDLESS,P30,,,2160.0,55900.8,,Invoice_Grape_Giumarra_1.xlsx [pre-loaded],Date estimated from Liq# until Giumarra provides actuals
2025-06-30,2025,7.0,Giumarra,VIDEXPORT,Grape,ARRA 33,WHITE SEEDLESS TYPE,P30,,,2070.0,57376.62,,Invoice_Grape_Giumarra_1.xlsx [pre-loaded],Date estimated from Liq# until Giumarra provides actuals
2025-06-30,2025,7.0,Giumarra,VIDEXPORT,Grape,ARRA 30,WHITE SEEDLESS TYPE,P30,,,90.0,2767.5,,Invoice_Grape_Giumarra_1.xlsx [pre-loaded],Date estimated from Liq# until Giumarra provides actuals
2025-06-30,2025,7.0,Giumarra,VIDEXPORT,Grape,ARRA 30,WHITE SEEDLESS TYPE,P30,,,810.0,22314.0,,Invoice_Grape_Giumarra_1.xlsx [pre-loaded],Date estimated from Liq# until Giumarra provides actuals
2025-06-30,2025,7.0,Giumarra,VIDEXPORT,Grape,ARRA 33,WHITE SEEDLESS TYPE,P30,,,1440.0,31411.47,,Invoice_Grape_Giumarra_1.xlsx [pre-loaded],Date estimated from Liq# until Giumarra provides actuals
2025-06-30,2025,7.0,Giumarra,VIDEXPORT,Grape,FLAME,FLAME SEEDLESS,P30,,,2340.0,47070.0,,Invoice_Grape_Giumarra_1.xlsx [pre-loaded],Date estimated from Liq# until Giumarra provides actuals
2025-06-30,2025,7.0,Giumarra,VIDEXPORT,Grape,ARRA 33,WHITE SEEDLESS TYPE,P30,,,1800.0,55350.0,,Invoice_Grape_Giumarra_1.xlsx [pre-loaded],Date estimated from Liq# until Giumarra provides actuals
2025-06-30,2025,7.0,Giumarra,VIDEXPORT,Grape,ARRA 30,WHITE SEEDLESS TYPE,P30,,,1800.0,63000.0,,Invoice_Grape_Giumarra_1.xlsx [pre-loaded],Date estimated from Liq# until Giumarra provides actuals
2025-06-30,2025,7.0,Giumarra,VIDEXPORT,Grape,ARRA 30,WHITE SEEDLESS TYPE,P30,,,2160.0,51756.3,,Invoice_Grape_Giumarra_1.xlsx [pre-loaded],Date estimated from Liq# until Giumarra provides actuals
2025-06-30,2025,7.0,Giumarra,VIDEXPORT,Grape,ARRA 33,WHITE SEEDLESS TYPE,P30,,,2520.0,63782.06,,Invoice_Grape_Giumarra_1.xlsx [pre-loaded],Date estimated from Liq# until Giumarra provides actuals
2025-06-30,2025,7.0,Giumarra,VIDEXPORT,Grape,ARRA 30,WHITE SEEDLESS TYPE,P30,,,1980.0,30920.49,,Invoice_Grape_Giumarra_1.xlsx [pre-loaded],Date estimated from Liq# until Giumarra provides actuals
2025-06-30,2025,7.0,Giumarra,VIDEXPORT,Grape,FLAME,FLAME SEEDLESS,P30,,,1620.0,25740.0,,Invoice_Grape_Giumarra_1.xlsx [pre-loaded],Date estimated from Liq# until Giumarra provides actuals
2025-06-30,2025,7.0,Giumarra,VIDEXPORT,Grape,ARRA 33,WHITE SEEDLESS TYPE,P30,,,540.0,16605.0,,Invoice_Grape_Giumarra_1.xlsx [pre-loaded],Date estimated from Liq# until Giumarra provides actuals
2025-06-30,2025,7.0,Giumarra,VIDEXPORT,Grape,ARRA 30,WHITE SEEDLESS TYPE,P30,,,1800.0,33528.6,,Invoice_Grape_Giumarra_1.xlsx [pre-loaded],Date estimated from Liq# until Giumarra provides actuals
2025-06-30,2025,7.0,Giumarra,VIDEXPORT,Grape,ARRA 30,WHITE SEEDLESS TYPE,P30,,,1800.0,45990.0,,Invoice_Grape_Giumarra_1.xlsx [pre-loaded],Date estimated from Liq# until Giumarra provides actuals
2025-06-30,2025,7.0,Giumarra,VIDEXPORT,Grape,ARRA 33,WHITE SEEDLESS TYPE,P10,,,540.0,17100.0,,Invoice_Grape_Giumarra_1.xlsx [pre-loaded],Date estimated from Liq# until Giumarra provides actuals
2025-06-30,2025,7.0,Giumarra,VIDEXPORT,Grape,ARRA 33,WHITE SEEDLESS TYPE,P30,,,1980.0,50706.0,,Invoice_Grape_Giumarra_1.xlsx [pre-loaded],Date estimated from Liq# until Giumarra provides actuals
2025-06-30,2025,7.0,Giumarra,VIDEXPORT,Grape,ARRA 30,WHITE SEEDLESS TYPE,P30,,,450.0,13837.5,,Invoice_Grape_Giumarra_1.xlsx [pre-loaded],Date estimated from Liq# until Giumarra provides actuals
2025-06-30,2025,7.0,Giumarra,VIDEXPORT,Grape,ARRA 30,WHITE SEEDLESS TYPE,P30,,,450.0,13035.6,,Invoice_Grape_Giumarra_1.xlsx [pre-loaded],Date estimated from Liq# until Giumarra provides actuals
2025-06-30,2025,7.0,Giumarra,VIDEXPORT,Grape,ARRA 33,WHITE SEEDLESS TYPE,P10,,,900.0,26541.0,,Invoice_Grape_Giumarra_1.xlsx [pre-loaded],Date estimated from Liq# until Giumarra provides actuals
2025-06-30,2025,7.0,Giumarra,VIDEXPORT,Grape,ARRA 30,WHITE SEEDLESS TYPE,P30,,,1620.0,48465.0,,Invoice_Grape_Giumarra_1.xlsx [pre-loaded],Date estimated from Liq# until Giumarra provides actuals
2025-06-30,2025,7.0,Giumarra,VIDEXPORT,Grape,ARRA 33,WHITE SEEDLESS TYPE,P10,,,1620.0,36560.0,,Invoice_Grape_Giumarra_1.xlsx [pre-loaded],Date estimated from Liq# until Giumarra provides actuals
2025-06-30,2025,7.0,Giumarra,VIDEXPORT,Grape,ARRA 83,WHITE SEEDLESS TYPE,P30,,,1890.0,55129.5,,Invoice_Grape_Giumarra_1.xlsx [pre-loaded],Date estimated from Liq# until Giumarra provides actuals
2025-06-30,2025,7.0,Giumarra,VIDEXPORT,Grape,ARRA 83,WHITE SEEDLESS TYPE,P30,,,90.0,2070.0,,Invoice_Grape_Giumarra_1.xlsx [pre-loaded],Date estimated from Liq# until Giumarra provides actuals
2025-06-30,2025,7.0,Giumarra,VIDEXPORT,Grape,ARRA 33,WHITE SEEDLESS TYPE,P10,,,900.0,25006.95,,Invoice_Grape_Giumarra_1.xlsx [pre-loaded],Date estimated from Liq# until Giumarra provides actuals
2025-06-30,2025,7.0,Giumarra,VIDEXPORT,Grape,ARRA 30,WHITE SEEDLESS TYPE,P30,,,630.0,17730.0,,Invoice_Grape_Giumarra_1.xlsx [pre-loaded],Date estimated from Liq# until Giumarra provides actuals
2025-06-30,2025,7.0,Giumarra,VIDEXPORT,Grape,ARRA 30,WHITE SEEDLESS TYPE,P30,,,90.0,1890.0,,Invoice_Grape_Giumarra_1.xlsx [pre-loaded],Date estimated from Liq# until Giumarra provides actuals
2025-06-30,2025,7.0,Giumarra,VIDEXPORT,Grape,EARLY SWEET,WHITE SEEDLESS TYPE,P30,,,180.0,180.0,,Invoice_Grape_Giumarra_1.xlsx [pre-loaded],Date estimated from Liq# until Giumarra provides actuals
2025-06-30,2025,7.0,Giumarra,VIDEXPORT,Grape,ARRA 30,WHITE SEEDLESS TYPE,P30,,,1080.0,26010.0,,Invoice_Grape_Giumarra_1.xlsx [pre-loaded],Date estimated from Liq# until Giumarra provides actuals
2025-06-30,2025,7.0,Giumarra,VIDEXPORT,Grape,ARRA 30,WHITE SEEDLESS TYPE,P50,,,450.0,0.0,,Invoice_Grape_Giumarra_1.xlsx [pre-loaded],Date estimated from Liq# until Giumarra provides actuals
2025-06-30,2025,7.0,Giumarra,VIDEXPORT,Grape,EARLY SWEET,WHITE SEEDLESS TYPE,P30,,,90.0,90.0,,Invoice_Grape_Giumarra_1.xlsx [pre-loaded],Date estimated from Liq# until Giumarra provides actuals
2025-06-30,2025,7.0,Giumarra,VIDEXPORT,Grape,ARRA 30,WHITE SEEDLESS TYPE,P30,,,1710.0,8896.5,,Invoice_Grape_Giumarra_1.xlsx [pre-loaded],Date estimated from Liq# until Giumarra provides actuals
2025-06-30,2025,7.0,Giumarra,VIDEXPORT,Grape,ARRA 33,WHITE SEEDLESS TYPE,P10,,,1710.0,42552.73,,Invoice_Grape_Giumarra_1.xlsx [pre-loaded],Date estimated from Liq# until Giumarra provides actuals
2025-06-30,2025,7.0,Giumarra,VIDEXPORT,Grape,ARRA 30,WHITE SEEDLESS TYPE,P30,,,1710.0,47353.5,,Invoice_Grape_Giumarra_1.xlsx [pre-loaded],Date estimated from Liq# until Giumarra provides actuals
2025-06-30,2025,7.0,Giumarra,VIDEXPORT,Grape,ARRA 30,WHITE SEEDLESS TYPE,P30,,,1620.0,45360.0,,Invoice_Grape_Giumarra_1.xlsx [pre-loaded],Date estimated from Liq# until Giumarra provides actuals
2025-06-30,2025,7.0,Giumarra,VIDEXPORT,Grape,ARRA 83,WHITE SEEDLESS TYPE,P30,,,450.0,11724.0,,Invoice_Grape_Giumarra_1.xlsx [pre-loaded],Date estimated from Liq# until Giumarra provides actuals
2025-06-30,2025,7.0,Giumarra,VIDEXPORT,Grape,ARRA 33,WHITE SEEDLESS TYPE,P10,,,180.0,4968.0,,Invoice_Grape_Giumarra_1.xlsx [pre-loaded],Date estimated from Liq# until Giumarra provides actuals
2025-06-30,2025,7.0,Giumarra,VIDEXPORT,Grape,ARRA 33,WHITE SEEDLESS TYPE,P30,,,360.0,8614.8,,Invoice_Grape_Giumarra_1.xlsx [pre-loaded],Date estimated from Liq# until Giumarra provides actuals
2025-06-30,2025,7.0,Giumarra,VIDEXPORT,Grape,ARRA 30,WHITE SEEDLESS TYPE,P30,,,360.0,11160.0,,Invoice_Grape_Giumarra_1.xlsx [pre-loaded],Date estimated from Liq# until Giumarra provides actuals
2025-06-30,2025,7.0,Giumarra,VIDEXPORT,Grape,ARRA 30,WHITE SEEDLESS TYPE,P50,,,450.0,0.0,,Invoice_Grape_Giumarra_1.xlsx [pre-loaded],Date estimated from Liq# until Giumarra provides actuals
2025-06-30,2025,7.0,Giumarra,VIDEXPORT,Grape,ARRA 30,WHITE SEEDLESS TYPE,P30,,,2070.0,20983.5,,Invoice_Grape_Giumarra_1.xlsx [pre-loaded],Date estimated from Liq# until Giumarra provides actuals
2025-06-30,2025,7.0,Giumarra,VIDEXPORT,Grape,ARRA 30,WHITE SEEDLESS TYPE,P30,,,2520.0,21546.0,,Invoice_Grape_Giumarra_1.xlsx [pre-loaded],Date estimated from Liq# until Giumarra provides actuals
2025-06-30,2025,7.0,Giumarra,VIDEXPORT,Grape,ARRA 30,WHITE SEEDLESS TYPE,P30,,,2070.0,63675.0,,Invoice_Grape_Giumarra_1.xlsx [pre-loaded],Date estimated from Liq# until Giumarra provides actuals
2025-06-30,2025,7.0,Giumarra,VIDEXPORT,Grape,ARRA 30,WHITE SEEDLESS TYPE,P50,,,270.0,0.0,,Invoice_Grape_Giumarra_1.xlsx [pre-loaded],Date estimated from Liq# until Giumarra provides actuals
2025-06-30,2025,7.0,Giumarra,VIDEXPORT,Grape,ARRA 30,WHITE SEEDLESS TYPE,P30,,,1620.0,17091.0,,Invoice_Grape_Giumarra_1.xlsx [pre-loaded],Date estimated from Liq# until Giumarra provides actuals
2025-06-30,2025,7.0,Giumarra,VIDEXPORT,Grape,ARRA 30,WHITE SEEDLESS TYPE,P50,,,180.0,0.0,,Invoice_Grape_Giumarra_1.xlsx [pre-loaded],Date estimated from Liq# until Giumarra provides actuals
2025-06-30,2025,7.0,Giumarra,VIDEXPORT,Grape,EARLY SWEET,WHITE SEEDLESS TYPE,P30,,,720.0,11430.0,,Invoice_Grape_Giumarra_1.xlsx [pre-loaded],Date estimated from Liq# until Giumarra provides actuals
2025-06-30,2025,7.0,Giumarra,VIDEXPORT,Grape,ARRA 30,WHITE SEEDLESS TYPE,P30,,,1620.0,15615.0,,Invoice_Grape_Giumarra_1.xlsx [pre-loaded],Date estimated from Liq# until Giumarra provides actuals
2025-06-30,2025,7.0,Giumarra,VIDEXPORT,Grape,ARRA 30,WHITE SEEDLESS TYPE,P30,,,2340.0,34826.35,,Invoice_Grape_Giumarra_1.xlsx [pre-loaded],Date estimated from Liq# until Giumarra provides actuals
2025-06-30,2025,7.0,Giumarra,VIDEXPORT,Grape,ARRA 30,WHITE SEEDLESS TYPE,P30,,,1800.0,21258.0,,Invoice_Grape_Giumarra_1.xlsx [pre-loaded],Date estimated from Liq# until Giumarra provides actuals
2025-06-30,2025,7.0,Giumarra,VIDEXPORT,Grape,ARRA 30,WHITE SEEDLESS TYPE,P30,,,810.0,25830.0,,Invoice_Grape_Giumarra_1.xlsx [pre-loaded],Date estimated from Liq# until Giumarra provides actuals
2025-06-30,2025,7.0,Giumarra,VIDEXPORT,Grape,ARRA 30,WHITE SEEDLESS TYPE,P30,,,990.0,26190.0,,Invoice_Grape_Giumarra_1.xlsx [pre-loaded],Date estimated from Liq# until Giumarra provides actuals
2025-06-30,2025,7.0,Giumarra,VIDEXPORT,Grape,ARRA 30,WHITE SEEDLESS TYPE,P30,,,180.0,9.0,,Invoice_Grape_Giumarra_1.xlsx [pre-loaded],Date estimated from Liq# until Giumarra provides actuals
2025-06-30,2025,7.0,Giumarra,VIDEXPORT,Grape,ARRA 30,WHITE SEEDLESS TYPE,P30,,,1980.0,62685.0,,Invoice_Grape_Giumarra_1.xlsx [pre-loaded],Date estimated from Liq# until Giumarra provides actuals
2025-06-30,2025,7.0,Giumarra,VIDEXPORT,Grape,ARRA 30,WHITE SEEDLESS TYPE,P30,,,1980.0,34560.0,,Invoice_Grape_Giumarra_1.xlsx [pre-loaded],Date estimated from Liq# until Giumarra provides actuals
2025-06-30,2025,7.0,Giumarra,VIDEXPORT,Grape,ARRA 30,WHITE SEEDLESS TYPE,P30,,,270.0,6030.0,,Invoice_Grape_Giumarra_1.xlsx [pre-loaded],Date estimated from Liq# until Giumarra provides actuals
2025-06-30,2025,7.0,Giumarra,VIDEXPORT,Grape,ARRA 30,WHITE SEEDLESS TYPE,P50,,,90.0,9.0,,Invoice_Grape_Giumarra_1.xlsx [pre-loaded],Date estimated from Liq# until Giumarra provides actuals
2025-06-30,2025,7.0,Giumarra,VIDEXPORT,Grape,ARRA 30,WHITE SEEDLESS TYPE,P30,,,900.0,17640.0,,Invoice_Grape_Giumarra_1.xlsx [pre-loaded],Date estimated from Liq# until Giumarra provides actuals
2025-06-30,2025,7.0,Giumarra,VIDEXPORT,Grape,ARRA 30,WHITE SEEDLESS TYPE,P30,,,630.0,6930.0,,Invoice_Grape_Giumarra_1.xlsx [pre-loaded],Date estimated from Liq# until Giumarra provides actuals
2025-06-30,2025,7.0,Giumarra,VIDEXPORT,Grape,ARRA 29,WHITE SEEDLESS TYPE,P30,,,1260.0,33705.0,,Invoice_Grape_Giumarra_1.xlsx [pre-loaded],Date estimated from Liq# until Giumarra provides actuals
2025-06-30,2025,7.0,Giumarra,VIDEXPORT,Grape,ARRA 29,WHITE SEEDLESS TYPE,P30,,,450.0,8800.4,,Invoice_Grape_Giumarra_1.xlsx [pre-loaded],Date estimated from Liq# until Giumarra provides actuals
2025-06-30,2025,7.0,Giumarra,VIDEXPORT,Grape,ARRA 30,WHITE SEEDLESS TYPE,P30,,,1620.0,43470.0,,Invoice_Grape_Giumarra_1.xlsx [pre-loaded],Date estimated from Liq# until Giumarra provides actuals
2025-06-30,2025,7.0,Giumarra,VIDEXPORT,Grape,ARRA 30,WHITE SEEDLESS TYPE,P30,,,1260.0,26460.0,,Invoice_Grape_Giumarra_1.xlsx [pre-loaded],Date estimated from Liq# until Giumarra provides actuals
2025-06-30,2025,7.0,Giumarra,VIDEXPORT,Grape,EARLY SWEET,WHITE SEEDLESS TYPE,P30,,,270.0,270.0,,Invoice_Grape_Giumarra_1.xlsx [pre-loaded],Date estimated from Liq# until Giumarra provides actuals
2025-06-30,2025,7.0,Giumarra,VIDEXPORT,Grape,ARRA 29,WHITE SEEDLESS TYPE,P30,,,2160.0,40905.0,,Invoice_Grape_Giumarra_1.xlsx [pre-loaded],Date estimated from Liq# until Giumarra provides actuals
2025-06-30,2025,7.0,Giumarra,VIDEXPORT,Grape,ARRA 29,WHITE SEEDLESS TYPE,P30,,,2160.0,33803.45,,Invoice_Grape_Giumarra_1.xlsx [pre-loaded],Date estimated from Liq# until Giumarra provides actuals
2025-06-30,2025,7.0,Giumarra,VIDEXPORT,Grape,ARRA 30,WHITE SEEDLESS TYPE,P30,,,540.0,11340.0,,Invoice_Grape_Giumarra_1.xlsx [pre-loaded],Date estimated from Liq# until Giumarra provides actuals
2025-06-30,2025,7.0,Giumarra,VIDEXPORT,Grape,ARRA 29,WHITE SEEDLESS TYPE,P30,,,1260.0,29790.0,,Invoice_Grape_Giumarra_1.xlsx [pre-loaded],Date estimated from Liq# until Giumarra provides actuals
2025-06-30,2025,7.0,Giumarra,VIDEXPORT,Grape,ARRA 29,WHITE SEEDLESS TYPE,P30,,,630.0,7861.5,,Invoice_Grape_Giumarra_1.xlsx [pre-loaded],Date estimated from Liq# until Giumarra provides actuals
2025-06-30,2025,7.0,Giumarra,VIDEXPORT,Grape,ARRA 29,WHITE SEEDLESS TYPE,P30,,,270.0,6682.5,,Invoice_Grape_Giumarra_1.xlsx [pre-loaded],Date estimated from Liq# until Giumarra provides actuals
2025-06-30,2025,7.0,Giumarra,VIDEXPORT,Grape,ARRA 29,WHITE SEEDLESS TYPE,P30,,,1800.0,43411.5,,Invoice_Grape_Giumarra_1.xlsx [pre-loaded],Date estimated from Liq# until Giumarra provides actuals
2025-06-30,2025,7.0,Giumarra,VIDEXPORT,Grape,ARRA 29,WHITE SEEDLESS TYPE,P30,,,2160.0,43299.0,,Invoice_Grape_Giumarra_1.xlsx [pre-loaded],Date estimated from Liq# until Giumarra provides actuals
,2024,,Giumarra,,Grape,PASSION FIRE,BLACK SEEDLESS,,B,BAG,990.0,17968.5,,Invoice_Grape_Giumarra_1.xlsx [pre-loaded],2024 season - no dates available
,2024,,Giumarra,,Grape,PASSION FIRE,BLACK SEEDLESS,,B,BAG,360.0,5777.9999999999,,Invoice_Grape_Giumarra_1.xlsx [pre-loaded],2024 season - no dates available
,2024,,Giumarra,,Grape,PASSION FIRE,BLACK SEEDLESS,,B,BAG,1975.0,31698.75,,Invoice_Grape_Giumarra_1.xlsx [pre-loaded],2024 season - no dates available
,2024,,Giumarra,,Grape,PASSION FIRE,BLACK SEEDLESS,,B,BAG,1620.0,26001.0,,Invoice_Grape_Giumarra_1.xlsx [pre-loaded],2024 season - no dates available
,2024,,Giumarra,,Grape,PASSION FIRE,BLACK SEEDLESS,,B,BAG,180.0,3780.0,,Invoice_Grape_Giumarra_1.xlsx [pre-loaded],2024 season - no dates available
,2024,,Giumarra,,Grape,PASSION FIRE,BLACK SEEDLESS,,B,BAG,1980.0,41085.0,,Invoice_Grape_Giumarra_1.xlsx [pre-loaded],2024 season - no dates available
,2024,,Giumarra,,Grape,PASSION FIRE,BLACK SEEDLESS,,B,BAG,90.0,1890.0,,Invoice_Grape_Giumarra_1.xlsx [pre-loaded],2024 season - no dates available
,2024,,Giumarra,,Grape,PASSION FIRE,BLACK SEEDLESS,,B,BAG,630.0,13230.0,,Invoice_Grape_Giumarra_1.xlsx [pre-loaded],2024 season - no dates available
,2024,,Giumarra,,Grape,PASSION FIRE,BLACK SEEDLESS,,B,BAG,630.0,13230.0,,Invoice_Grape_Giumarra_1.xlsx [pre-loaded],2024 season - no dates available
,2024,,Giumarra,,Grape,PASSION FIRE,BLACK SEEDLESS,,B,BAG,1710.0,32490.0,,Invoice_Grape_Giumarra_1.xlsx [pre-loaded],2024 season - no dates available
,2024,,Giumarra,,Grape,PASSION FIRE,BLACK SEEDLESS,,B,BAG,90.0,1890.0,,Invoice_Grape_Giumarra_1.xlsx [pre-loaded],2024 season - no dates available
,2024,,Giumarra,,Grape,PASSION FIRE,BLACK SEEDLESS,,B,BAG,1350.0,28350.0,,Invoice_Grape_Giumarra_1.xlsx [pre-loaded],2024 season - no dates available
,2024,,Giumarra,,Grape,PASSION FIRE,BLACK SEEDLESS,,B,BAG,450.0,9449.9999999999,,Invoice_Grape_Giumarra_1.xlsx [pre-loaded],2024 season - no dates available
,2024,,Giumarra,,Grape,PASSION FIRE,BLACK SEEDLESS,,B,BAG,270.0,5669.9999999999,,Invoice_Grape_Giumarra_1.xlsx [pre-loaded],2024 season - no dates available
,2024,,Giumarra,,Grape,PASSION FIRE,BLACK SEEDLESS,,B,BAG,765.0,12239.9999999999,,Invoice_Grape_Giumarra_1.xlsx [pre-loaded],2024 season - no dates available
,2024,,Giumarra,,Grape,PASSION FIRE,BLACK SEEDLESS,,B,BAG,990.0,20790.0,,Invoice_Grape_Giumarra_1.xlsx [pre-loaded],2024 season - no dates available
,2024,,Giumarra,,Grape,PASSION FIRE,BLACK SEEDLESS,,B,BAG,720.0,15120.0,,Invoice_Grape_Giumarra_1.xlsx [pre-loaded],2024 season - no dates available
,2024,,Giumarra,,Grape,SUGAR DROP,WHITE SEEDLESS TYPE,,B,BAG,990.0,18087.3,,Invoice_Grape_Giumarra_1.xlsx [pre-loaded],2024 season - no dates available
,2024,,Giumarra,,Grape,SUGAR DROP,WHITE SEEDLESS TYPE,,B,CLAM,300.0,7200.0,,Invoice_Grape_Giumarra_1.xlsx [pre-loaded],2024 season - no dates available
,2024,,Giumarra,,Grape,SUGAR DROP,WHITE SEEDLESS TYPE,,B,CLAM,150.0,3000.0,,Invoice_Grape_Giumarra_1.xlsx [pre-loaded],2024 season - no dates available
,2024,,Giumarra,,Grape,SUGAR DROP,WHITE SEEDLESS TYPE,,B,CLAM,1200.0,27420.0,,Invoice_Grape_Giumarra_1.xlsx [pre-loaded],2024 season - no dates available
,2024,,Giumarra,,Grape,SUGAR DROP,WHITE SEEDLESS TYPE,,B,CLAM,75.0,1500.0,,Invoice_Grape_Giumarra_1.xlsx [pre-loaded],2024 season - no dates available
,2024,,Giumarra,,Grape,HONEY POP,WHITE SEEDLESS TYPE,,B,BAG,540.0,7641.0,,Invoice_Grape_Giumarra_1.xlsx [pre-loaded],2024 season - no dates available
,2024,,Giumarra,,Grape,HONEY POP,WHITE SEEDLESS TYPE,,B,BAG,180.0,2997.0,,Invoice_Grape_Giumarra_1.xlsx [pre-loaded],2024 season - no dates available
,2024,,Giumarra,,Grape,EARLY SWEET,WHITE SEEDLESS TYPE,,B,BAG,990.0,18810.0,,Invoice_Grape_Giumarra_1.xlsx [pre-loaded],2024 season - no dates available
,2024,,Giumarra,,Grape,EARLY SWEET,WHITE SEEDLESS TYPE,,B,BAG,89.9999999999,1890.0,,Invoice_Grape_Giumarra_1.xlsx [pre-loaded],2024 season - no dates available
,2024,,Giumarra,,Grape,EARLY SWEET,WHITE SEEDLESS TYPE,,B,BAG,450.0,8550.0,,Invoice_Grape_Giumarra_1.xlsx [pre-loaded],2024 season - no dates available
,2024,,Giumarra,,Grape,EARLY SWEET,WHITE SEEDLESS TYPE,,B,BAG,720.0,15120.0,,Invoice_Grape_Giumarra_1.xlsx [pre-loaded],2024 season - no dates available
,2024,,Giumarra,,Grape,EARLY SWEET,WHITE SEEDLESS TYPE,,B,BAG,450.0,9450.0,,Invoice_Grape_Giumarra_1.xlsx [pre-loaded],2024 season - no dates available
,2024,,Giumarra,,Grape,EARLY SWEET,WHITE SEEDLESS TYPE,,B,BAG,540.0,11340.0,,Invoice_Grape_Giumarra_1.xlsx [pre-loaded],2024 season - no dates available
,2024,,Giumarra,,Grape,EARLY SWEET,WHITE SEEDLESS TYPE,,B,BAG,720.0,11520.0,,Invoice_Grape_Giumarra_1.xlsx [pre-loaded],2024 season - no dates available
,2024,,Giumarra,,Grape,EARLY SWEET,WHITE SEEDLESS TYPE,,B,BAG,935.0,15894.9999999999,,Invoice_Grape_Giumarra_1.xlsx [pre-loaded],2024 season - no dates available
,2024,,Giumarra,,Grape,EARLY SWEET,WHITE SEEDLESS TYPE,,B,BAG,1055.0,17935.0,,Invoice_Grape_Giumarra_1.xlsx [pre-loaded],2024 season - no dates available
,2024,,Giumarra,,Grape,FLAME,FLAME SEEDLESS,,B,BAG,990.0,12919.5,,Invoice_Grape_Giumarra_1.xlsx [pre-loaded],2024 season - no dates available
,2024,,Giumarra,,Grape,FLAME,FLAME SEEDLESS,,B,BAG,90.0,1183.5,,Invoice_Grape_Giumarra_1.xlsx [pre-loaded],2024 season - no dates available
,2024,,Giumarra,,Grape,FLAME,FLAME SEEDLESS,,B,BAG,90.0,1183.5,,Invoice_Grape_Giumarra_1.xlsx [pre-loaded],2024 season - no dates available
,2024,,Giumarra,,Grape,FLAME,FLAME SEEDLESS,,B,BAG,180.0,2367.0,,Invoice_Grape_Giumarra_1.xlsx [pre-loaded],2024 season - no dates available
,2024,,Giumarra,,Grape,FLAME,FLAME SEEDLESS,,B,BAG,180.0,2367.0,,Invoice_Grape_Giumarra_1.xlsx [pre-loaded],2024 season - no dates available
,2024,,Giumarra,,Grape,FLAME,FLAME SEEDLESS,,B,BAG,90.0,1804.5,,Invoice_Grape_Giumarra_1.xlsx [pre-loaded],2024 season - no dates available
,2024,,Giumarra,,Grape,FLAME,FLAME SEEDLESS,,B,BAG,990.0,18087.3,,Invoice_Grape_Giumarra_1.xlsx [pre-loaded],2024 season - no dates available
,2024,,Giumarra,,Grape,FLAME,FLAME SEEDLESS,,B,BAG,180.0,3609.0,,Invoice_Grape_Giumarra_1.xlsx [pre-loaded],2024 season - no dates available
,2024,,Giumarra,,Grape,FLAME,FLAME SEEDLESS,,B,BAG,175.0,3508.75,,Invoice_Grape_Giumarra_1.xlsx [pre-loaded],2024 season - no dates available
,2024,,Giumarra,,Grape,FLAME,FLAME SEEDLESS,,B,CLAM,150.0,3600.0,,Invoice_Grape_Giumarra_1.xlsx [pre-loaded],2024 season - no dates available
,2024,,Giumarra,,Grape,FLAME,FLAME SEEDLESS,,B,CLAM,75.0,1500.0,,Invoice_Grape_Giumarra_1.xlsx [pre-loaded],2024 season - no dates available
,2024,,Giumarra,,Grape,FLAME,FLAME SEEDLESS,,B,BAG,1075.0,21553.75,,Invoice_Grape_Giumarra_1.xlsx [pre-loaded],2024 season - no dates available
,2024,,Giumarra,,Grape,FLAME,FLAME SEEDLESS,,B,BAG,450.0,9022.5,,Invoice_Grape_Giumarra_1.xlsx [pre-loaded],2024 season - no dates available
,2024,,Giumarra,,Grape,FLAME,FLAME SEEDLESS,,B,BAG,360.0,7560.0,,Invoice_Grape_Giumarra_1.xlsx [pre-loaded],2024 season - no dates available
,2024,,Giumarra,,Grape,FLAME,FLAME SEEDLESS,,B,BAG,425.0,8521.25,,Invoice_Grape_Giumarra_1.xlsx [pre-loaded],2024 season - no dates available
,2024,,Giumarra,,Grape,FLAME,FLAME SEEDLESS,,B,BAG,450.0,9022.5,,Invoice_Grape_Giumarra_1.xlsx [pre-loaded],2024 season - no dates available
,2024,,Giumarra,,Grape,FLAME,FLAME SEEDLESS,,B,BAG,270.0,5669.9999999999,,Invoice_Grape_Giumarra_1.xlsx [pre-loaded],2024 season - no dates available
,2024,,Giumarra,,Grape,FLAME,FLAME SEEDLESS,,B,BAG,85.0,1785.0,,Invoice_Grape_Giumarra_1.xlsx [pre-loaded],2024 season - no dates available
,2024,,Giumarra,,Grape,FLAME,FLAME SEEDLESS,,B,BAG,1800.0,37800.0,,Invoice_Grape_Giumarra_1.xlsx [pre-loaded],2024 season - no dates available
,2024,,Giumarra,,Grape,FLAME,FLAME SEEDLESS,,B,BAG,90.0,1890.0,,Invoice_Grape_Giumarra_1.xlsx [pre-loaded],2024 season - no dates available
,2024,,Giumarra,,Grape,SUGAR DROP,WHITE SEEDLESS TYPE,,B,BAG,720.0,12283.2,,Invoice_Grape_Giumarra_1.xlsx [pre-loaded],2024 season - no dates available
,2024,,Giumarra,,Grape,SUGAR DROP,WHITE SEEDLESS TYPE,,B,BAG,270.0,4606.2,,Invoice_Grape_Giumarra_1.xlsx [pre-loaded],2024 season - no dates available
,2024,,Giumarra,,Grape,SUGAR DROP,WHITE SEEDLESS TYPE,,B,BAG,990.0,16909.2,,Invoice_Grape_Giumarra_1.xlsx [pre-loaded],2024 season - no dates available
,2024,,Giumarra,,Grape,SUGAR DROP,WHITE SEEDLESS TYPE,,A,BAG,270.0,3523.5,,Invoice_Grape_Giumarra_1.xlsx [pre-loaded],2024 season - no dates available
,2024,,Giumarra,,Grape,SUGAR DROP,WHITE SEEDLESS TYPE,,B,BAG,90.0,1800.0,,Invoice_Grape_Giumarra_1.xlsx [pre-loaded],2024 season - no dates available
,2024,,Giumarra,,Grape,SUGAR DROP,WHITE SEEDLESS TYPE,,B,BAG,1080.0,20520.0,,Invoice_Grape_Giumarra_1.xlsx [pre-loaded],2024 season - no dates available
,2024,,Giumarra,,Grape,SUGAR DROP,WHITE SEEDLESS TYPE,,B,BAG,865.0,17300.0,,Invoice_Grape_Giumarra_1.xlsx [pre-loaded],2024 season - no dates available
,2024,,Giumarra,,Grape,SUGAR DROP,WHITE SEEDLESS TYPE,,B,BAG,1980.0,33660.0,,Invoice_Grape_Giumarra_1.xlsx [pre-loaded],2024 season - no dates available
,2024,,Giumarra,,Grape,SUGAR DROP,WHITE SEEDLESS TYPE,,B,BAG,900.0,16200.0,,Invoice_Grape_Giumarra_1.xlsx [pre-loaded],2024 season - no dates available
,2024,,Giumarra,,Grape,HONEY POP,WHITE SEEDLESS TYPE,,B,BAG,1979.9999999999,52965.0,,Invoice_Grape_Giumarra_1.xlsx [pre-loaded],2024 season - no dates available
,2024,,Giumarra,,Grape,HONEY POP,WHITE SEEDLESS TYPE,,B,BAG,450.0,8999.9999999999,,Invoice_Grape_Giumarra_1.xlsx [pre-loaded],2024 season - no dates available
,2024,,Giumarra,,Grape,HONEY POP,WHITE SEEDLESS TYPE,,B,BAG,1170.0,23400.0,,Invoice_Grape_Giumarra_1.xlsx [pre-loaded],2024 season - no dates available
,2024,,Giumarra,,Grape,HONEY POP,WHITE SEEDLESS TYPE,,B,BAG,540.0,10800.0,,Invoice_Grape_Giumarra_1.xlsx [pre-loaded],2024 season - no dates available
,2024,,Giumarra,,Grape,HONEY POP,WHITE SEEDLESS TYPE,,B,BAG,90.0,1800.0,,Invoice_Grape_Giumarra_1.xlsx [pre-loaded],2024 season - no dates available
,2024,,Giumarra,,Grape,HONEY POP,WHITE SEEDLESS TYPE,,B,BAG,88.0,1720.4,,Invoice_Grape_Giumarra_1.xlsx [pre-loaded],2024 season - no dates available
,2024,,Giumarra,,Grape,HONEY POP,WHITE SEEDLESS TYPE,,B,BAG,270.0,5278.5,,Invoice_Grape_Giumarra_1.xlsx [pre-loaded],2024 season - no dates available
,2024,,Giumarra,,Grape,HONEY POP,WHITE SEEDLESS TYPE,,B,BAG,720.0,14436.0,,Invoice_Grape_Giumarra_1.xlsx [pre-loaded],2024 season - no dates available
,2024,,Giumarra,,Grape,HONEY POP,WHITE SEEDLESS TYPE,,B,BAG,1260.0,25262.9999999999,,Invoice_Grape_Giumarra_1.xlsx [pre-loaded],2024 season - no dates available
,2024,,Giumarra,,Grape,HONEY POP,WHITE SEEDLESS TYPE,,B,BAG,180.0,4095.0,,Invoice_Grape_Giumarra_1.xlsx [pre-loaded],2024 season - no dates available
,2024,,Giumarra,,Grape,HONEY POP,WHITE SEEDLESS TYPE,,B,BAG,270.0,5399.9999999999,,Invoice_Grape_Giumarra_1.xlsx [pre-loaded],2024 season - no dates available
,2024,,Giumarra,,Grape,HONEY POP,WHITE SEEDLESS TYPE,,B,BAG,720.0,14400.0,,Invoice_Grape_Giumarra_1.xlsx [pre-loaded],2024 season - no dates available
,2024,,Giumarra,,Grape,HONEY POP,WHITE SEEDLESS TYPE,,B,BAG,90.0,2070.0,,Invoice_Grape_Giumarra_1.xlsx [pre-loaded],2024 season - no dates available
,2024,,Giumarra,,Grape,EARLY SWEET,WHITE SEEDLESS TYPE,,B,BAG,90.0,2047.5,,Invoice_Grape_Giumarra_1.xlsx [pre-loaded],2024 season - no dates available
,2024,,Giumarra,,Grape,EARLY SWEET,WHITE SEEDLESS TYPE,,B,BAG,630.0,18270.0,,Invoice_Grape_Giumarra_1.xlsx [pre-loaded],2024 season - no dates available
,2024,,Giumarra,,Grape,EARLY SWEET,WHITE SEEDLESS TYPE,,B,BAG,1350.0,30712.5,,Invoice_Grape_Giumarra_1.xlsx [pre-loaded],2024 season - no dates available
,2024,,Giumarra,,Grape,EARLY SWEET,WHITE SEEDLESS TYPE,,B,CLAM,80.0,1844.0,,Invoice_Grape_Giumarra_1.xlsx [pre-loaded],2024 season - no dates available
,2024,,Giumarra,,Grape,EARLY SWEET,WHITE SEEDLESS TYPE,,B,CLAM,80.0,1680.0,,Invoice_Grape_Giumarra_1.xlsx [pre-loaded],2024 season - no dates available
,2024,,Giumarra,,Grape,EARLY SWEET,WHITE SEEDLESS TYPE,,B,CLAM,160.0,3360.0,,Invoice_Grape_Giumarra_1.xlsx [pre-loaded],2024 season - no dates available
,2024,,Giumarra,,Grape,EARLY SWEET,WHITE SEEDLESS TYPE,,B,CLAM,720.0,16560.0,,Invoice_Grape_Giumarra_1.xlsx [pre-loaded],2024 season - no dates available
,2024,,Giumarra,,Grape,ARRA_83,WHITE SEEDLESS TYPE,,B,BAG,20.0,380.0,,Invoice_Grape_Giumarra_1.xlsx [pre-loaded],2024 season - no dates available
,2024,,Giumarra,,Grape,ARRA_83,WHITE SEEDLESS TYPE,,B,BAG,990.0,18562.5,,Invoice_Grape_Giumarra_1.xlsx [pre-loaded],2024 season - no dates available
,2024,,Giumarra,,Grape,FLAME,FLAME SEEDLESS,,B,BAG,720.0,16380.0,,Invoice_Grape_Giumarra_1.xlsx [pre-loaded],2024 season - no dates available
,2024,,Giumarra,,Grape,FLAME,FLAME SEEDLESS,,B,BAG,720.0,16380.0,,Invoice_Grape_Giumarra_1.xlsx [pre-loaded],2024 season - no dates available
,2024,,Giumarra,,Grape,FLAME,FLAME SEEDLESS,,B,BAG,990.0,21780.0,,Invoice_Grape_Giumarra_1.xlsx [pre-loaded],2024 season - no dates available
,2024,,Giumarra,,Grape,FLAME,FLAME SEEDLESS,,B,BAG,90.0,1620.0,,Invoice_Grape_Giumarra_1.xlsx [pre-loaded],2024 season - no dates available
,2024,,Giumarra,,Grape,FLAME,FLAME SEEDLESS,,A,BAG,270.0,3523.5,,Invoice_Grape_Giumarra_1.xlsx [pre-loaded],2024 season - no dates available
,2024,,Giumarra,,Grape,FLAME,FLAME SEEDLESS,,B,BAG,90.0,1980.0,,Invoice_Grape_Giumarra_1.xlsx [pre-loaded],2024 season - no dates available
,2024,,Giumarra,,Grape,FLAME,FLAME SEEDLESS,,B,BAG,425.0,8075.0,,Invoice_Grape_Giumarra_1.xlsx [pre-loaded],2024 season - no dates available
,2024,,Giumarra,,Grape,FLAME,FLAME SEEDLESS,,B,BAG,900.0,19799.9999999998,,Invoice_Grape_Giumarra_1.xlsx [pre-loaded],2024 season - no dates available
,2024,,Giumarra,,Grape,FLAME,FLAME SEEDLESS,,B,BAG,630.0,11340.0,,Invoice_Grape_Giumarra_1.xlsx [pre-loaded],2024 season - no dates available
,2024,,Giumarra,,Grape,SUMMER ROYAL,BLACK SEEDLESS,,B,BAG,450.0,10237.5,,Invoice_Grape_Giumarra_1.xlsx [pre-loaded],2024 season - no dates available
,2024,,Giumarra,,Grape,SUMMER ROYAL,BLACK SEEDLESS,,B,BAG,90.0,2047.5,,Invoice_Grape_Giumarra_1.xlsx [pre-loaded],2024 season - no dates available
,2024,,Giumarra,,Grape,SUMMER ROYAL,BLACK SEEDLESS,,B,BAG,270.0,6142.5,,Invoice_Grape_Giumarra_1.xlsx [pre-loaded],2024 season - no dates available
,2024,,Giumarra,,Grape,SUMMER ROYAL,BLACK SEEDLESS,,B,BAG,270.0,6142.5,,Invoice_Grape_Giumarra_1.xlsx [pre-loaded],2024 season - no dates available
,2024,,Giumarra,,Grape,SUMMER ROYAL,BLACK SEEDLESS,,A,BAG,90.0,1174.5,,Invoice_Grape_Giumarra_1.xlsx [pre-loaded],2024 season - no dates available
,2024,,Giumarra,,Grape,SUMMER ROYAL,BLACK SEEDLESS,,B,BAG,630.0,11812.5,,Invoice_Grape_Giumarra_1.xlsx [pre-loaded],2024 season - no dates available
,2024,,Giumarra,,Grape,PASSION FIRE,BLACK SEEDLESS,,B,BAG,180.0,3060.0,,Invoice_Grape_Giumarra_1.xlsx [pre-loaded],2024 season - no dates available
,2024,,Giumarra,,Grape,SUGAR DROP,WHITE SEEDLESS TYPE,,A,BAG,180.0,3060.0,,Invoice_Grape_Giumarra_1.xlsx [pre-loaded],2024 season - no dates available
,2024,,Giumarra,,Grape,EARLY SWEET,WHITE SEEDLESS TYPE,,B,BAG,1770.0,30090.0,,Invoice_Grape_Giumarra_1.xlsx [pre-loaded],2024 season - no dates available
,2024,,Giumarra,,Grape,SUGAR DROP,WHITE SEEDLESS TYPE,,B,BAG,90.0,2070.0,,Invoice_Grape_Giumarra_1.xlsx [pre-loaded],2024 season - no dates available
,2024,,Giumarra,,Grape,SUGAR DROP,WHITE SEEDLESS TYPE,,B,BAG,180.0,4140.0,,Invoice_Grape_Giumarra_1.xlsx [pre-loaded],2024 season - no dates available
,2024,,Giumarra,,Grape,SUGAR DROP,WHITE SEEDLESS TYPE,,B,BAG,1979.9999999999,63459.0,,Invoice_Grape_Giumarra_1.xlsx [pre-loaded],2024 season - no dates available
,2024,,Giumarra,,Grape,SUGAR DROP,WHITE SEEDLESS TYPE,,B,BAG,989.9999999997999,19849.5,,Invoice_Grape_Giumarra_1.xlsx [pre-loaded],2024 season - no dates available
,2024,,Giumarra,,Grape,SUGAR DROP,WHITE SEEDLESS TYPE,,B,BAG,899.9999999999,18045.0,,Invoice_Grape_Giumarra_1.xlsx [pre-loaded],2024 season - no dates available
,2024,,Giumarra,,Grape,SUGAR DROP,WHITE SEEDLESS TYPE,,B,BAG,1170.0,23458.5,,Invoice_Grape_Giumarra_1.xlsx [pre-loaded],2024 season - no dates available
,2024,,Giumarra,,Grape,SUGAR DROP,WHITE SEEDLESS TYPE,,B,BAG,89.9999999999,1804.5,,Invoice_Grape_Giumarra_1.xlsx [pre-loaded],2024 season - no dates available
,2024,,Giumarra,,Grape,SUGAR DROP,WHITE SEEDLESS TYPE,,B,BAG,989.9999999999,19849.4999999999,,Invoice_Grape_Giumarra_1.xlsx [pre-loaded],2024 season - no dates available
,2024,,Giumarra,,Grape,SUGAR DROP,WHITE SEEDLESS TYPE,,B,BAG,1079.9999999999,21653.9999999999,,Invoice_Grape_Giumarra_1.xlsx [pre-loaded],2024 season - no dates available
,2024,,Giumarra,,Grape,SUGAR DROP,WHITE SEEDLESS TYPE,,B,BAG,990.0,19849.5,,Invoice_Grape_Giumarra_1.xlsx [pre-loaded],2024 season - no dates available
,2024,,Giumarra,,Grape,SUGAR DROP,WHITE SEEDLESS TYPE,,B,BAG,90.0,1804.5,,Invoice_Grape_Giumarra_1.xlsx [pre-loaded],2024 season - no dates available
,2024,,Giumarra,,Grape,SUGAR DROP,WHITE SEEDLESS TYPE,,B,BAG,90.0,2070.0,,Invoice_Grape_Giumarra_1.xlsx [pre-loaded],2024 season - no dates available
,2024,,Giumarra,,Grape,SUGAR DROP,WHITE SEEDLESS TYPE,,B,BAG,1889.9999999999,37894.5,,Invoice_Grape_Giumarra_1.xlsx [pre-loaded],2024 season - no dates available
,2024,,Giumarra,,Grape,SUGAR DROP,WHITE SEEDLESS TYPE,,B,BAG,1260.0,28980.0,,Invoice_Grape_Giumarra_1.xlsx [pre-loaded],2024 season - no dates available
,2024,,Giumarra,,Grape,SUGAR DROP,WHITE SEEDLESS TYPE,,B,BAG,630.0,10710.0,,Invoice_Grape_Giumarra_1.xlsx [pre-loaded],2024 season - no dates available
,2024,,Giumarra,,Grape,SUGAR DROP,WHITE SEEDLESS TYPE,,A,BAG,90.0,1530.0,,Invoice_Grape_Giumarra_1.xlsx [pre-loaded],2024 season - no dates available
,2024,,Giumarra,,Grape,SUGAR DROP,WHITE SEEDLESS TYPE,,B,BAG,1350.0,22950.0,,Invoice_Grape_Giumarra_1.xlsx [pre-loaded],2024 season - no dates available
,2024,,Giumarra,,Grape,SUGAR DROP,WHITE SEEDLESS TYPE,,B,BAG,990.0,22770.0,,Invoice_Grape_Giumarra_1.xlsx [pre-loaded],2024 season - no dates available
,2024,,Giumarra,,Grape,SUGAR DROP,WHITE SEEDLESS TYPE,,B,BAG,1.0,17.0,,Invoice_Grape_Giumarra_1.xlsx [pre-loaded],2024 season - no dates available
,2024,,Giumarra,,Grape,SUGAR DROP,WHITE SEEDLESS TYPE,,B,BAG,1980.0,35145.0,,Invoice_Grape_Giumarra_1.xlsx [pre-loaded],2024 season - no dates available
,2024,,Giumarra,,Grape,HONEY POP,WHITE SEEDLESS TYPE,,B,BAG,360.0,8254.8,,Invoice_Grape_Giumarra_1.xlsx [pre-loaded],2024 season - no dates available
,2024,,Giumarra,,Grape,HONEY POP,WHITE SEEDLESS TYPE,,B,BAG,1980.0,45540.0,,Invoice_Grape_Giumarra_1.xlsx [pre-loaded],2024 season - no dates available
,2024,,Giumarra,,Grape,HONEY POP,WHITE SEEDLESS TYPE,,B,BAG,540.0,12382.2,,Invoice_Grape_Giumarra_1.xlsx [pre-loaded],2024 season - no dates available
,2024,,Giumarra,,Grape,HONEY POP,WHITE SEEDLESS TYPE,,B,BAG,810.0,18468.0,,Invoice_Grape_Giumarra_1.xlsx [pre-loaded],2024 season - no dates available
,2024,,Giumarra,,Grape,HONEY POP,WHITE SEEDLESS TYPE,,B,BAG,990.0,22770.0,,Invoice_Grape_Giumarra_1.xlsx [pre-loaded],2024 season - no dates available
,2024,,Giumarra,,Grape,EARLY SWEET,WHITE SEEDLESS TYPE,,B,BAG,540.0,11340.0,,Invoice_Grape_Giumarra_1.xlsx [pre-loaded],2024 season - no dates available
,2024,,Giumarra,,Grape,EARLY SWEET,WHITE SEEDLESS TYPE,,B,CLAM,240.0,7440.0,,Invoice_Grape_Giumarra_1.xlsx [pre-loaded],2024 season - no dates available
,2024,,Giumarra,,Grape,EARLY SWEET,WHITE SEEDLESS TYPE,,B,CLAM,240.0,7440.0,,Invoice_Grape_Giumarra_1.xlsx [pre-loaded],2024 season - no dates available
,2024,,Giumarra,,Grape,EARLY SWEET,WHITE SEEDLESS TYPE,,B,BAG,450.0,9449.9999999999,,Invoice_Grape_Giumarra_1.xlsx [pre-loaded],2024 season - no dates available
,2024,,Giumarra,,Grape,EARLY SWEET,WHITE SEEDLESS TYPE,,B,BAG,1800.0,33516.0,,Invoice_Grape_Giumarra_1.xlsx [pre-loaded],2024 season - no dates available
,2024,,Giumarra,,Grape,EARLY SWEET,WHITE SEEDLESS TYPE,,B,BAG,1440.0,33120.0,,Invoice_Grape_Giumarra_1.xlsx [pre-loaded],2024 season - no dates available
,2024,,Giumarra,,Grape,ARRA_83,WHITE SEEDLESS TYPE,,B,BAG,90.0,2243.7,,Invoice_Grape_Giumarra_1.xlsx [pre-loaded],2024 season - no dates available
,2024,,Giumarra,,Grape,ARRA_83,WHITE SEEDLESS TYPE,,B,BAG,360.0,8280.0,,Invoice_Grape_Giumarra_1.xlsx [pre-loaded],2024 season - no dates available
,2024,,Giumarra,,Grape,ARRA_83,WHITE SEEDLESS TYPE,,B,BAG,180.0,4431.6,,Invoice_Grape_Giumarra_1.xlsx [pre-loaded],2024 season - no dates available
,2024,,Giumarra,,Grape,FLAME,FLAME SEEDLESS,,B,BAG,180.0,4140.0,,Invoice_Grape_Giumarra_1.xlsx [pre-loaded],2024 season - no dates available
,2024,,Giumarra,,Grape,FLAME,FLAME SEEDLESS,,B,BAG,270.0,6191.1,,Invoice_Grape_Giumarra_1.xlsx [pre-loaded],2024 season - no dates available
,2024,,Giumarra,,Grape,FLAME,FLAME SEEDLESS,,B,BAG,630.0,14445.9,,Invoice_Grape_Giumarra_1.xlsx [pre-loaded],2024 season - no dates available
,2024,,Giumarra,,Grape,FLAME,FLAME SEEDLESS,,B,BAG,270.0,5670.0,,Invoice_Grape_Giumarra_1.xlsx [pre-loaded],2024 season - no dates available
,2024,,Giumarra,,Grape,FLAME,FLAME SEEDLESS,,B,BAG,810.0,17010.0,,Invoice_Grape_Giumarra_1.xlsx [pre-loaded],2024 season - no dates available
,2024,,Giumarra,,Grape,FLAME,FLAME SEEDLESS,,B,BAG,629.9999999999,14364.0,,Invoice_Grape_Giumarra_1.xlsx [pre-loaded],2024 season - no dates available
,2024,,Giumarra,,Grape,FLAME,FLAME SEEDLESS,,B,BAG,450.0,10350.0,,Invoice_Grape_Giumarra_1.xlsx [pre-loaded],2024 season - no dates available
,2024,,Giumarra,,Grape,FLAME,FLAME SEEDLESS,,B,BAG,270.0,4873.5,,Invoice_Grape_Giumarra_1.xlsx [pre-loaded],2024 season - no dates available
,2024,,Giumarra,,Grape,FLAME,FLAME SEEDLESS,,B,BAG,90.0,2070.0,,Invoice_Grape_Giumarra_1.xlsx [pre-loaded],2024 season - no dates available
,2024,,Giumarra,,Grape,FLAME,FLAME SEEDLESS,,B,BAG,1.0,17.0,,Invoice_Grape_Giumarra_1.xlsx [pre-loaded],2024 season - no dates available
,2024,,Giumarra,,Grape,FLAME,FLAME SEEDLESS,,B,BAG,450.0,8122.5,,Invoice_Grape_Giumarra_1.xlsx [pre-loaded],2024 season - no dates available
,2024,,Giumarra,,Grape,FLAME,FLAME SEEDLESS,,B,BAG,540.0,12420.0,,Invoice_Grape_Giumarra_1.xlsx [pre-loaded],2024 season - no dates available
,2024,,Giumarra,,Grape,FLAME,FLAME SEEDLESS,,B,BAG,539.9999999999,9746.9999999999,,Invoice_Grape_Giumarra_1.xlsx [pre-loaded],2024 season - no dates available
,2024,,Giumarra,,Grape,FLAME,FLAME SEEDLESS,,B,BAG,360.0,6498.0,,Invoice_Grape_Giumarra_1.xlsx [pre-loaded],2024 season - no dates available
,2024,,Giumarra,,Grape,FLAME,FLAME SEEDLESS,,B,BAG,630.0,14490.0,,Invoice_Grape_Giumarra_1.xlsx [pre-loaded],2024 season - no dates available
,2024,,Giumarra,,Grape,FLAME,FLAME SEEDLESS,,B,BAG,900.0,20700.0,,Invoice_Grape_Giumarra_1.xlsx [pre-loaded],2024 season - no dates available
,2024,,Giumarra,,Grape,FLAME,FLAME SEEDLESS,,B,BAG,990.0,22770.0,,Invoice_Grape_Giumarra_1.xlsx [pre-loaded],2024 season - no dates available
,2024,,Giumarra,,Grape,SUMMER ROYAL,BLACK SEEDLESS,,B,BAG,90.0,2052.0,,Invoice_Grape_Giumarra_1.xlsx [pre-loaded],2024 season - no dates available
,2024,,Giumarra,,Grape,SUMMER ROYAL,BLACK SEEDLESS,,B,BAG,270.0,6210.0,,Invoice_Grape_Giumarra_1.xlsx [pre-loaded],2024 season - no dates available
,2024,,Giumarra,,Grape,SUMMER ROYAL,BLACK SEEDLESS,,B,BAG,180.0,4140.0,,Invoice_Grape_Giumarra_1.xlsx [pre-loaded],2024 season - no dates available
,2024,,Giumarra,,Grape,PASSION FIRE,BLACK SEEDLESS,,B,BAG,810.0,13770.0,,Invoice_Grape_Giumarra_1.xlsx [pre-loaded],2024 season - no dates available
,2024,,Giumarra,,Grape,PASSION FIRE,BLACK SEEDLESS,,B,BAG,1105.0,25415.0,,Invoice_Grape_Giumarra_1.xlsx [pre-loaded],2024 season - no dates available
,2024,,Giumarra,,Grape,PASSION FIRE,BLACK SEEDLESS,,B,BAG,774.9999999999,17825.0,,Invoice_Grape_Giumarra_1.xlsx [pre-loaded],2024 season - no dates available
,2024,,Giumarra,,Grape,PASSION FIRE,BLACK SEEDLESS,,B,BAG,90.0,1530.0,,Invoice_Grape_Giumarra_1.xlsx [pre-loaded],2024 season - no dates available
,2024,,Giumarra,,Grape,EARLY SWEET,WHITE SEEDLESS TYPE,,B,BAG,1350.0,22950.0,,Invoice_Grape_Giumarra_1.xlsx [pre-loaded],2024 season - no dates available
,2024,,Giumarra,,Grape,EARLY SWEET,WHITE SEEDLESS TYPE,,B,BAG,270.0,4590.0,,Invoice_Grape_Giumarra_1.xlsx [pre-loaded],2024 season - no dates available
,2024,,Giumarra,,Grape,EARLY SWEET,WHITE SEEDLESS TYPE,,B,BAG,900.0,15300.0,,Invoice_Grape_Giumarra_1.xlsx [pre-loaded],2024 season - no dates available
,2024,,Giumarra,,Grape,FLAME,FLAME SEEDLESS,,B,CLAM,75.0,1800.0,,Invoice_Grape_Giumarra_1.xlsx [pre-loaded],2024 season - no dates available
,2024,,Giumarra,,Grape,PASSION FIRE,BLACK SEEDLESS,,B,BAG,990.0,18810.0,,Invoice_Grape_Giumarra_1.xlsx [pre-loaded],2024 season - no dates available
,2024,,Giumarra,,Grape,PASSION FIRE,BLACK SEEDLESS,,B,BAG,180.0,3420.0,,Invoice_Grape_Giumarra_1.xlsx [pre-loaded],2024 season - no dates available
,2024,,Giumarra,,Grape,SUGAR DROP,WHITE SEEDLESS TYPE,,B,BAG,178.0,3568.9,,Invoice_Grape_Giumarra_1.xlsx [pre-loaded],2024 season - no dates available
,2024,,Giumarra,,Grape,SUGAR DROP,WHITE SEEDLESS TYPE,,B,BAG,90.0,1804.5,,Invoice_Grape_Giumarra_1.xlsx [pre-loaded],2024 season - no dates available
,2024,,Giumarra,,Grape,SUGAR DROP,WHITE SEEDLESS TYPE,,B,BAG,90.0,1804.5,,Invoice_Grape_Giumarra_1.xlsx [pre-loaded],2024 season - no dates available
,2024,,Giumarra,,Grape,SUGAR DROP,WHITE SEEDLESS TYPE,,B,BAG,162.0,3248.1,,Invoice_Grape_Giumarra_1.xlsx [pre-loaded],2024 season - no dates available
,2024,,Giumarra,,Grape,SUGAR DROP,WHITE SEEDLESS TYPE,,B,BAG,850.0,17042.5,,Invoice_Grape_Giumarra_1.xlsx [pre-loaded],2024 season - no dates available
,2024,,Giumarra,,Grape,SUGAR DROP,WHITE SEEDLESS TYPE,,B,BAG,170.0,5448.5,,Invoice_Grape_Giumarra_1.xlsx [pre-loaded],2024 season - no dates available
,2024,,Giumarra,,Grape,SUGAR DROP,WHITE SEEDLESS TYPE,,B,BAG,900.0,13545.0,,Invoice_Grape_Giumarra_1.xlsx [pre-loaded],2024 season - no dates available
,2024,,Giumarra,,Grape,SUGAR DROP,WHITE SEEDLESS TYPE,,B,BAG,720.0,13500.0,,Invoice_Grape_Giumarra_1.xlsx [pre-loaded],2024 season - no dates available
,2024,,Giumarra,,Grape,SUGAR DROP,WHITE SEEDLESS TYPE,,B,BAG,1530.0,49036.5,,Invoice_Grape_Giumarra_1.xlsx [pre-loaded],2024 season - no dates available
,2024,,Giumarra,,Grape,SUGAR DROP,WHITE SEEDLESS TYPE,,B,BAG,1800.0,36090.0,,Invoice_Grape_Giumarra_1.xlsx [pre-loaded],2024 season - no dates available
,2024,,Giumarra,,Grape,SUGAR DROP,WHITE SEEDLESS TYPE,,A,BAG,360.0,4698.0,,Invoice_Grape_Giumarra_1.xlsx [pre-loaded],2024 season - no dates available
,2024,,Giumarra,,Grape,SUGAR DROP,WHITE SEEDLESS TYPE,,B,BAG,990.0,20789.9999999999,,Invoice_Grape_Giumarra_1.xlsx [pre-loaded],2024 season - no dates available
,2024,,Giumarra,,Grape,SUGAR DROP,WHITE SEEDLESS TYPE,,A,BAG,900.0,12375.0,,Invoice_Grape_Giumarra_1.xlsx [pre-loaded],2024 season - no dates available
,2024,,Giumarra,,Grape,SUGAR DROP,WHITE SEEDLESS TYPE,,B,BAG,180.0,3195.0,,Invoice_Grape_Giumarra_1.xlsx [pre-loaded],2024 season - no dates available
,2024,,Giumarra,,Grape,SUGAR DROP,WHITE SEEDLESS TYPE,,B,BAG,90.0,1444.5,,Invoice_Grape_Giumarra_1.xlsx [pre-loaded],2024 season - no dates available
,2024,,Giumarra,,Grape,SUGAR DROP,WHITE SEEDLESS TYPE,,B,CLAM,75.0,1875.0,,Invoice_Grape_Giumarra_1.xlsx [pre-loaded],2024 season - no dates available
,2024,,Giumarra,,Grape,SUGAR DROP,WHITE SEEDLESS TYPE,,B,BAG,1350.0,18900.0,,Invoice_Grape_Giumarra_1.xlsx [pre-loaded],2024 season - no dates available
,2024,,Giumarra,,Grape,SUGAR DROP,WHITE SEEDLESS TYPE,,B,BAG,1080.0,21654.0,,Invoice_Grape_Giumarra_1.xlsx [pre-loaded],2024 season - no dates available
,2024,,Giumarra,,Grape,SUGAR DROP,WHITE SEEDLESS TYPE,,B,BAG,900.0,17100.0,,Invoice_Grape_Giumarra_1.xlsx [pre-loaded],2024 season - no dates available
,2024,,Giumarra,,Grape,SUGAR DROP,WHITE SEEDLESS TYPE,,B,BAG,1869.9999999999,29452.5,,Invoice_Grape_Giumarra_1.xlsx [pre-loaded],2024 season - no dates available
,2024,,Giumarra,,Grape,SUGAR DROP,WHITE SEEDLESS TYPE,,A,BAG,523.9999999999,7204.9999999999,,Invoice_Grape_Giumarra_1.xlsx [pre-loaded],2024 season - no dates available
,2024,,Giumarra,,Grape,SUGAR DROP,WHITE SEEDLESS TYPE,,B,CLAM,525.0,10368.75,,Invoice_Grape_Giumarra_1.xlsx [pre-loaded],2024 season - no dates available
,2024,,Giumarra,,Grape,SUGAR DROP,WHITE SEEDLESS TYPE,,B,BAG,90.0,1710.0,,Invoice_Grape_Giumarra_1.xlsx [pre-loaded],2024 season - no dates available
,2024,,Giumarra,,Grape,SUGAR DROP,WHITE SEEDLESS TYPE,,B,BAG,269.9999999999,5130.0,,Invoice_Grape_Giumarra_1.xlsx [pre-loaded],2024 season - no dates available
,2024,,Giumarra,,Grape,SUGAR DROP,WHITE SEEDLESS TYPE,,B,BAG,449.9999999999,7987.5,,Invoice_Grape_Giumarra_1.xlsx [pre-loaded],2024 season - no dates available
,2024,,Giumarra,,Grape,SUGAR DROP,WHITE SEEDLESS TYPE,,B,BAG,720.0,12060.0,,Invoice_Grape_Giumarra_1.xlsx [pre-loaded],2024 season - no dates available
,2024,,Giumarra,,Grape,SUGAR DROP,WHITE SEEDLESS TYPE,,B,BAG,1980.0,31185.0,,Invoice_Grape_Giumarra_1.xlsx [pre-loaded],2024 season - no dates available
,2024,,Giumarra,,Grape,SUGAR DROP,WHITE SEEDLESS TYPE,,B,BAG,1980.0,31185.0,,Invoice_Grape_Giumarra_1.xlsx [pre-loaded],2024 season - no dates available
,2024,,Giumarra,,Grape,SUGAR DROP,WHITE SEEDLESS TYPE,,B,BAG,810.0,15390.0,,Invoice_Grape_Giumarra_1.xlsx [pre-loaded],2024 season - no dates available
,2024,,Giumarra,,Grape,SUGAR DROP,WHITE SEEDLESS TYPE,,B,BAG,1020.0,17340.0,,Invoice_Grape_Giumarra_1.xlsx [pre-loaded],2024 season - no dates available
,2024,,Giumarra,,Grape,SUGAR DROP,WHITE SEEDLESS TYPE,,B,BAG,90.0,1444.5,,Invoice_Grape_Giumarra_1.xlsx [pre-loaded],2024 season - no dates available
,2024,,Giumarra,,Grape,SUGAR DROP,WHITE SEEDLESS TYPE,,B,BAG,360.0,5418.0,,Invoice_Grape_Giumarra_1.xlsx [pre-loaded],2024 season - no dates available
,2024,,Giumarra,,Grape,SUGAR DROP,WHITE SEEDLESS TYPE,,B,BAG,170.0,3230.0,,Invoice_Grape_Giumarra_1.xlsx [pre-loaded],2024 season - no dates available
,2024,,Giumarra,,Grape,SUGAR DROP,WHITE SEEDLESS TYPE,,B,BAG,180.0,2709.0,,Invoice_Grape_Giumarra_1.xlsx [pre-loaded],2024 season - no dates available
,2024,,Giumarra,,Grape,SUGAR DROP,WHITE SEEDLESS TYPE,,B,BAG,1379.9999999999,27669.0,,Invoice_Grape_Giumarra_1.xlsx [pre-loaded],2024 season - no dates available
,2024,,Giumarra,,Grape,SUGAR DROP,WHITE SEEDLESS TYPE,,B,BAG,1979.9999999999,35145.0,,Invoice_Grape_Giumarra_1.xlsx [pre-loaded],2024 season - no dates available
,2024,,Giumarra,,Grape,SUGAR DROP,WHITE SEEDLESS TYPE,,B,BAG,359.9999999999,6120.0,,Invoice_Grape_Giumarra_1.xlsx [pre-loaded],2024 season - no dates available
,2024,,Giumarra,,Grape,SUGAR DROP,WHITE SEEDLESS TYPE,,B,BAG,255.0,4335.0,,Invoice_Grape_Giumarra_1.xlsx [pre-loaded],2024 season - no dates available
,2024,,Giumarra,,Grape,SUGAR DROP,WHITE SEEDLESS TYPE,,B,CLAM,300.0,6600.0,,Invoice_Grape_Giumarra_1.xlsx [pre-loaded],2024 season - no dates available
,2024,,Giumarra,,Grape,SUGAR DROP,WHITE SEEDLESS TYPE,,B,BAG,269.9999999999,5130.0,,Invoice_Grape_Giumarra_1.xlsx [pre-loaded],2024 season - no dates available
,2024,,Giumarra,,Grape,SUGAR DROP,WHITE SEEDLESS TYPE,,B,BAG,1620.0,24381.0,,Invoice_Grape_Giumarra_1.xlsx [pre-loaded],2024 season - no dates available
,2024,,Giumarra,,Grape,SUGAR DROP,WHITE SEEDLESS TYPE,,B,BAG,270.0,4590.0,,Invoice_Grape_Giumarra_1.xlsx [pre-loaded],2024 season - no dates available
,2024,,Giumarra,,Grape,SUGAR DROP,WHITE SEEDLESS TYPE,,B,BAG,1080.0,18360.0,,Invoice_Grape_Giumarra_1.xlsx [pre-loaded],2024 season - no dates available
,2024,,Giumarra,,Grape,SUGAR DROP,WHITE SEEDLESS TYPE,,B,BAG,540.0,8127.0,,Invoice_Grape_Giumarra_1.xlsx [pre-loaded],2024 season - no dates available
,2024,,Giumarra,,Grape,SUGAR DROP,WHITE SEEDLESS TYPE,,B,BAG,630.0,9481.5,,Invoice_Grape_Giumarra_1.xlsx [pre-loaded],2024 season - no dates available
,2024,,Giumarra,,Grape,SUGAR DROP,WHITE SEEDLESS TYPE,,B,BAG,1190.0,20230.0,,Invoice_Grape_Giumarra_1.xlsx [pre-loaded],2024 season - no dates available
,2024,,Giumarra,,Grape,HONEY POP,WHITE SEEDLESS TYPE,,B,BAG,90.0,2070.0,,Invoice_Grape_Giumarra_1.xlsx [pre-loaded],2024 season - no dates available
,2024,,Giumarra,,Grape,HONEY POP,WHITE SEEDLESS TYPE,,B,BAG,270.0,6209.9999999999,,Invoice_Grape_Giumarra_1.xlsx [pre-loaded],2024 season - no dates available
,2024,,Giumarra,,Grape,HONEY POP,WHITE SEEDLESS TYPE,,B,BAG,630.0,14490.0,,Invoice_Grape_Giumarra_1.xlsx [pre-loaded],2024 season - no dates available
,2024,,Giumarra,,Grape,HONEY POP,WHITE SEEDLESS TYPE,,B,BAG,89.9999999999,2070.0,,Invoice_Grape_Giumarra_1.xlsx [pre-loaded],2024 season - no dates available
,2024,,Giumarra,,Grape,HONEY POP,WHITE SEEDLESS TYPE,,B,BAG,89.9999999999,2767.5,,Invoice_Grape_Giumarra_1.xlsx [pre-loaded],2024 season - no dates available
,2024,,Giumarra,,Grape,HONEY POP,WHITE SEEDLESS TYPE,,B,BAG,270.0,6790.5,,Invoice_Grape_Giumarra_1.xlsx [pre-loaded],2024 season - no dates available
,2024,,Giumarra,,Grape,HONEY POP,WHITE SEEDLESS TYPE,,B,BAG,1890.0,43470.0,,Invoice_Grape_Giumarra_1.xlsx [pre-loaded],2024 season - no dates available
,2024,,Giumarra,,Grape,HONEY POP,WHITE SEEDLESS TYPE,,B,BAG,270.0,6210.0,,Invoice_Grape_Giumarra_1.xlsx [pre-loaded],2024 season - no dates available
,2024,,Giumarra,,Grape,HONEY POP,WHITE SEEDLESS TYPE,,B,BAG,810.0,18006.2999999999,,Invoice_Grape_Giumarra_1.xlsx [pre-loaded],2024 season - no dates available
,2024,,Giumarra,,Grape,HONEY POP,WHITE SEEDLESS TYPE,,B,BAG,180.0,4167.0,,Invoice_Grape_Giumarra_1.xlsx [pre-loaded],2024 season - no dates available
,2024,,Giumarra,,Grape,HONEY POP,WHITE SEEDLESS TYPE,,B,BAG,89.9999999999,2767.5,,Invoice_Grape_Giumarra_1.xlsx [pre-loaded],2024 season - no dates available
,2024,,Giumarra,,Grape,HONEY POP,WHITE SEEDLESS TYPE,,B,BAG,90.0,2047.5,,Invoice_Grape_Giumarra_1.xlsx [pre-loaded],2024 season - no dates available
,2024,,Giumarra,,Grape,HONEY POP,WHITE SEEDLESS TYPE,,B,BAG,449.9999999999,13837.5,,Invoice_Grape_Giumarra_1.xlsx [pre-loaded],2024 season - no dates available
,2024,,Giumarra,,Grape,HONEY POP,WHITE SEEDLESS TYPE,,B,BAG,1170.0,26910.0,,Invoice_Grape_Giumarra_1.xlsx [pre-loaded],2024 season - no dates available
,2024,,Giumarra,,Grape,HONEY POP,WHITE SEEDLESS TYPE,,B,BAG,810.0,19885.5,,Invoice_Grape_Giumarra_1.xlsx [pre-loaded],2024 season - no dates available
,2024,,Giumarra,,Grape,HONEY POP,WHITE SEEDLESS TYPE,,B,BAG,180.0,4095.0,,Invoice_Grape_Giumarra_1.xlsx [pre-loaded],2024 season - no dates available
,2024,,Giumarra,,Grape,HONEY POP,WHITE SEEDLESS TYPE,,B,BAG,270.0,6210.0,,Invoice_Grape_Giumarra_1.xlsx [pre-loaded],2024 season - no dates available
,2024,,Giumarra,,Grape,HONEY POP,WHITE SEEDLESS TYPE,,B,BAG,255.0,6043.5,,Invoice_Grape_Giumarra_1.xlsx [pre-loaded],2024 season - no dates available
,2024,,Giumarra,,Grape,HONEY POP,WHITE SEEDLESS TYPE,,B,BAG,540.0,12501.0,,Invoice_Grape_Giumarra_1.xlsx [pre-loaded],2024 season - no dates available
,2024,,Giumarra,,Grape,HONEY POP,WHITE SEEDLESS TYPE,,B,BAG,255.0,5278.5,,Invoice_Grape_Giumarra_1.xlsx [pre-loaded],2024 season - no dates available
,2024,,Giumarra,,Grape,HONEY POP,WHITE SEEDLESS TYPE,,B,BAG,90.0,2209.5,,Invoice_Grape_Giumarra_1.xlsx [pre-loaded],2024 season - no dates available
,2024,,Giumarra,,Grape,HONEY POP,WHITE SEEDLESS TYPE,,B,BAG,90.0,2263.5,,Invoice_Grape_Giumarra_1.xlsx [pre-loaded],2024 season - no dates available
,2024,,Giumarra,,Grape,HONEY POP,WHITE SEEDLESS TYPE,,B,BAG,1620.0,37260.0,,Invoice_Grape_Giumarra_1.xlsx [pre-loaded],2024 season - no dates available
,2024,,Giumarra,,Grape,HONEY POP,WHITE SEEDLESS TYPE,,B,BAG,270.0,6142.5,,Invoice_Grape_Giumarra_1.xlsx [pre-loaded],2024 season - no dates available
,2024,,Giumarra,,Grape,HONEY POP,WHITE SEEDLESS TYPE,,B,BAG,270.0,5670.0,,Invoice_Grape_Giumarra_1.xlsx [pre-loaded],2024 season - no dates available
,2024,,Giumarra,,Grape,HONEY POP,WHITE SEEDLESS TYPE,,B,BAG,270.0,6142.5,,Invoice_Grape_Giumarra_1.xlsx [pre-loaded],2024 season - no dates available
,2024,,Giumarra,,Grape,HONEY POP,WHITE SEEDLESS TYPE,,B,BAG,1979.9999999999,45540.0,,Invoice_Grape_Giumarra_1.xlsx [pre-loaded],2024 season - no dates available
,2024,,Giumarra,,Grape,HONEY POP,WHITE SEEDLESS TYPE,,B,BAG,89.9999999999,2070.0,,Invoice_Grape_Giumarra_1.xlsx [pre-loaded],2024 season - no dates available
,2024,,Giumarra,,Grape,HONEY POP,WHITE SEEDLESS TYPE,,B,BAG,629.9999999999,14489.9999999998,,Invoice_Grape_Giumarra_1.xlsx [pre-loaded],2024 season - no dates available
,2024,,Giumarra,,Grape,HONEY POP,WHITE SEEDLESS TYPE,,B,BAG,90.0,1687.5,,Invoice_Grape_Giumarra_1.xlsx [pre-loaded],2024 season - no dates available
,2024,,Giumarra,,Grape,HONEY POP,WHITE SEEDLESS TYPE,,B,BAG,85.0,1759.5,,Invoice_Grape_Giumarra_1.xlsx [pre-loaded],2024 season - no dates available
,2024,,Giumarra,,Grape,HONEY POP,WHITE SEEDLESS TYPE,,B,BAG,90.0,2047.5,,Invoice_Grape_Giumarra_1.xlsx [pre-loaded],2024 season - no dates available
,2024,,Giumarra,,Grape,HONEY POP,WHITE SEEDLESS TYPE,,B,BAG,180.0,4140.0,,Invoice_Grape_Giumarra_1.xlsx [pre-loaded],2024 season - no dates available
,2024,,Giumarra,,Grape,HONEY POP,WHITE SEEDLESS TYPE,,B,BAG,1620.0,32400.0,,Invoice_Grape_Giumarra_1.xlsx [pre-loaded],2024 season - no dates available
,2024,,Giumarra,,Grape,HONEY POP,WHITE SEEDLESS TYPE,,B,BAG,180.0,3375.0,,Invoice_Grape_Giumarra_1.xlsx [pre-loaded],2024 season - no dates available
,2024,,Giumarra,,Grape,HONEY POP,WHITE SEEDLESS TYPE,,B,BAG,360.0,6750.0,,Invoice_Grape_Giumarra_1.xlsx [pre-loaded],2024 season - no dates available
,2024,,Giumarra,,Grape,HONEY POP,WHITE SEEDLESS TYPE,,B,BAG,1979.9999999999,37323.0,,Invoice_Grape_Giumarra_1.xlsx [pre-loaded],2024 season - no dates available
,2024,,Giumarra,,Grape,HONEY POP,WHITE SEEDLESS TYPE,,B,BAG,270.0,5062.5,,Invoice_Grape_Giumarra_1.xlsx [pre-loaded],2024 season - no dates available
,2024,,Giumarra,,Grape,HONEY POP,WHITE SEEDLESS TYPE,,B,BAG,270.0,5062.5,,Invoice_Grape_Giumarra_1.xlsx [pre-loaded],2024 season - no dates available
,2024,,Giumarra,,Grape,EARLY SWEET,WHITE SEEDLESS TYPE,,B,BAG,1259.9999999998,31248.0,,Invoice_Grape_Giumarra_1.xlsx [pre-loaded],2024 season - no dates available
,2024,,Giumarra,,Grape,EARLY SWEET,WHITE SEEDLESS TYPE,,B,BAG,1530.0,32206.5,,Invoice_Grape_Giumarra_1.xlsx [pre-loaded],2024 season - no dates available
,2024,,Giumarra,,Grape,EARLY SWEET,WHITE SEEDLESS TYPE,,B,BAG,89.9999999999,2232.0,,Invoice_Grape_Giumarra_1.xlsx [pre-loaded],2024 season - no dates available
,2024,,Giumarra,,Grape,EARLY SWEET,WHITE SEEDLESS TYPE,,B,BAG,449.9999999998,9472.5,,Invoice_Grape_Giumarra_1.xlsx [pre-loaded],2024 season - no dates available
,2024,,Giumarra,,Grape,EARLY SWEET,WHITE SEEDLESS TYPE,,B,BAG,630.0,15624.0,,Invoice_Grape_Giumarra_1.xlsx [pre-loaded],2024 season - no dates available
,2024,,Giumarra,,Grape,EARLY SWEET,WHITE SEEDLESS TYPE,,B,CLAM,160.0,4960.0,,Invoice_Grape_Giumarra_1.xlsx [pre-loaded],2024 season - no dates available
,2024,,Giumarra,,Grape,EARLY SWEET,WHITE SEEDLESS TYPE,,B,BAG,90.0,1804.5,,Invoice_Grape_Giumarra_1.xlsx [pre-loaded],2024 season - no dates available
,2024,,Giumarra,,Grape,EARLY SWEET,WHITE SEEDLESS TYPE,,B,BAG,360.0,9630.0,,Invoice_Grape_Giumarra_1.xlsx [pre-loaded],2024 season - no dates available
,2024,,Giumarra,,Grape,EARLY SWEET,WHITE SEEDLESS TYPE,,B,BAG,510.0,10225.5,,Invoice_Grape_Giumarra_1.xlsx [pre-loaded],2024 season - no dates available
,2024,,Giumarra,,Grape,EARLY SWEET,WHITE SEEDLESS TYPE,,B,BAG,270.0,8653.5,,Invoice_Grape_Giumarra_1.xlsx [pre-loaded],2024 season - no dates available
,2024,,Giumarra,,Grape,ARRA_83,WHITE SEEDLESS TYPE,,B,BAG,180.0,3060.0,,Invoice_Grape_Giumarra_1.xlsx [pre-loaded],2024 season - no dates available
,2024,,Giumarra,,Grape,FLAME,FLAME SEEDLESS,,B,BAG,269.9999999999,6210.0,,Invoice_Grape_Giumarra_1.xlsx [pre-loaded],2024 season - no dates available
,2024,,Giumarra,,Grape,FLAME,FLAME SEEDLESS,,A,BAG,89.9999999999,1624.5,,Invoice_Grape_Giumarra_1.xlsx [pre-loaded],2024 season - no dates available
,2024,,Giumarra,,Grape,FLAME,FLAME SEEDLESS,,A,BAG,270.0,4873.5,,Invoice_Grape_Giumarra_1.xlsx [pre-loaded],2024 season - no dates available
,2024,,Giumarra,,Grape,FLAME,FLAME SEEDLESS,,B,BAG,450.0,8122.5,,Invoice_Grape_Giumarra_1.xlsx [pre-loaded],2024 season - no dates available
,2024,,Giumarra,,Grape,FLAME,FLAME SEEDLESS,,B,BAG,629.9999999999,11970.0,,Invoice_Grape_Giumarra_1.xlsx [pre-loaded],2024 season - no dates available
,2024,,Giumarra,,Grape,FLAME,FLAME SEEDLESS,,A,BAG,90.0,2407.5,,Invoice_Grape_Giumarra_1.xlsx [pre-loaded],2024 season - no dates available
,2024,,Giumarra,,Grape,FLAME,FLAME SEEDLESS,,A,BAG,89.9999999999,1624.5,,Invoice_Grape_Giumarra_1.xlsx [pre-loaded],2024 season - no dates available
,2024,,Giumarra,,Grape,FLAME,FLAME SEEDLESS,,B,BAG,180.0,5535.0,,Invoice_Grape_Giumarra_1.xlsx [pre-loaded],2024 season - no dates available
,2024,,Giumarra,,Grape,FLAME,FLAME SEEDLESS,,B,BAG,990.0,17869.5,,Invoice_Grape_Giumarra_1.xlsx [pre-loaded],2024 season - no dates available
,2024,,Giumarra,,Grape,FLAME,FLAME SEEDLESS,,B,BAG,450.0,8122.5,,Invoice_Grape_Giumarra_1.xlsx [pre-loaded],2024 season - no dates available
,2024,,Giumarra,,Grape,FLAME,FLAME SEEDLESS,,A,BAG,1349.9999999999,24367.5,,Invoice_Grape_Giumarra_1.xlsx [pre-loaded],2024 season - no dates available
,2024,,Giumarra,,Grape,FLAME,FLAME SEEDLESS,,B,BAG,180.0,3249.0,,Invoice_Grape_Giumarra_1.xlsx [pre-loaded],2024 season - no dates available
,2024,,Giumarra,,Grape,FLAME,FLAME SEEDLESS,,A,BAG,180.0,3249.0,,Invoice_Grape_Giumarra_1.xlsx [pre-loaded],2024 season - no dates available
,2024,,Giumarra,,Grape,FLAME,FLAME SEEDLESS,,B,BAG,360.0,8910.0,,Invoice_Grape_Giumarra_1.xlsx [pre-loaded],2024 season - no dates available
,2024,,Giumarra,,Grape,FLAME,FLAME SEEDLESS,,B,BAG,630.0,11812.5,,Invoice_Grape_Giumarra_1.xlsx [pre-loaded],2024 season - no dates available
,2024,,Giumarra,,Grape,FLAME,FLAME SEEDLESS,,B,BAG,540.0,12420.0,,Invoice_Grape_Giumarra_1.xlsx [pre-loaded],2024 season - no dates available
,2024,,Giumarra,,Grape,FLAME,FLAME SEEDLESS,,B,BAG,180.0,3420.0,,Invoice_Grape_Giumarra_1.xlsx [pre-loaded],2024 season - no dates available
,2024,,Giumarra,,Grape,FLAME,FLAME SEEDLESS,,B,BAG,1080.0,15174.0,,Invoice_Grape_Giumarra_1.xlsx [pre-loaded],2024 season - no dates available
,2024,,Giumarra,,Grape,FLAME,FLAME SEEDLESS,,B,BAG,630.0,10552.5,,Invoice_Grape_Giumarra_1.xlsx [pre-loaded],2024 season - no dates available
,2024,,Giumarra,,Grape,FLAME,FLAME SEEDLESS,,B,BAG,90.0,1710.0,,Invoice_Grape_Giumarra_1.xlsx [pre-loaded],2024 season - no dates available
,2024,,Giumarra,,Grape,FLAME,FLAME SEEDLESS,,B,BAG,540.0,10260.0,,Invoice_Grape_Giumarra_1.xlsx [pre-loaded],2024 season - no dates available
,2024,,Giumarra,,Grape,FLAME,FLAME SEEDLESS,,B,BAG,270.0,5130.0,,Invoice_Grape_Giumarra_1.xlsx [pre-loaded],2024 season - no dates available
,2024,,Giumarra,,Grape,FLAME,FLAME SEEDLESS,,B,BAG,720.0,13500.0,,Invoice_Grape_Giumarra_1.xlsx [pre-loaded],2024 season - no dates available
,2024,,Giumarra,,Grape,FLAME,FLAME SEEDLESS,,B,BAG,270.0,3793.5,,Invoice_Grape_Giumarra_1.xlsx [pre-loaded],2024 season - no dates available
,2024,,Giumarra,,Grape,FLAME,FLAME SEEDLESS,,B,BAG,850.0,14450.0,,Invoice_Grape_Giumarra_1.xlsx [pre-loaded],2024 season - no dates available
,2024,,Giumarra,,Grape,FLAME,FLAME SEEDLESS,,B,BAG,425.0,5971.25,,Invoice_Grape_Giumarra_1.xlsx [pre-loaded],2024 season - no dates available
,2024,,Giumarra,,Grape,FLAME,FLAME SEEDLESS,,B,BAG,810.0,13770.0,,Invoice_Grape_Giumarra_1.xlsx [pre-loaded],2024 season - no dates available
,2024,,Giumarra,,Grape,FLAME,FLAME SEEDLESS,,B,CLAM,74.9999999999,1575.0,,Invoice_Grape_Giumarra_1.xlsx [pre-loaded],2024 season - no dates available
,2024,,Giumarra,,Grape,FLAME,FLAME SEEDLESS,,B,BAG,1275.0,24225.0,,Invoice_Grape_Giumarra_1.xlsx [pre-loaded],2024 season - no dates available
,2024,,Giumarra,,Grape,FLAME,FLAME SEEDLESS,,B,BAG,90.0,1530.0,,Invoice_Grape_Giumarra_1.xlsx [pre-loaded],2024 season - no dates available
,2024,,Giumarra,,Grape,FLAME,FLAME SEEDLESS,,B,CLAM,150.0,3150.0,,Invoice_Grape_Giumarra_1.xlsx [pre-loaded],2024 season - no dates available
,2024,,Giumarra,,Grape,FLAME,FLAME SEEDLESS,,B,BAG,1869.0,27492.99,,Invoice_Grape_Giumarra_1.xlsx [pre-loaded],2024 season - no dates available
,2024,,Giumarra,,Grape,SUMMER ROYAL,BLACK SEEDLESS,,B,BAG,89.0,2047.0,,Invoice_Grape_Giumarra_1.xlsx [pre-loaded],2024 season - no dates available
,2024,,Giumarra,,Grape,SUMMER ROYAL,BLACK SEEDLESS,,A,BAG,90.0,1507.5,,Invoice_Grape_Giumarra_1.xlsx [pre-loaded],2024 season - no dates available
,2024,,Giumarra,,Grape,SUMMER ROYAL,BLACK SEEDLESS,,A,BAG,90.0,1530.0,,Invoice_Grape_Giumarra_1.xlsx [pre-loaded],2024 season - no dates available
,2024,,Giumarra,,Grape,SUMMER ROYAL,BLACK SEEDLESS,,B,BAG,89.9999999999,1710.0,,Invoice_Grape_Giumarra_1.xlsx [pre-loaded],2024 season - no dates available
,2024,,Giumarra,,Grape,SUMMER ROYAL,BLACK SEEDLESS,,A,BAG,90.0,1530.0,,Invoice_Grape_Giumarra_1.xlsx [pre-loaded],2024 season - no dates available
,2024,,Giumarra,,Grape,SUMMER ROYAL,BLACK SEEDLESS,,B,BAG,269.9999999999,6210.0,,Invoice_Grape_Giumarra_1.xlsx [pre-loaded],2024 season - no dates available
,2024,,Giumarra,,Grape,SUMMER ROYAL,BLACK SEEDLESS,,B,BAG,270.0,6210.0,,Invoice_Grape_Giumarra_1.xlsx [pre-loaded],2024 season - no dates available
,2024,,Giumarra,,Grape,SUMMER ROYAL,BLACK SEEDLESS,,B,BAG,90.0,1687.5,,Invoice_Grape_Giumarra_1.xlsx [pre-loaded],2024 season - no dates available
,2024,,Giumarra,,Grape,SUMMER ROYAL,BLACK SEEDLESS,,B,BAG,90.0,2070.0,,Invoice_Grape_Giumarra_1.xlsx [pre-loaded],2024 season - no dates available
,2024,,Giumarra,,Grape,SUMMER ROYAL,BLACK SEEDLESS,,B,BAG,90.0,1710.0,,Invoice_Grape_Giumarra_1.xlsx [pre-loaded],2024 season - no dates available
,2024,,Giumarra,,Grape,SUMMER ROYAL,BLACK SEEDLESS,,B,BAG,180.0,3960.0,,Invoice_Grape_Giumarra_1.xlsx [pre-loaded],2024 season - no dates available
,2024,,Giumarra,,Grape,SUMMER ROYAL,BLACK SEEDLESS,,B,BAG,180.0,3420.0,,Invoice_Grape_Giumarra_1.xlsx [pre-loaded],2024 season - no dates available
,2024,,Giumarra,,Grape,SUMMER ROYAL,BLACK SEEDLESS,,B,BAG,90.0,1530.0,,Invoice_Grape_Giumarra_1.xlsx [pre-loaded],2024 season - no dates available
,2024,,Giumarra,,Grape,SUMMER ROYAL,BLACK SEEDLESS,,A,BAG,180.0,3420.0,,Invoice_Grape_Giumarra_1.xlsx [pre-loaded],2024 season - no dates available
,2024,,Giumarra,,Grape,SUMMER ROYAL,BLACK SEEDLESS,,B,BAG,90.0,1530.0,,Invoice_Grape_Giumarra_1.xlsx [pre-loaded],2024 season - no dates available
,2024,,Giumarra,,Grape,SUMMER ROYAL,BLACK SEEDLESS,,B,BAG,90.0,1687.5,,Invoice_Grape_Giumarra_1.xlsx [pre-loaded],2024 season - no dates available
,2024,,Giumarra,,Grape,SUMMER ROYAL,BLACK SEEDLESS,,A,BAG,180.0,3420.0,,Invoice_Grape_Giumarra_1.xlsx [pre-loaded],2024 season - no dates available
,2024,,Giumarra,,Grape,SUMMER ROYAL,BLACK SEEDLESS,,A,BAG,360.0,6030.0,,Invoice_Grape_Giumarra_1.xlsx [pre-loaded],2024 season - no dates available
,2024,,Giumarra,,Grape,SUGAR DROP,WHITE SEEDLESS TYPE,,B,BAG,630.0,9481.5,,Invoice_Grape_Giumarra_1.xlsx [pre-loaded],2024 season - no dates available
,2024,,Giumarra,,Grape,SUGAR DROP,WHITE SEEDLESS TYPE,,B,BAG,1349.9999999998,20317.4999999999,,Invoice_Grape_Giumarra_1.xlsx [pre-loaded],2024 season - no dates available
,2024,,Giumarra,,Grape,FLAME,FLAME SEEDLESS,,B,CLAM,74.0,1480.0,,Invoice_Grape_Giumarra_1.xlsx [pre-loaded],2024 season - no dates available
,2024,,Giumarra,,Grape,SUGAR DROP,WHITE SEEDLESS TYPE,,B,BAG,56.0,1064.0,,Invoice_Grape_Giumarra_1.xlsx [pre-loaded],2024 season - no dates available
,2024,,Giumarra,,Grape,SUGAR DROP,WHITE SEEDLESS TYPE,,B,BAG,269.9999999999,5130.0,,Invoice_Grape_Giumarra_1.xlsx [pre-loaded],2024 season - no dates available
,2024,,Giumarra,,Grape,SUGAR DROP,WHITE SEEDLESS TYPE,,B,BAG,157.9999999999,3001.9999999999,,Invoice_Grape_Giumarra_1.xlsx [pre-loaded],2024 season - no dates available
,2024,,Giumarra,,Grape,SUGAR DROP,WHITE SEEDLESS TYPE,,B,BAG,90.0,1804.5,,Invoice_Grape_Giumarra_1.xlsx [pre-loaded],2024 season - no dates available
,2024,,Giumarra,,Grape,SUGAR DROP,WHITE SEEDLESS TYPE,,B,BAG,630.0,11970.0,,Invoice_Grape_Giumarra_1.xlsx [pre-loaded],2024 season - no dates available
,2024,,Giumarra,,Grape,SUGAR DROP,WHITE SEEDLESS TYPE,,B,BAG,809.9999999999,13567.5,,Invoice_Grape_Giumarra_1.xlsx [pre-loaded],2024 season - no dates available
,2024,,Giumarra,,Grape,SUGAR DROP,WHITE SEEDLESS TYPE,,B,BAG,1080.0,21654.0,,Invoice_Grape_Giumarra_1.xlsx [pre-loaded],2024 season - no dates available
,2024,,Giumarra,,Grape,SUGAR DROP,WHITE SEEDLESS TYPE,,B,BAG,90.0,1804.5,,Invoice_Grape_Giumarra_1.xlsx [pre-loaded],2024 season - no dates available
,2024,,Giumarra,,Grape,SUGAR DROP,WHITE SEEDLESS TYPE,,B,BAG,540.0,8100.0,,Invoice_Grape_Giumarra_1.xlsx [pre-loaded],2024 season - no dates available
,2024,,Giumarra,,Grape,HONEY POP,WHITE SEEDLESS TYPE,,B,BAG,90.0,2169.0,,Invoice_Grape_Giumarra_1.xlsx [pre-loaded],2024 season - no dates available
,2024,,Giumarra,,Grape,HONEY POP,WHITE SEEDLESS TYPE,,B,BAG,1260.0,28665.0,,Invoice_Grape_Giumarra_1.xlsx [pre-loaded],2024 season - no dates available
,2024,,Giumarra,,Grape,HONEY POP,WHITE SEEDLESS TYPE,,B,BAG,180.0,4338.0,,Invoice_Grape_Giumarra_1.xlsx [pre-loaded],2024 season - no dates available
,2024,,Giumarra,,Grape,HONEY POP,WHITE SEEDLESS TYPE,,B,BAG,810.0,18006.3,,Invoice_Grape_Giumarra_1.xlsx [pre-loaded],2024 season - no dates available
,2024,,Giumarra,,Grape,HONEY POP,WHITE SEEDLESS TYPE,,B,BAG,719.9999999999,16380.0,,Invoice_Grape_Giumarra_1.xlsx [pre-loaded],2024 season - no dates available
,2024,,Giumarra,,Grape,HONEY POP,WHITE SEEDLESS TYPE,,B,BAG,270.0,6507.0,,Invoice_Grape_Giumarra_1.xlsx [pre-loaded],2024 season - no dates available
,2024,,Giumarra,,Grape,HONEY POP,WHITE SEEDLESS TYPE,,B,BAG,270.0,6142.5,,Invoice_Grape_Giumarra_1.xlsx [pre-loaded],2024 season - no dates available
,2024,,Giumarra,,Grape,HONEY POP,WHITE SEEDLESS TYPE,,B,BAG,270.0,6142.5,,Invoice_Grape_Giumarra_1.xlsx [pre-loaded],2024 season - no dates available
,2024,,Giumarra,,Grape,FLAME,FLAME SEEDLESS,,B,BAG,85.0,1615.0,,Invoice_Grape_Giumarra_1.xlsx [pre-loaded],2024 season - no dates available
,2024,,Giumarra,,Grape,FLAME,FLAME SEEDLESS,,A,BAG,180.0,3249.0,,Invoice_Grape_Giumarra_1.xlsx [pre-loaded],2024 season - no dates available
,2024,,Giumarra,,Grape,FLAME,FLAME SEEDLESS,,A,BAG,1168.0,21082.4,,Invoice_Grape_Giumarra_1.xlsx [pre-loaded],2024 season - no dates available
,2024,,Giumarra,,Grape,FLAME,FLAME SEEDLESS,,B,BAG,180.0,3420.0,,Invoice_Grape_Giumarra_1.xlsx [pre-loaded],2024 season - no dates available
,2024,,Giumarra,,Grape,FLAME,FLAME SEEDLESS,,B,BAG,595.0,10739.75,,Invoice_Grape_Giumarra_1.xlsx [pre-loaded],2024 season - no dates available
,2024,,Giumarra,,Grape,FLAME,FLAME SEEDLESS,,A,BAG,629.9999999999,11371.5,,Invoice_Grape_Giumarra_1.xlsx [pre-loaded],2024 season - no dates available
,2024,,Giumarra,,Grape,FLAME,FLAME SEEDLESS,,B,BAG,540.0,9045.0,,Invoice_Grape_Giumarra_1.xlsx [pre-loaded],2024 season - no dates available
,2024,,Giumarra,,Grape,FLAME,FLAME SEEDLESS,,B,BAG,540.0,9747.0,,Invoice_Grape_Giumarra_1.xlsx [pre-loaded],2024 season - no dates available
,2024,,Giumarra,,Grape,FLAME,FLAME SEEDLESS,,A,BAG,1980.0,35739.0,,Invoice_Grape_Giumarra_1.xlsx [pre-loaded],2024 season - no dates available
,2024,,Giumarra,,Grape,FLAME,FLAME SEEDLESS,,A,BAG,1169.0,21100.45,,Invoice_Grape_Giumarra_1.xlsx [pre-loaded],2024 season - no dates available
,2024,,Giumarra,,Grape,FLAME,FLAME SEEDLESS,,B,BAG,595.0,11305.0,,Invoice_Grape_Giumarra_1.xlsx [pre-loaded],2024 season - no dates available
,2024,,Giumarra,,Grape,FLAME,FLAME SEEDLESS,,B,BAG,809.9999999999,14620.5,,Invoice_Grape_Giumarra_1.xlsx [pre-loaded],2024 season - no dates available
,2024,,Giumarra,,Grape,FLAME,FLAME SEEDLESS,,A,BAG,809.9999999999,14620.5,,Invoice_Grape_Giumarra_1.xlsx [pre-loaded],2024 season - no dates available
,2024,,Giumarra,,Grape,FLAME,FLAME SEEDLESS,,B,BAG,630.0,11371.5,,Invoice_Grape_Giumarra_1.xlsx [pre-loaded],2024 season - no dates available
,2024,,Giumarra,,Grape,FLAME,FLAME SEEDLESS,,B,BAG,425.0,5950.0,,Invoice_Grape_Giumarra_1.xlsx [pre-loaded],2024 season - no dates available
,2024,,Giumarra,,Grape,SUMMER ROYAL,BLACK SEEDLESS,,A,BAG,90.0,1507.5,,Invoice_Grape_Giumarra_1.xlsx [pre-loaded],2024 season - no dates available
,2024,,Giumarra,,Grape,SUGAR DROP,WHITE SEEDLESS TYPE,,B,BAG,89.9999999999,1710.0,,Invoice_Grape_Giumarra_1.xlsx [pre-loaded],2024 season - no dates available
,2024,,Giumarra,,Grape,SUGAR DROP,WHITE SEEDLESS TYPE,,B,BAG,180.0,3420.0,,Invoice_Grape_Giumarra_1.xlsx [pre-loaded],2024 season - no dates available
,2024,,Giumarra,,Grape,SUGAR DROP,WHITE SEEDLESS TYPE,,B,BAG,1929.9999999998,32809.9999999998,,Invoice_Grape_Giumarra_1.xlsx [pre-loaded],2024 season - no dates available
,2024,,Giumarra,,Grape,SUGAR DROP,WHITE SEEDLESS TYPE,,B,BAG,720.0,20916.0,,Invoice_Grape_Giumarra_1.xlsx [pre-loaded],2024 season - no dates available
,2024,,Giumarra,,Grape,SUGAR DROP,WHITE SEEDLESS TYPE,,B,BAG,1965.0,33405.0,,Invoice_Grape_Giumarra_1.xlsx [pre-loaded],2024 season - no dates available
,2024,,Giumarra,,Grape,SUGAR DROP,WHITE SEEDLESS TYPE,,B,BAG,90.0,1890.0,,Invoice_Grape_Giumarra_1.xlsx [pre-loaded],2024 season - no dates available
,2024,,Giumarra,,Grape,SUGAR DROP,WHITE SEEDLESS TYPE,,B,BAG,90.0,1980.0,,Invoice_Grape_Giumarra_1.xlsx [pre-loaded],2024 season - no dates available
,2024,,Giumarra,,Grape,HONEY POP,WHITE SEEDLESS TYPE,,B,BAG,270.0,6210.0,,Invoice_Grape_Giumarra_1.xlsx [pre-loaded],2024 season - no dates available
,2024,,Giumarra,,Grape,HONEY POP,WHITE SEEDLESS TYPE,,B,BAG,540.0,12420.0,,Invoice_Grape_Giumarra_1.xlsx [pre-loaded],2024 season - no dates available
,2024,,Giumarra,,Grape,EARLY SWEET,WHITE SEEDLESS TYPE,,B,BAG,90.0,1800.0,,Invoice_Grape_Giumarra_1.xlsx [pre-loaded],2024 season - no dates available
,2024,,Giumarra,,Grape,EARLY SWEET,WHITE SEEDLESS TYPE,,B,CLAM,320.0,7040.0,,Invoice_Grape_Giumarra_1.xlsx [pre-loaded],2024 season - no dates available
,2024,,Giumarra,,Grape,ARRA_83,WHITE SEEDLESS TYPE,,B,BAG,160.0,5128.0,,Invoice_Grape_Giumarra_1.xlsx [pre-loaded],2024 season - no dates available
,2024,,Giumarra,,Grape,FLAME,FLAME SEEDLESS,,B,BAG,358.9999999999,6821.0,,Invoice_Grape_Giumarra_1.xlsx [pre-loaded],2024 season - no dates available
,2024,,Giumarra,,Grape,FLAME,FLAME SEEDLESS,,B,BAG,89.9999999999,1710.0,,Invoice_Grape_Giumarra_1.xlsx [pre-loaded],2024 season - no dates available
,2024,,Giumarra,,Grape,FLAME,FLAME SEEDLESS,,B,BAG,89.9999999999,1710.0,,Invoice_Grape_Giumarra_1.xlsx [pre-loaded],2024 season - no dates available
,2024,,Giumarra,,Grape,FLAME,FLAME SEEDLESS,,A,BAG,1980.0,25740.0,,Invoice_Grape_Giumarra_1.xlsx [pre-loaded],2024 season - no dates available
,2024,,Giumarra,,Grape,FLAME,FLAME SEEDLESS,,B,BAG,270.0,5130.0,,Invoice_Grape_Giumarra_1.xlsx [pre-loaded],2024 season - no dates available
,2024,,Giumarra,,Grape,FLAME,FLAME SEEDLESS,,B,BAG,1875.0,38906.25,,Invoice_Grape_Giumarra_1.xlsx [pre-loaded],2024 season - no dates available
,2024,,Giumarra,,Grape,FLAME,FLAME SEEDLESS,,B,BAG,1880.0,33934.0,,Invoice_Grape_Giumarra_1.xlsx [pre-loaded],2024 season - no dates available
,2024,,Giumarra,,Grape,FLAME,FLAME SEEDLESS,,B,BAG,595.0,16094.75,,Invoice_Grape_Giumarra_1.xlsx [pre-loaded],2024 season - no dates available
,2024,,Giumarra,,Grape,FLAME,FLAME SEEDLESS,,B,BAG,90.0,1890.0,,Invoice_Grape_Giumarra_1.xlsx [pre-loaded],2024 season - no dates available
,2024,,Giumarra,,Grape,FLAME,FLAME SEEDLESS,,B,BAG,1980.0,33660.0,,Invoice_Grape_Giumarra_1.xlsx [pre-loaded],2024 season - no dates available
,2024,,Giumarra,,Grape,FLAME,FLAME SEEDLESS,,B,CLAM,450.0,10350.0,,Invoice_Grape_Giumarra_1.xlsx [pre-loaded],2024 season - no dates available
,2024,,Giumarra,,Grape,PASSION FIRE,BLACK SEEDLESS,,B,BAG,90.0,2070.0,,Invoice_Grape_Giumarra_1.xlsx [pre-loaded],2024 season - no dates available
,2024,,Giumarra,,Grape,PASSION FIRE,BLACK SEEDLESS,,B,BAG,90.0,1890.0,,Invoice_Grape_Giumarra_1.xlsx [pre-loaded],2024 season - no dates available
,2024,,Giumarra,,Grape,PASSION FIRE,BLACK SEEDLESS,,A,BAG,269.9999999999,5953.4999999999,,Invoice_Grape_Giumarra_1.xlsx [pre-loaded],2024 season - no dates available
,2024,,Giumarra,,Grape,PASSION FIRE,BLACK SEEDLESS,,A,BAG,990.0,21829.5,,Invoice_Grape_Giumarra_1.xlsx [pre-loaded],2024 season - no dates available
,2024,,Giumarra,,Grape,PASSION FIRE,BLACK SEEDLESS,,A,BAG,180.0,3969.0,,Invoice_Grape_Giumarra_1.xlsx [pre-loaded],2024 season - no dates available
,2024,,Giumarra,,Grape,PASSION FIRE,BLACK SEEDLESS,,A,BAG,85.0,1874.25,,Invoice_Grape_Giumarra_1.xlsx [pre-loaded],2024 season - no dates available
,2024,,Giumarra,,Grape,PASSION FIRE,BLACK SEEDLESS,,A,BAG,680.0,14280.0,,Invoice_Grape_Giumarra_1.xlsx [pre-loaded],2024 season - no dates available
,2024,,Giumarra,,Grape,PASSION FIRE,BLACK SEEDLESS,,B,BAG,84.0,1596.0,,Invoice_Grape_Giumarra_1.xlsx [pre-loaded],2024 season - no dates available
,2024,,Giumarra,,Grape,SUGAR DROP,WHITE SEEDLESS TYPE,,A,BAG,450.0,8549.9999999999,,Invoice_Grape_Giumarra_1.xlsx [pre-loaded],2024 season - no dates available
,2024,,Giumarra,,Grape,SUGAR DROP,WHITE SEEDLESS TYPE,,A,BAG,360.0,6839.9999999999,,Invoice_Grape_Giumarra_1.xlsx [pre-loaded],2024 season - no dates available
,2024,,Giumarra,,Grape,SUGAR DROP,WHITE SEEDLESS TYPE,,A,BAG,180.0,3420.0,,Invoice_Grape_Giumarra_1.xlsx [pre-loaded],2024 season - no dates available
,2024,,Giumarra,,Grape,EARLY SWEET,WHITE SEEDLESS TYPE,,A,BAG,90.0,1710.0,,Invoice_Grape_Giumarra_1.xlsx [pre-loaded],2024 season - no dates available
,2024,,Giumarra,,Grape,EARLY SWEET,WHITE SEEDLESS TYPE,,A,BAG,1170.0,22230.0,,Invoice_Grape_Giumarra_1.xlsx [pre-loaded],2024 season - no dates available
,2024,,Giumarra,,Grape,EARLY SWEET,WHITE SEEDLESS TYPE,,A,BAG,90.0,1710.0,,Invoice_Grape_Giumarra_1.xlsx [pre-loaded],2024 season - no dates available
,2024,,Giumarra,,Grape,EARLY SWEET,WHITE SEEDLESS TYPE,,A,BAG,719.9999999999,13680.0,,Invoice_Grape_Giumarra_1.xlsx [pre-loaded],2024 season - no dates available
,2024,,Giumarra,,Grape,EARLY SWEET,WHITE SEEDLESS TYPE,,A,BAG,360.0,6840.0,,Invoice_Grape_Giumarra_1.xlsx [pre-loaded],2024 season - no dates available
,2024,,Giumarra,,Grape,EARLY SWEET,WHITE SEEDLESS TYPE,,B,BAG,90.0,1980.0,,Invoice_Grape_Giumarra_1.xlsx [pre-loaded],2024 season - no dates available
,2024,,Giumarra,,Grape,FLAME,FLAME SEEDLESS,,B,BAG,90.0,1890.0,,Invoice_Grape_Giumarra_1.xlsx [pre-loaded],2024 season - no dates available
,2024,,Giumarra,,Grape,EARLY SWEET,WHITE SEEDLESS TYPE,,B,BAG,540.0,21060.0,,Invoice_Grape_Giumarra_1.xlsx [pre-loaded],2024 season - no dates available
,2024,,Giumarra,,Grape,PASSION FIRE,BLACK SEEDLESS,,B,BAG,810.0,18630.0,,Invoice_Grape_Giumarra_1.xlsx [pre-loaded],2024 season - no dates available
,2024,,Giumarra,,Grape,PASSION FIRE,BLACK SEEDLESS,,B,BAG,540.0,12420.0,,Invoice_Grape_Giumarra_1.xlsx [pre-loaded],2024 season - no dates available
,2024,,Giumarra,,Grape,EARLY SWEET,WHITE SEEDLESS TYPE,,B,BAG,2160.0,41256.0,,Invoice_Grape_Giumarra_1.xlsx [pre-loaded],2024 season - no dates available
,2024,,Giumarra,,Grape,EARLY SWEET,WHITE SEEDLESS TYPE,,B,BAG,2160.0,41256.0,,Invoice_Grape_Giumarra_1.xlsx [pre-loaded],2024 season - no dates available
,2024,,Giumarra,,Grape,EARLY SWEET,WHITE SEEDLESS TYPE,,B,BAG,2160.0,42854.4,,Invoice_Grape_Giumarra_1.xlsx [pre-loaded],2024 season - no dates available
,2024,,Giumarra,,Grape,EARLY SWEET,WHITE SEEDLESS TYPE,,B,BAG,2160.0,45511.2,,Invoice_Grape_Giumarra_1.xlsx [pre-loaded],2024 season - no dates available
,2024,,Giumarra,,Grape,EARLY SWEET,WHITE SEEDLESS TYPE,,B,BAG,1350.0,28863.0,,Invoice_Grape_Giumarra_1.xlsx [pre-loaded],2024 season - no dates available
,2024,,Giumarra,,Grape,EARLY SWEET,WHITE SEEDLESS TYPE,,B,BAG,180.0,3792.6,,Invoice_Grape_Giumarra_1.xlsx [pre-loaded],2024 season - no dates available
,2024,,Giumarra,,Grape,EARLY SWEET,WHITE SEEDLESS TYPE,,B,BAG,90.0,1800.0,,Invoice_Grape_Giumarra_1.xlsx [pre-loaded],2024 season - no dates available
,2024,,Giumarra,,Grape,EARLY SWEET,WHITE SEEDLESS TYPE,,B,BAG,540.0,12004.2,,Invoice_Grape_Giumarra_1.xlsx [pre-loaded],2024 season - no dates available
,2024,,Giumarra,,Grape,EARLY SWEET,WHITE SEEDLESS TYPE,,B,BAG,90.0,1871.1,,Invoice_Grape_Giumarra_1.xlsx [pre-loaded],2024 season - no dates available
,2024,,Giumarra,,Grape,EARLY SWEET,WHITE SEEDLESS TYPE,,B,BAG,1980.0,41718.6,,Invoice_Grape_Giumarra_1.xlsx [pre-loaded],2024 season - no dates available
,2024,,Giumarra,,Grape,EARLY SWEET,WHITE SEEDLESS TYPE,,B,BAG,2160.0,45511.2,,Invoice_Grape_Giumarra_1.xlsx [pre-loaded],2024 season - no dates available
,2024,,Giumarra,,Grape,EARLY SWEET,WHITE SEEDLESS TYPE,,B,BAG,2070.0,41400.0,,Invoice_Grape_Giumarra_1.xlsx [pre-loaded],2024 season - no dates available
,2024,,Giumarra,,Grape,EARLY SWEET,WHITE SEEDLESS TYPE,,B,BAG,2159.9999999999,43653.5999999999,,Invoice_Grape_Giumarra_1.xlsx [pre-loaded],2024 season - no dates available
,2024,,Giumarra,,Grape,EARLY SWEET,WHITE SEEDLESS TYPE,,B,BAG,2160.0,53481.6,,Invoice_Grape_Giumarra_1.xlsx [pre-loaded],2024 season - no dates available
,2024,,Giumarra,,Grape,EARLY SWEET,WHITE SEEDLESS TYPE,,B,BAG,1619.9999999998,36012.6,,Invoice_Grape_Giumarra_1.xlsx [pre-loaded],2024 season - no dates available
,2024,,Giumarra,,Grape,EARLY SWEET,WHITE SEEDLESS TYPE,,B,BAG,2160.0,48686.4,,Invoice_Grape_Giumarra_1.xlsx [pre-loaded],2024 season - no dates available
,2024,,Giumarra,,Grape,EARLY SWEET,WHITE SEEDLESS TYPE,,B,BAG,2070.0,43035.3,,Invoice_Grape_Giumarra_1.xlsx [pre-loaded],2024 season - no dates available
,2024,,Giumarra,,Grape,EARLY SWEET,WHITE SEEDLESS TYPE,,B,BAG,180.0,3063.6,,Invoice_Grape_Giumarra_1.xlsx [pre-loaded],2024 season - no dates available
,2024,,Giumarra,,Grape,EARLY SWEET,WHITE SEEDLESS TYPE,,B,BAG,90.0,1511.1,,Invoice_Grape_Giumarra_1.xlsx [pre-loaded],2024 season - no dates available
,2024,,Giumarra,,Grape,EARLY SWEET,WHITE SEEDLESS TYPE,,B,BAG,2160.0,49982.4,,Invoice_Grape_Giumarra_1.xlsx [pre-loaded],2024 season - no dates available
,2024,,Giumarra,,Grape,EARLY SWEET,WHITE SEEDLESS TYPE,,B,BAG,2160.0,45511.2,,Invoice_Grape_Giumarra_1.xlsx [pre-loaded],2024 season - no dates available
,2024,,Giumarra,,Grape,EARLY SWEET,WHITE SEEDLESS TYPE,,B,BAG,2160.0,36979.2,,Invoice_Grape_Giumarra_1.xlsx [pre-loaded],2024 season - no dates available
,2024,,Giumarra,,Grape,EARLY SWEET,WHITE SEEDLESS TYPE,,B,BAG,2159.9999999999,35467.2,,Invoice_Grape_Giumarra_1.xlsx [pre-loaded],2024 season - no dates available
,2024,,Giumarra,,Grape,EARLY SWEET,WHITE SEEDLESS TYPE,,B,BAG,180.0,3024.0,,Invoice_Grape_Giumarra_1.xlsx [pre-loaded],2024 season - no dates available
,2024,,Giumarra,,Grape,EARLY SWEET,WHITE SEEDLESS TYPE,,B,BAG,900.0,15318.0,,Invoice_Grape_Giumarra_1.xlsx [pre-loaded],2024 season - no dates available
,2024,,Giumarra,,Grape,EARLY SWEET,WHITE SEEDLESS TYPE,,B,BAG,180.0,3022.2,,Invoice_Grape_Giumarra_1.xlsx [pre-loaded],2024 season - no dates available
,2024,,Giumarra,,Grape,EARLY SWEET,WHITE SEEDLESS TYPE,,B,BAG,2160.0,33436.8,,Invoice_Grape_Giumarra_1.xlsx [pre-loaded],2024 season - no dates available
,2024,,Giumarra,,Grape,EARLY SWEET,WHITE SEEDLESS TYPE,,B,BAG,1980.0,33264.0,,Invoice_Grape_Giumarra_1.xlsx [pre-loaded],2024 season - no dates available
,2024,,Giumarra,,Grape,EARLY SWEET,WHITE SEEDLESS TYPE,,B,BAG,2160.0,36914.4,,Invoice_Grape_Giumarra_1.xlsx [pre-loaded],2024 season - no dates available
,2024,,Giumarra,,Grape,EARLY SWEET,WHITE SEEDLESS TYPE,,B,BAG,1530.0,25933.5,,Invoice_Grape_Giumarra_1.xlsx [pre-loaded],2024 season - no dates available
,2024,,Giumarra,,Grape,EARLY SWEET,WHITE SEEDLESS TYPE,,B,BAG,270.0,4533.3,,Invoice_Grape_Giumarra_1.xlsx [pre-loaded],2024 season - no dates available
,2024,,Giumarra,,Grape,EARLY SWEET,WHITE SEEDLESS TYPE,,B,BAG,630.0,10678.5,,Invoice_Grape_Giumarra_1.xlsx [pre-loaded],2024 season - no dates available
,2024,,Giumarra,,Grape,EARLY SWEET,WHITE SEEDLESS TYPE,,B,BAG,1080.0,18381.6,,Invoice_Grape_Giumarra_1.xlsx [pre-loaded],2024 season - no dates available
,2024,,Giumarra,,Grape,EARLY SWEET,WHITE SEEDLESS TYPE,,B,BAG,1350.0,22666.5,,Invoice_Grape_Giumarra_1.xlsx [pre-loaded],2024 season - no dates available
,2024,,Giumarra,,Grape,EARLY SWEET,WHITE SEEDLESS TYPE,,B,BAG,1710.0,31994.1,,Invoice_Grape_Giumarra_1.xlsx [pre-loaded],2024 season - no dates available
,2024,,Giumarra,,Grape,EARLY SWEET,WHITE SEEDLESS TYPE,,B,BAG,2159.9999999997,36849.5999999999,,Invoice_Grape_Giumarra_1.xlsx [pre-loaded],2024 season - no dates available
,2024,,Giumarra,,Grape,EARLY SWEET,WHITE SEEDLESS TYPE,,B,BAG,2159.9999999999,29181.5999999999,,Invoice_Grape_Giumarra_1.xlsx [pre-loaded],2024 season - no dates available
,2024,,Giumarra,,Grape,EARLY SWEET,WHITE SEEDLESS TYPE,,B,BAG,1620.0,27297.0,,Invoice_Grape_Giumarra_1.xlsx [pre-loaded],2024 season - no dates available
,2024,,Giumarra,,Grape,EARLY SWEET,WHITE SEEDLESS TYPE,,B,BAG,2160.0,32616.0,,Invoice_Grape_Giumarra_1.xlsx [pre-loaded],2024 season - no dates available
,2024,,Giumarra,,Grape,EARLY SWEET,WHITE SEEDLESS TYPE,,B,BAG,360.0,5436.0,,Invoice_Grape_Giumarra_1.xlsx [pre-loaded],2024 season - no dates available
,2024,,Giumarra,,Grape,EARLY SWEET,WHITE SEEDLESS TYPE,,B,BAG,720.0,10872.0,,Invoice_Grape_Giumarra_1.xlsx [pre-loaded],2024 season - no dates available
,2024,,Giumarra,,Grape,EARLY SWEET,WHITE SEEDLESS TYPE,,B,BAG,1440.0,21744.0,,Invoice_Grape_Giumarra_1.xlsx [pre-loaded],2024 season - no dates available
,2024,,Giumarra,,Grape,EARLY SWEET,WHITE SEEDLESS TYPE,,B,BAG,89.9999999999,1359.0,,Invoice_Grape_Giumarra_1.xlsx [pre-loaded],2024 season - no dates available
,2024,,Giumarra,,Grape,EARLY SWEET,WHITE SEEDLESS TYPE,,B,BAG,540.0,9099.0,,Invoice_Grape_Giumarra_1.xlsx [pre-loaded],2024 season - no dates available
,2024,,Giumarra,,Grape,EARLY SWEET,WHITE SEEDLESS TYPE,,B,BAG,1799.9999999999,27179.9999999999,,Invoice_Grape_Giumarra_1.xlsx [pre-loaded],2024 season - no dates available
,2024,,Giumarra,,Grape,EARLY SWEET,WHITE SEEDLESS TYPE,,B,BAG,1170.0,17667.0,,Invoice_Grape_Giumarra_1.xlsx [pre-loaded],2024 season - no dates available
,2024,,Giumarra,,Grape,EARLY SWEET,WHITE SEEDLESS TYPE,,B,BAG,180.0,2718.0,,Invoice_Grape_Giumarra_1.xlsx [pre-loaded],2024 season - no dates available
,2024,,Giumarra,,Grape,EARLY SWEET,WHITE SEEDLESS TYPE,,B,BAG,180.0,2718.0,,Invoice_Grape_Giumarra_1.xlsx [pre-loaded],2024 season - no dates available
,2024,,Giumarra,,Grape,EARLY SWEET,WHITE SEEDLESS TYPE,,B,BAG,2160.0,32616.0,,Invoice_Grape_Giumarra_1.xlsx [pre-loaded],2024 season - no dates available
,2024,,Giumarra,,Grape,EARLY SWEET,WHITE SEEDLESS TYPE,,B,BAG,2160.0,32616.0,,Invoice_Grape_Giumarra_1.xlsx [pre-loaded],2024 season - no dates available
,2024,,Giumarra,,Grape,EARLY SWEET,WHITE SEEDLESS TYPE,,B,BAG,83.9999999999,1407.0,,Invoice_Grape_Giumarra_1.xlsx [pre-loaded],2024 season - no dates available
,2024,,Giumarra,,Grape,EARLY SWEET,WHITE SEEDLESS TYPE,,B,BAG,180.0,3015.0,,Invoice_Grape_Giumarra_1.xlsx [pre-loaded],2024 season - no dates available
,2024,,Giumarra,,Grape,EARLY SWEET,WHITE SEEDLESS TYPE,,B,BAG,180.0,3015.0,,Invoice_Grape_Giumarra_1.xlsx [pre-loaded],2024 season - no dates available
,2024,,Giumarra,,Grape,EARLY SWEET,WHITE SEEDLESS TYPE,,B,BAG,85.0,1423.75,,Invoice_Grape_Giumarra_1.xlsx [pre-loaded],2024 season - no dates available
,2024,,Giumarra,,Grape,FLAME,FLAME SEEDLESS,,B,BAG,90.0,1890.0,,Invoice_Grape_Giumarra_1.xlsx [pre-loaded],2024 season - no dates available
,2024,,Giumarra,,Grape,EARLY SWEET,WHITE SEEDLESS TYPE,,B,BAG,90.0,3127.5,,Invoice_Grape_Giumarra_1.xlsx [pre-loaded],2024 season - no dates available
,2024,,Giumarra,,Grape,EARLY SWEET,WHITE SEEDLESS TYPE,,B,BAG,360.0,12978.0,,Invoice_Grape_Giumarra_1.xlsx [pre-loaded],2024 season - no dates available
,2024,,Giumarra,,Grape,EARLY SWEET,WHITE SEEDLESS TYPE,,B,BAG,1980.0,85140.0,,Invoice_Grape_Giumarra_1.xlsx [pre-loaded],2024 season - no dates available
,2024,,Giumarra,,Grape,PASSION FIRE,BLACK SEEDLESS,,B,BAG,360.0,6840.0,,Invoice_Grape_Giumarra_1.xlsx [pre-loaded],2024 season - no dates available
,2024,,Giumarra,,Grape,SUGAR DROP,WHITE SEEDLESS TYPE,,B,BAG,89.9999999999,1597.5,,Invoice_Grape_Giumarra_1.xlsx [pre-loaded],2024 season - no dates available
,2024,,Giumarra,,Grape,SUGAR DROP,WHITE SEEDLESS TYPE,,B,BAG,1889.9999999999,33547.5,,Invoice_Grape_Giumarra_1.xlsx [pre-loaded],2024 season - no dates available
,2024,,Giumarra,,Grape,SUGAR DROP,WHITE SEEDLESS TYPE,,B,BAG,90.0,1710.0,,Invoice_Grape_Giumarra_1.xlsx [pre-loaded],2024 season - no dates available
,2024,,Giumarra,,Grape,SUGAR DROP,WHITE SEEDLESS TYPE,,B,BAG,360.0,6840.0,,Invoice_Grape_Giumarra_1.xlsx [pre-loaded],2024 season - no dates available
,2024,,Giumarra,,Grape,SUGAR DROP,WHITE SEEDLESS TYPE,,B,BAG,540.0,10260.0,,Invoice_Grape_Giumarra_1.xlsx [pre-loaded],2024 season - no dates available
,2024,,Giumarra,,Grape,SUGAR DROP,WHITE SEEDLESS TYPE,,B,BAG,90.0,1620.0,,Invoice_Grape_Giumarra_1.xlsx [pre-loaded],2024 season - no dates available
,2024,,Giumarra,,Grape,SUGAR DROP,WHITE SEEDLESS TYPE,,B,BAG,595.0,9966.25,,Invoice_Grape_Giumarra_1.xlsx [pre-loaded],2024 season - no dates available
,2024,,Giumarra,,Grape,SUGAR DROP,WHITE SEEDLESS TYPE,,B,BAG,270.0,5130.0,,Invoice_Grape_Giumarra_1.xlsx [pre-loaded],2024 season - no dates available
,2024,,Giumarra,,Grape,SUGAR DROP,WHITE SEEDLESS TYPE,,B,BAG,1440.0,27360.0,,Invoice_Grape_Giumarra_1.xlsx [pre-loaded],2024 season - no dates available
,2024,,Giumarra,,Grape,SUGAR DROP,WHITE SEEDLESS TYPE,,B,BAG,540.0,9720.0,,Invoice_Grape_Giumarra_1.xlsx [pre-loaded],2024 season - no dates available
,2024,,Giumarra,,Grape,SUGAR DROP,WHITE SEEDLESS TYPE,,B,BAG,90.0,1890.0,,Invoice_Grape_Giumarra_1.xlsx [pre-loaded],2024 season - no dates available
,2024,,Giumarra,,Grape,SUGAR DROP,WHITE SEEDLESS TYPE,,B,BAG,85.0,1593.75,,Invoice_Grape_Giumarra_1.xlsx [pre-loaded],2024 season - no dates available
,2024,,Giumarra,,Grape,SUGAR DROP,WHITE SEEDLESS TYPE,,B,BAG,1970.0,39498.5,,Invoice_Grape_Giumarra_1.xlsx [pre-loaded],2024 season - no dates available
,2024,,Giumarra,,Grape,SUGAR DROP,WHITE SEEDLESS TYPE,,B,BAG,540.0,10800.0,,Invoice_Grape_Giumarra_1.xlsx [pre-loaded],2024 season - no dates available
,2024,,Giumarra,,Grape,SUGAR DROP,WHITE SEEDLESS TYPE,,B,BAG,1975.0,44931.25,,Invoice_Grape_Giumarra_1.xlsx [pre-loaded],2024 season - no dates available
,2024,,Giumarra,,Grape,SUGAR DROP,WHITE SEEDLESS TYPE,,B,BAG,775.0,14725.0,,Invoice_Grape_Giumarra_1.xlsx [pre-loaded],2024 season - no dates available
,2024,,Giumarra,,Grape,SUGAR DROP,WHITE SEEDLESS TYPE,,B,BAG,175.0,2975.0,,Invoice_Grape_Giumarra_1.xlsx [pre-loaded],2024 season - no dates available
,2024,,Giumarra,,Grape,SUGAR DROP,WHITE SEEDLESS TYPE,,B,BAG,850.0,16150.0,,Invoice_Grape_Giumarra_1.xlsx [pre-loaded],2024 season - no dates available
,2024,,Giumarra,,Grape,SUGAR DROP,WHITE SEEDLESS TYPE,,B,BAG,1020.0,21420.0,,Invoice_Grape_Giumarra_1.xlsx [pre-loaded],2024 season - no dates available
,2024,,Giumarra,,Grape,SUGAR DROP,WHITE SEEDLESS TYPE,,B,BAG,850.0,15300.0,,Invoice_Grape_Giumarra_1.xlsx [pre-loaded],2024 season - no dates available
,2024,,Giumarra,,Grape,SUGAR DROP,WHITE SEEDLESS TYPE,,B,BAG,595.0,9966.25,,Invoice_Grape_Giumarra_1.xlsx [pre-loaded],2024 season - no dates available
,2024,,Giumarra,,Grape,SUGAR DROP,WHITE SEEDLESS TYPE,,B,BAG,255.0,4335.0,,Invoice_Grape_Giumarra_1.xlsx [pre-loaded],2024 season - no dates available
,2024,,Giumarra,,Grape,SUGAR DROP,WHITE SEEDLESS TYPE,,B,BAG,940.0,15745.0,,Invoice_Grape_Giumarra_1.xlsx [pre-loaded],2024 season - no dates available
,2024,,Giumarra,,Grape,SUGAR DROP,WHITE SEEDLESS TYPE,,B,BAG,685.0,11473.75,,Invoice_Grape_Giumarra_1.xlsx [pre-loaded],2024 season - no dates available
,2024,,Giumarra,,Grape,HONEY POP,WHITE SEEDLESS TYPE,,B,BAG,90.0,2169.0,,Invoice_Grape_Giumarra_1.xlsx [pre-loaded],2024 season - no dates available
,2024,,Giumarra,,Grape,HONEY POP,WHITE SEEDLESS TYPE,,B,BAG,1080.0,23738.4,,Invoice_Grape_Giumarra_1.xlsx [pre-loaded],2024 season - no dates available
,2024,,Giumarra,,Grape,HONEY POP,WHITE SEEDLESS TYPE,,B,BAG,810.0,18427.5,,Invoice_Grape_Giumarra_1.xlsx [pre-loaded],2024 season - no dates available
,2024,,Giumarra,,Grape,HONEY POP,WHITE SEEDLESS TYPE,,B,BAG,1170.0,26617.5,,Invoice_Grape_Giumarra_1.xlsx [pre-loaded],2024 season - no dates available
,2024,,Giumarra,,Grape,FLAME,FLAME SEEDLESS,,B,BAG,450.0,6997.5,,Invoice_Grape_Giumarra_1.xlsx [pre-loaded],2024 season - no dates available
,2024,,Giumarra,,Grape,FLAME,FLAME SEEDLESS,,B,BAG,90.0,1507.5,,Invoice_Grape_Giumarra_1.xlsx [pre-loaded],2024 season - no dates available
,2024,,Giumarra,,Grape,FLAME,FLAME SEEDLESS,,A,BAG,180.0,3249.0,,Invoice_Grape_Giumarra_1.xlsx [pre-loaded],2024 season - no dates available
,2024,,Giumarra,,Grape,FLAME,FLAME SEEDLESS,,B,BAG,534.9999999999,10165.0,,Invoice_Grape_Giumarra_1.xlsx [pre-loaded],2024 season - no dates available
,2024,,Giumarra,,Grape,FLAME,FLAME SEEDLESS,,B,BAG,180.0,3735.0,,Invoice_Grape_Giumarra_1.xlsx [pre-loaded],2024 season - no dates available
,2024,,Giumarra,,Grape,FLAME,FLAME SEEDLESS,,B,BAG,680.0,12920.0,,Invoice_Grape_Giumarra_1.xlsx [pre-loaded],2024 season - no dates available
,2024,,Giumarra,,Grape,FLAME,FLAME SEEDLESS,,B,BAG,1440.0,23040.0,,Invoice_Grape_Giumarra_1.xlsx [pre-loaded],2024 season - no dates available
,2024,,Giumarra,,Grape,FLAME,FLAME SEEDLESS,,B,BAG,1800.0,37350.0,,Invoice_Grape_Giumarra_1.xlsx [pre-loaded],2024 season - no dates available
,2024,,Giumarra,,Grape,FLAME,FLAME SEEDLESS,,B,BAG,630.0,10710.0,,Invoice_Grape_Giumarra_1.xlsx [pre-loaded],2024 season - no dates available
,2024,,Giumarra,,Grape,FLAME,FLAME SEEDLESS,,B,BAG,90.0,1890.0,,Invoice_Grape_Giumarra_1.xlsx [pre-loaded],2024 season - no dates available
,2024,,Giumarra,,Grape,FLAME,FLAME SEEDLESS,,A,BAG,1260.0,22743.0,,Invoice_Grape_Giumarra_1.xlsx [pre-loaded],2024 season - no dates available
,2024,,Giumarra,,Grape,FLAME,FLAME SEEDLESS,,A,BAG,1350.0,24367.5,,Invoice_Grape_Giumarra_1.xlsx [pre-loaded],2024 season - no dates available
,2024,,Giumarra,,Grape,FLAME,FLAME SEEDLESS,,B,BAG,270.0,5129.9999999999,,Invoice_Grape_Giumarra_1.xlsx [pre-loaded],2024 season - no dates available
,2024,,Giumarra,,Grape,FLAME,FLAME SEEDLESS,,B,BAG,90.0,1530.0,,Invoice_Grape_Giumarra_1.xlsx [pre-loaded],2024 season - no dates available
,2024,,Giumarra,,Grape,FLAME,FLAME SEEDLESS,,A,BAG,450.0,8122.5,,Invoice_Grape_Giumarra_1.xlsx [pre-loaded],2024 season - no dates available
,2024,,Giumarra,,Grape,FLAME,FLAME SEEDLESS,,B,BAG,90.0,1507.5,,Invoice_Grape_Giumarra_1.xlsx [pre-loaded],2024 season - no dates available
,2024,,Giumarra,,Grape,FLAME,FLAME SEEDLESS,,B,BAG,259.9999999999,4940.0,,Invoice_Grape_Giumarra_1.xlsx [pre-loaded],2024 season - no dates available
,2024,,Giumarra,,Grape,FLAME,FLAME SEEDLESS,,B,BAG,360.0,6480.0,,Invoice_Grape_Giumarra_1.xlsx [pre-loaded],2024 season - no dates available
,2024,,Giumarra,,Grape,FLAME,FLAME SEEDLESS,,B,BAG,355.0,6745.0,,Invoice_Grape_Giumarra_1.xlsx [pre-loaded],2024 season - no dates available
,2024,,Giumarra,,Grape,FLAME,FLAME SEEDLESS,,B,CLAM,75.0,1575.0,,Invoice_Grape_Giumarra_1.xlsx [pre-loaded],2024 season - no dates available
,2024,,Giumarra,,Grape,FLAME,FLAME SEEDLESS,,B,BAG,255.0,4590.0,,Invoice_Grape_Giumarra_1.xlsx [pre-loaded],2024 season - no dates available
,2024,,Giumarra,,Grape,FLAME,FLAME SEEDLESS,,A,BAG,1350.0,22612.5,,Invoice_Grape_Giumarra_1.xlsx [pre-loaded],2024 season - no dates available
,2024,,Giumarra,,Grape,FLAME,FLAME SEEDLESS,,B,BAG,89.9999999999,1620.0,,Invoice_Grape_Giumarra_1.xlsx [pre-loaded],2024 season - no dates available
,2024,,Giumarra,,Grape,SUMMER ROYAL,BLACK SEEDLESS,,A,BAG,90.0,1867.5,,Invoice_Grape_Giumarra_1.xlsx [pre-loaded],2024 season - no dates available
,2024,,Giumarra,,Grape,SUMMER ROYAL,BLACK SEEDLESS,,A,BAG,90.0,1710.0,,Invoice_Grape_Giumarra_1.xlsx [pre-loaded],2024 season - no dates available
,2024,,Giumarra,,Grape,SUMMER ROYAL,BLACK SEEDLESS,,B,BAG,90.0,1669.5,,Invoice_Grape_Giumarra_1.xlsx [pre-loaded],2024 season - no dates available
,2024,,Giumarra,,Grape,SUMMER ROYAL,BLACK SEEDLESS,,A,BAG,90.0,1867.5,,Invoice_Grape_Giumarra_1.xlsx [pre-loaded],2024 season - no dates available
,2024,,Giumarra,,Grape,SUMMER ROYAL,BLACK SEEDLESS,,A,BAG,180.0,3420.0,,Invoice_Grape_Giumarra_1.xlsx [pre-loaded],2024 season - no dates available
,2024,,Giumarra,,Grape,SUMMER ROYAL,BLACK SEEDLESS,,A,BAG,90.0,1710.0,,Invoice_Grape_Giumarra_1.xlsx [pre-loaded],2024 season - no dates available
,2024,,Giumarra,,Grape,SUMMER ROYAL,BLACK SEEDLESS,,A,BAG,180.0,3420.0,,Invoice_Grape_Giumarra_1.xlsx [pre-loaded],2024 season - no dates available
,2024,,Giumarra,,Grape,SUMMER ROYAL,BLACK SEEDLESS,,A,BAG,180.0,3735.0,,Invoice_Grape_Giumarra_1.xlsx [pre-loaded],2024 season - no dates available
,2024,,Giumarra,,Grape,SUMMER ROYAL,BLACK SEEDLESS,,A,BAG,90.0,1710.0,,Invoice_Grape_Giumarra_1.xlsx [pre-loaded],2024 season - no dates available
,2024,,Giumarra,,Grape,SUMMER ROYAL,BLACK SEEDLESS,,A,BAG,180.0,3420.0,,Invoice_Grape_Giumarra_1.xlsx [pre-loaded],2024 season - no dates available
,2024,,Giumarra,,Grape,PASSION FIRE,BLACK SEEDLESS,,A,BAG,270.0,5670.0,,Invoice_Grape_Giumarra_1.xlsx [pre-loaded],2024 season - no dates available
,2024,,Giumarra,,Grape,PASSION FIRE,BLACK SEEDLESS,,B,BAG,270.0,5670.0,,Invoice_Grape_Giumarra_1.xlsx [pre-loaded],2024 season - no dates available
,2024,,Giumarra,,Grape,PASSION FIRE,BLACK SEEDLESS,,A,BAG,270.0,5670.0,,Invoice_Grape_Giumarra_1.xlsx [pre-loaded],2024 season - no dates available
,2024,,Giumarra,,Grape,SUGAR DROP,WHITE SEEDLESS TYPE,,B,BAG,180.0,2709.0,,Invoice_Grape_Giumarra_1.xlsx [pre-loaded],2024 season - no dates available
,2024,,Giumarra,,Grape,SUGAR DROP,WHITE SEEDLESS TYPE,,B,BAG,254.9999999999,3837.7499999999,,Invoice_Grape_Giumarra_1.xlsx [pre-loaded],2024 season - no dates available
,2024,,Giumarra,,Grape,SUGAR DROP,WHITE SEEDLESS TYPE,,B,CLAM,75.0,1650.0,,Invoice_Grape_Giumarra_1.xlsx [pre-loaded],2024 season - no dates available
,2024,,Giumarra,,Grape,SUGAR DROP,WHITE SEEDLESS TYPE,,B,CLAM,600.0,10200.0,,Invoice_Grape_Giumarra_1.xlsx [pre-loaded],2024 season - no dates available
,2024,,Giumarra,,Grape,SUGAR DROP,WHITE SEEDLESS TYPE,,B,BAG,90.0,1354.5,,Invoice_Grape_Giumarra_1.xlsx [pre-loaded],2024 season - no dates available
,2024,,Giumarra,,Grape,SUGAR DROP,WHITE SEEDLESS TYPE,,B,BAG,1170.0,17608.5,,Invoice_Grape_Giumarra_1.xlsx [pre-loaded],2024 season - no dates available
,2024,,Giumarra,,Grape,SUGAR DROP,WHITE SEEDLESS TYPE,,B,BAG,180.0,2709.0,,Invoice_Grape_Giumarra_1.xlsx [pre-loaded],2024 season - no dates available
,2024,,Giumarra,,Grape,SUGAR DROP,WHITE SEEDLESS TYPE,,B,BAG,270.0,5062.5,,Invoice_Grape_Giumarra_1.xlsx [pre-loaded],2024 season - no dates available
,2024,,Giumarra,,Grape,SUGAR DROP,WHITE SEEDLESS TYPE,,B,BAG,265.0,4968.75,,Invoice_Grape_Giumarra_1.xlsx [pre-loaded],2024 season - no dates available
,2024,,Giumarra,,Grape,SUGAR DROP,WHITE SEEDLESS TYPE,,B,BAG,980.0,14749.0,,Invoice_Grape_Giumarra_1.xlsx [pre-loaded],2024 season - no dates available
,2024,,Giumarra,,Grape,SUGAR DROP,WHITE SEEDLESS TYPE,,B,BAG,1439.0,21656.95,,Invoice_Grape_Giumarra_1.xlsx [pre-loaded],2024 season - no dates available
,2024,,Giumarra,,Grape,SUGAR DROP,WHITE SEEDLESS TYPE,,B,BAG,360.0,5418.0,,Invoice_Grape_Giumarra_1.xlsx [pre-loaded],2024 season - no dates available
,2024,,Giumarra,,Grape,SUGAR DROP,WHITE SEEDLESS TYPE,,B,BAG,935.0,15895.0,,Invoice_Grape_Giumarra_1.xlsx [pre-loaded],2024 season - no dates available
,2024,,Giumarra,,Grape,SUGAR DROP,WHITE SEEDLESS TYPE,,B,BAG,935.0,13791.25,,Invoice_Grape_Giumarra_1.xlsx [pre-loaded],2024 season - no dates available
,2024,,Giumarra,,Grape,SUGAR DROP,WHITE SEEDLESS TYPE,,B,BAG,340.0,5780.0,,Invoice_Grape_Giumarra_1.xlsx [pre-loaded],2024 season - no dates available
,2024,,Giumarra,,Grape,SUGAR DROP,WHITE SEEDLESS TYPE,,B,BAG,985.0,16745.0,,Invoice_Grape_Giumarra_1.xlsx [pre-loaded],2024 season - no dates available
,2024,,Giumarra,,Grape,SUGAR DROP,WHITE SEEDLESS TYPE,,B,BAG,90.0,1444.5,,Invoice_Grape_Giumarra_1.xlsx [pre-loaded],2024 season - no dates available
,2024,,Giumarra,,Grape,SUGAR DROP,WHITE SEEDLESS TYPE,,B,BAG,849.9999999999,12537.5,,Invoice_Grape_Giumarra_1.xlsx [pre-loaded],2024 season - no dates available
,2024,,Giumarra,,Grape,SUGAR DROP,WHITE SEEDLESS TYPE,,B,BAG,935.0,13791.25,,Invoice_Grape_Giumarra_1.xlsx [pre-loaded],2024 season - no dates available
,2024,,Giumarra,,Grape,SUGAR DROP,WHITE SEEDLESS TYPE,,B,BAG,85.0,1445.0,,Invoice_Grape_Giumarra_1.xlsx [pre-loaded],2024 season - no dates available
,2024,,Giumarra,,Grape,SUGAR DROP,WHITE SEEDLESS TYPE,,B,BAG,254.9999999999,4335.0,,Invoice_Grape_Giumarra_1.xlsx [pre-loaded],2024 season - no dates available
,2024,,Giumarra,,Grape,SUGAR DROP,WHITE SEEDLESS TYPE,,B,BAG,1019.9999999999,15044.9999999999,,Invoice_Grape_Giumarra_1.xlsx [pre-loaded],2024 season - no dates available
,2024,,Giumarra,,Grape,SUGAR DROP,WHITE SEEDLESS TYPE,,B,BAG,935.0,13791.25,,Invoice_Grape_Giumarra_1.xlsx [pre-loaded],2024 season - no dates available
,2024,,Giumarra,,Grape,SUGAR DROP,WHITE SEEDLESS TYPE,,B,BAG,340.0,5457.0,,Invoice_Grape_Giumarra_1.xlsx [pre-loaded],2024 season - no dates available
,2024,,Giumarra,,Grape,SUGAR DROP,WHITE SEEDLESS TYPE,,B,BAG,1874.9999999998,28218.75,,Invoice_Grape_Giumarra_1.xlsx [pre-loaded],2024 season - no dates available
,2024,,Giumarra,,Grape,SUGAR DROP,WHITE SEEDLESS TYPE,,B,BAG,770.0,13090.0,,Invoice_Grape_Giumarra_1.xlsx [pre-loaded],2024 season - no dates available
,2024,,Giumarra,,Grape,SUGAR DROP,WHITE SEEDLESS TYPE,,B,BAG,424.9999999999,7224.9999999999,,Invoice_Grape_Giumarra_1.xlsx [pre-loaded],2024 season - no dates available
,2024,,Giumarra,,Grape,HONEY POP,WHITE SEEDLESS TYPE,,B,BAG,90.0,2250.0,,Invoice_Grape_Giumarra_1.xlsx [pre-loaded],2024 season - no dates available
,2024,,Giumarra,,Grape,HONEY POP,WHITE SEEDLESS TYPE,,B,BAG,90.0,1687.5,,Invoice_Grape_Giumarra_1.xlsx [pre-loaded],2024 season - no dates available
,2024,,Giumarra,,Grape,HONEY POP,WHITE SEEDLESS TYPE,,B,BAG,450.0,11250.0,,Invoice_Grape_Giumarra_1.xlsx [pre-loaded],2024 season - no dates available
,2024,,Giumarra,,Grape,HONEY POP,WHITE SEEDLESS TYPE,,B,BAG,720.0,18000.0,,Invoice_Grape_Giumarra_1.xlsx [pre-loaded],2024 season - no dates available
,2024,,Giumarra,,Grape,HONEY POP,WHITE SEEDLESS TYPE,,B,BAG,450.0,11250.0,,Invoice_Grape_Giumarra_1.xlsx [pre-loaded],2024 season - no dates available
,2024,,Giumarra,,Grape,HONEY POP,WHITE SEEDLESS TYPE,,B,BAG,270.0,6750.0,,Invoice_Grape_Giumarra_1.xlsx [pre-loaded],2024 season - no dates available
,2024,,Giumarra,,Grape,HONEY POP,WHITE SEEDLESS TYPE,,B,BAG,90.0,2250.0,,Invoice_Grape_Giumarra_1.xlsx [pre-loaded],2024 season - no dates available
,2024,,Giumarra,,Grape,HONEY POP,WHITE SEEDLESS TYPE,,B,BAG,90.0,1687.5,,Invoice_Grape_Giumarra_1.xlsx [pre-loaded],2024 season - no dates available
,2024,,Giumarra,,Grape,HONEY POP,WHITE SEEDLESS TYPE,,B,BAG,270.0,5062.5,,Invoice_Grape_Giumarra_1.xlsx [pre-loaded],2024 season - no dates available
,2024,,Giumarra,,Grape,ARRA_83,WHITE SEEDLESS TYPE,,A,BAG,270.0,5130.0,,Invoice_Grape_Giumarra_1.xlsx [pre-loaded],2024 season - no dates available
,2024,,Giumarra,,Grape,FLAME,FLAME SEEDLESS,,A,BAG,90.0,1507.5,,Invoice_Grape_Giumarra_1.xlsx [pre-loaded],2024 season - no dates available
,2024,,Giumarra,,Grape,FLAME,FLAME SEEDLESS,,B,CLAM,150.0,2550.0,,Invoice_Grape_Giumarra_1.xlsx [pre-loaded],2024 season - no dates available
,2024,,Giumarra,,Grape,FLAME,FLAME SEEDLESS,,A,BAG,89.9999999999,1624.5,,Invoice_Grape_Giumarra_1.xlsx [pre-loaded],2024 season - no dates available
,2024,,Giumarra,,Grape,FLAME,FLAME SEEDLESS,,B,BAG,180.0,3015.0,,Invoice_Grape_Giumarra_1.xlsx [pre-loaded],2024 season - no dates available
,2024,,Giumarra,,Grape,FLAME,FLAME SEEDLESS,,A,BAG,1889.0,34096.45,,Invoice_Grape_Giumarra_1.xlsx [pre-loaded],2024 season - no dates available
,2024,,Giumarra,,Grape,FLAME,FLAME SEEDLESS,,B,BAG,90.0,1507.5,,Invoice_Grape_Giumarra_1.xlsx [pre-loaded],2024 season - no dates available
,2024,,Giumarra,,Grape,FLAME,FLAME SEEDLESS,,B,BAG,180.0,3015.0,,Invoice_Grape_Giumarra_1.xlsx [pre-loaded],2024 season - no dates available
,2024,,Giumarra,,Grape,FLAME,FLAME SEEDLESS,,B,BAG,810.0,11380.5,,Invoice_Grape_Giumarra_1.xlsx [pre-loaded],2024 season - no dates available
,2024,,Giumarra,,Grape,FLAME,FLAME SEEDLESS,,B,BAG,990.0,13909.5,,Invoice_Grape_Giumarra_1.xlsx [pre-loaded],2024 season - no dates available
,2024,,Giumarra,,Grape,FLAME,FLAME SEEDLESS,,B,BAG,180.0,2169.0,,Invoice_Grape_Giumarra_1.xlsx [pre-loaded],2024 season - no dates available
,2024,,Giumarra,,Grape,FLAME,FLAME SEEDLESS,,B,CLAM,75.0,1650.0,,Invoice_Grape_Giumarra_1.xlsx [pre-loaded],2024 season - no dates available
,2024,,Giumarra,,Grape,FLAME,FLAME SEEDLESS,,A,BAG,90.0,1129.5,,Invoice_Grape_Giumarra_1.xlsx [pre-loaded],2024 season - no dates available
,2024,,Giumarra,,Grape,FLAME,FLAME SEEDLESS,,B,BAG,170.0,2847.5,,Invoice_Grape_Giumarra_1.xlsx [pre-loaded],2024 season - no dates available
,2024,,Giumarra,,Grape,FLAME,FLAME SEEDLESS,,B,CLAM,75.0,1725.0,,Invoice_Grape_Giumarra_1.xlsx [pre-loaded],2024 season - no dates available
,2024,,Giumarra,,Grape,FLAME,FLAME SEEDLESS,,B,BAG,340.0,5780.0,,Invoice_Grape_Giumarra_1.xlsx [pre-loaded],2024 season - no dates available
,2024,,Giumarra,,Grape,FLAME,FLAME SEEDLESS,,B,BAG,680.0,8874.0,,Invoice_Grape_Giumarra_1.xlsx [pre-loaded],2024 season - no dates available
,2024,,Giumarra,,Grape,FLAME,FLAME SEEDLESS,,B,CLAM,285.0,6555.0,,Invoice_Grape_Giumarra_1.xlsx [pre-loaded],2024 season - no dates available
,2024,,Giumarra,,Grape,SUMMER ROYAL,BLACK SEEDLESS,,A,BAG,90.0,1687.5,,Invoice_Grape_Giumarra_1.xlsx [pre-loaded],2024 season - no dates available
,2024,,Giumarra,,Grape,SUMMER ROYAL,BLACK SEEDLESS,,A,BAG,90.0,1687.5,,Invoice_Grape_Giumarra_1.xlsx [pre-loaded],2024 season - no dates available
,2024,,Giumarra,,Grape,SUMMER ROYAL,BLACK SEEDLESS,,A,BAG,90.0,1687.5,,Invoice_Grape_Giumarra_1.xlsx [pre-loaded],2024 season - no dates available
,2024,,Giumarra,,Grape,SUGAR DROP,WHITE SEEDLESS TYPE,,B,BAG,1980.0,33660.0,,Invoice_Grape_Giumarra_1.xlsx [pre-loaded],2024 season - no dates available
,2024,,Giumarra,,Grape,SUGAR DROP,WHITE SEEDLESS TYPE,,B,BAG,270.0,4873.5,,Invoice_Grape_Giumarra_1.xlsx [pre-loaded],2024 season - no dates available
,2024,,Giumarra,,Grape,SUGAR DROP,WHITE SEEDLESS TYPE,,B,BAG,1975.0,36932.5,,Invoice_Grape_Giumarra_1.xlsx [pre-loaded],2024 season - no dates available
,2024,,Giumarra,,Grape,SUGAR DROP,WHITE SEEDLESS TYPE,,B,BAG,1190.0,23859.4999999999,,Invoice_Grape_Giumarra_1.xlsx [pre-loaded],2024 season - no dates available
,2024,,Giumarra,,Grape,SUGAR DROP,WHITE SEEDLESS TYPE,,B,BAG,510.0,9690.0,,Invoice_Grape_Giumarra_1.xlsx [pre-loaded],2024 season - no dates available
,2024,,Giumarra,,Grape,SUGAR DROP,WHITE SEEDLESS TYPE,,B,BAG,85.0,1704.25,,Invoice_Grape_Giumarra_1.xlsx [pre-loaded],2024 season - no dates available
,2024,,Giumarra,,Grape,SUGAR DROP,WHITE SEEDLESS TYPE,,B,BAG,255.0,4335.0,,Invoice_Grape_Giumarra_1.xlsx [pre-loaded],2024 season - no dates available
,2024,,Giumarra,,Grape,SUGAR DROP,WHITE SEEDLESS TYPE,,B,BAG,85.0,1423.75,,Invoice_Grape_Giumarra_1.xlsx [pre-loaded],2024 season - no dates available
,2024,,Giumarra,,Grape,SUGAR DROP,WHITE SEEDLESS TYPE,,B,BAG,170.0,2890.0,,Invoice_Grape_Giumarra_1.xlsx [pre-loaded],2024 season - no dates available
,2024,,Giumarra,,Grape,SUGAR DROP,WHITE SEEDLESS TYPE,,B,BAG,790.0,13232.5,,Invoice_Grape_Giumarra_1.xlsx [pre-loaded],2024 season - no dates available
,2024,,Giumarra,,Grape,EARLY SWEET,WHITE SEEDLESS TYPE,,A,BAG,270.0,5062.5,,Invoice_Grape_Giumarra_1.xlsx [pre-loaded],2024 season - no dates available
,2024,,Giumarra,,Grape,EARLY SWEET,WHITE SEEDLESS TYPE,,A,BAG,1980.0,27720.0,,Invoice_Grape_Giumarra_1.xlsx [pre-loaded],2024 season - no dates available
,2024,,Giumarra,,Grape,ARRA_83,WHITE SEEDLESS TYPE,,B,BAG,90.0,1687.5,,Invoice_Grape_Giumarra_1.xlsx [pre-loaded],2024 season - no dates available
,2024,,Giumarra,,Grape,FLAME,FLAME SEEDLESS,,A,BAG,1979.9999999999,25739.9999999999,,Invoice_Grape_Giumarra_1.xlsx [pre-loaded],2024 season - no dates available
,2024,,Giumarra,,Grape,FLAME,FLAME SEEDLESS,,A,BAG,540.0,9747.0,,Invoice_Grape_Giumarra_1.xlsx [pre-loaded],2024 season - no dates available
,2024,,Giumarra,,Grape,FLAME,FLAME SEEDLESS,,B,BAG,180.0,3779.9999999999,,Invoice_Grape_Giumarra_1.xlsx [pre-loaded],2024 season - no dates available
,2024,,Giumarra,,Grape,FLAME,FLAME SEEDLESS,,B,BAG,1890.0,35910.0,,Invoice_Grape_Giumarra_1.xlsx [pre-loaded],2024 season - no dates available
,2024,,Giumarra,,Grape,FLAME,FLAME SEEDLESS,,B,BAG,180.0,3015.0,,Invoice_Grape_Giumarra_1.xlsx [pre-loaded],2024 season - no dates available
,2024,,Giumarra,,Grape,FLAME,FLAME SEEDLESS,,B,BAG,1980.0,29700.0,,Invoice_Grape_Giumarra_1.xlsx [pre-loaded],2024 season - no dates available
,2024,,Giumarra,,Grape,FLAME,FLAME SEEDLESS,,B,BAG,89.9999999999,1710.0,,Invoice_Grape_Giumarra_1.xlsx [pre-loaded],2024 season - no dates available
,2024,,Giumarra,,Grape,FLAME,FLAME SEEDLESS,,B,BAG,425.0,6374.9999999999,,Invoice_Grape_Giumarra_1.xlsx [pre-loaded],2024 season - no dates available
,2024,,Giumarra,,Grape,FLAME,FLAME SEEDLESS,,B,BAG,355.0,7455.0,,Invoice_Grape_Giumarra_1.xlsx [pre-loaded],2024 season - no dates available
,2024,,Giumarra,,Grape,FLAME,FLAME SEEDLESS,,A,BAG,540.0,9747.0,,Invoice_Grape_Giumarra_1.xlsx [pre-loaded],2024 season - no dates available
,2024,,Giumarra,,Grape,FLAME,FLAME SEEDLESS,,B,BAG,1360.0,20400.0,,Invoice_Grape_Giumarra_1.xlsx [pre-loaded],2024 season - no dates available
,2024,,Giumarra,,Grape,FLAME,FLAME SEEDLESS,,B,BAG,170.0,2847.5,,Invoice_Grape_Giumarra_1.xlsx [pre-loaded],2024 season - no dates available
,2024,,Giumarra,,Grape,PASSION FIRE,BLACK SEEDLESS,,B,BAG,629.9999999999,11970.0,,Invoice_Grape_Giumarra_1.xlsx [pre-loaded],2024 season - no dates available
,2024,,Giumarra,,Grape,PASSION FIRE,BLACK SEEDLESS,,B,BAG,180.0,3420.0,,Invoice_Grape_Giumarra_1.xlsx [pre-loaded],2024 season - no dates available
,2024,,Giumarra,,Grape,PASSION FIRE,BLACK SEEDLESS,,B,BAG,90.0,1624.5,,Invoice_Grape_Giumarra_1.xlsx [pre-loaded],2024 season - no dates available
,2024,,Giumarra,,Grape,PASSION FIRE,BLACK SEEDLESS,,B,BAG,720.0,11556.0,,Invoice_Grape_Giumarra_1.xlsx [pre-loaded],2024 season - no dates available
,2024,,Giumarra,,Grape,PASSION FIRE,BLACK SEEDLESS,,B,BAG,539.0,11318.9999999998,,Invoice_Grape_Giumarra_1.xlsx [pre-loaded],2024 season - no dates available
,2024,,Giumarra,,Grape,PASSION FIRE,BLACK SEEDLESS,,A,BAG,980.0,11760.0,,Invoice_Grape_Giumarra_1.xlsx [pre-loaded],2024 season - no dates available
,2024,,Giumarra,,Grape,PASSION FIRE,BLACK SEEDLESS,,B,BAG,450.0,9449.9999999999,,Invoice_Grape_Giumarra_1.xlsx [pre-loaded],2024 season - no dates available
,2024,,Giumarra,,Grape,PASSION FIRE,BLACK SEEDLESS,,A,BAG,340.0,4080.0,,Invoice_Grape_Giumarra_1.xlsx [pre-loaded],2024 season - no dates available
,2024,,Giumarra,,Grape,PASSION FIRE,BLACK SEEDLESS,,B,BAG,1869.0,35511.0,,Invoice_Grape_Giumarra_1.xlsx [pre-loaded],2024 season - no dates available
,2024,,Giumarra,,Grape,PASSION FIRE,BLACK SEEDLESS,,B,BAG,965.0,17418.25,,Invoice_Grape_Giumarra_1.xlsx [pre-loaded],2024 season - no dates available
,2024,,Giumarra,,Grape,PASSION FIRE,BLACK SEEDLESS,,B,BAG,1700.0,31875.0,,Invoice_Grape_Giumarra_1.xlsx [pre-loaded],2024 season - no dates available
,2024,,Giumarra,,Grape,PASSION FIRE,BLACK SEEDLESS,,B,BAG,90.0,1530.0,,Invoice_Grape_Giumarra_1.xlsx [pre-loaded],2024 season - no dates available
,2024,,Giumarra,,Grape,PASSION FIRE,BLACK SEEDLESS,,B,BAG,850.0,15342.5,,Invoice_Grape_Giumarra_1.xlsx [pre-loaded],2024 season - no dates available
,2024,,Giumarra,,Grape,SUGAR DROP,WHITE SEEDLESS TYPE,,B,CLAM,225.0,3161.25,,Invoice_Grape_Giumarra_1.xlsx [pre-loaded],2024 season - no dates available
,2024,,Giumarra,,Grape,HONEY POP,WHITE SEEDLESS TYPE,,B,BAG,90.0,2074.5,,Invoice_Grape_Giumarra_1.xlsx [pre-loaded],2024 season - no dates available
,2024,,Giumarra,,Grape,HONEY POP,WHITE SEEDLESS TYPE,,B,BAG,900.0,20744.9999999999,,Invoice_Grape_Giumarra_1.xlsx [pre-loaded],2024 season - no dates available
,2024,,Giumarra,,Grape,EARLY SWEET,WHITE SEEDLESS TYPE,,B,BAG,720.0,13680.0,,Invoice_Grape_Giumarra_1.xlsx [pre-loaded],2024 season - no dates available
,2024,,Giumarra,,Grape,EARLY SWEET,WHITE SEEDLESS TYPE,,B,BAG,90.0,1890.0,,Invoice_Grape_Giumarra_1.xlsx [pre-loaded],2024 season - no dates available
,2024,,Giumarra,,Grape,EARLY SWEET,WHITE SEEDLESS TYPE,,B,BAG,810.0,17010.0,,Invoice_Grape_Giumarra_1.xlsx [pre-loaded],2024 season - no dates available
,2024,,Giumarra,,Grape,EARLY SWEET,WHITE SEEDLESS TYPE,,B,BAG,765.0,14535.0,,Invoice_Grape_Giumarra_1.xlsx [pre-loaded],2024 season - no dates available
,2024,,Giumarra,,Grape,EARLY SWEET,WHITE SEEDLESS TYPE,,B,BAG,340.0,6460.0,,Invoice_Grape_Giumarra_1.xlsx [pre-loaded],2024 season - no dates available
,2024,,Giumarra,,Grape,FLAME,FLAME SEEDLESS,,B,CLAM,75.0,1800.0,,Invoice_Grape_Giumarra_1.xlsx [pre-loaded],2024 season - no dates available
,2024,,Giumarra,,Grape,SUMMER ROYAL,BLACK SEEDLESS,,A,BAG,90.0,1705.5,,Invoice_Grape_Giumarra_1.xlsx [pre-loaded],2024 season - no dates available
,2024,,Giumarra,,Grape,SUMMER ROYAL,BLACK SEEDLESS,,A,BAG,90.0,1615.5,,Invoice_Grape_Giumarra_1.xlsx [pre-loaded],2024 season - no dates available
,2024,,Giumarra,,Grape,EARLY SWEET,WHITE SEEDLESS TYPE,,B,BAG,90.0,3307.5,,Invoice_Grape_Giumarra_1.xlsx [pre-loaded],2024 season - no dates available
,2024,,Giumarra,,Grape,EARLY SWEET,WHITE SEEDLESS TYPE,,B,BAG,719.0,30917.0,,Invoice_Grape_Giumarra_1.xlsx [pre-loaded],2024 season - no dates available
,2024,,Giumarra,,Grape,EARLY SWEET,WHITE SEEDLESS TYPE,,B,BAG,1260.0,54180.0,,Invoice_Grape_Giumarra_1.xlsx [pre-loaded],2024 season - no dates available
,2024,,Giumarra,,Grape,PASSION FIRE,BLACK SEEDLESS,,B,BAG,810.0,14580.0,,Invoice_Grape_Giumarra_1.xlsx [pre-loaded],2024 season - no dates available
,2024,,Giumarra,,Grape,SUGAR DROP,WHITE SEEDLESS TYPE,,B,CLAM,225.0,4725.0,,Invoice_Grape_Giumarra_1.xlsx [pre-loaded],2024 season - no dates available
,2024,,Giumarra,,Grape,SUGAR DROP,WHITE SEEDLESS TYPE,,B,CLAM,1650.0,28050.0,,Invoice_Grape_Giumarra_1.xlsx [pre-loaded],2024 season - no dates available
,2024,,Giumarra,,Grape,SUGAR DROP,WHITE SEEDLESS TYPE,,B,CLAM,150.0,2550.0,,Invoice_Grape_Giumarra_1.xlsx [pre-loaded],2024 season - no dates available
,2024,,Giumarra,,Grape,SUGAR DROP,WHITE SEEDLESS TYPE,,B,CLAM,75.0,1275.0,,Invoice_Grape_Giumarra_1.xlsx [pre-loaded],2024 season - no dates available
,2024,,Giumarra,,Grape,SUGAR DROP,WHITE SEEDLESS TYPE,,B,CLAM,525.0,11550.0,,Invoice_Grape_Giumarra_1.xlsx [pre-loaded],2024 season - no dates available
,2024,,Giumarra,,Grape,SUGAR DROP,WHITE SEEDLESS TYPE,,B,CLAM,450.0,9900.0,,Invoice_Grape_Giumarra_1.xlsx [pre-loaded],2024 season - no dates available
,2024,,Giumarra,,Grape,SUGAR DROP,WHITE SEEDLESS TYPE,,B,CLAM,75.0,1650.0,,Invoice_Grape_Giumarra_1.xlsx [pre-loaded],2024 season - no dates available
,2024,,Giumarra,,Grape,SUGAR DROP,WHITE SEEDLESS TYPE,,B,CLAM,750.0,15750.0,,Invoice_Grape_Giumarra_1.xlsx [pre-loaded],2024 season - no dates available
,2024,,Giumarra,,Grape,SUGAR DROP,WHITE SEEDLESS TYPE,,B,CLAM,150.0,2550.0,,Invoice_Grape_Giumarra_1.xlsx [pre-loaded],2024 season - no dates available
,2024,,Giumarra,,Grape,SUGAR DROP,WHITE SEEDLESS TYPE,,B,CLAM,150.0,3600.0,,Invoice_Grape_Giumarra_1.xlsx [pre-loaded],2024 season - no dates available
,2024,,Giumarra,,Grape,SUGAR DROP,WHITE SEEDLESS TYPE,,B,CLAM,75.0,1575.0,,Invoice_Grape_Giumarra_1.xlsx [pre-loaded],2024 season - no dates available
,2024,,Giumarra,,Grape,SUGAR DROP,WHITE SEEDLESS TYPE,,B,BAG,90.0,1890.0,,Invoice_Grape_Giumarra_1.xlsx [pre-loaded],2024 season - no dates available
,2024,,Giumarra,,Grape,SUGAR DROP,WHITE SEEDLESS TYPE,,B,BAG,600.0,11400.0,,Invoice_Grape_Giumarra_1.xlsx [pre-loaded],2024 season - no dates available
,2024,,Giumarra,,Grape,SUGAR DROP,WHITE SEEDLESS TYPE,,B,BAG,255.0,4271.25,,Invoice_Grape_Giumarra_1.xlsx [pre-loaded],2024 season - no dates available
,2024,,Giumarra,,Grape,SUGAR DROP,WHITE SEEDLESS TYPE,,B,BAG,254.9999999999,4271.25,,Invoice_Grape_Giumarra_1.xlsx [pre-loaded],2024 season - no dates available
,2024,,Giumarra,,Grape,SUGAR DROP,WHITE SEEDLESS TYPE,,B,BAG,80.0,1312.0,,Invoice_Grape_Giumarra_1.xlsx [pre-loaded],2024 season - no dates available
,2024,,Giumarra,,Grape,SUGAR DROP,WHITE SEEDLESS TYPE,,B,BAG,955.0,16234.9999999999,,Invoice_Grape_Giumarra_1.xlsx [pre-loaded],2024 season - no dates available
,2024,,Giumarra,,Grape,SUGAR DROP,WHITE SEEDLESS TYPE,,B,BAG,255.0,4271.25,,Invoice_Grape_Giumarra_1.xlsx [pre-loaded],2024 season - no dates available
,2024,,Giumarra,,Grape,SUGAR DROP,WHITE SEEDLESS TYPE,,B,BAG,255.0,4271.25,,Invoice_Grape_Giumarra_1.xlsx [pre-loaded],2024 season - no dates available
,2024,,Giumarra,,Grape,SUGAR DROP,WHITE SEEDLESS TYPE,,B,BAG,1850.0,30340.0,,Invoice_Grape_Giumarra_1.xlsx [pre-loaded],2024 season - no dates available
,2024,,Giumarra,,Grape,SUGAR DROP,WHITE SEEDLESS TYPE,,B,BAG,1519.9999999998,25079.9999999998,,Invoice_Grape_Giumarra_1.xlsx [pre-loaded],2024 season - no dates available
,2024,,Giumarra,,Grape,SUGAR DROP,WHITE SEEDLESS TYPE,,A,BAG,1980.0,29700.0,,Invoice_Grape_Giumarra_1.xlsx [pre-loaded],2024 season - no dates available
,2024,,Giumarra,,Grape,SUGAR DROP,WHITE SEEDLESS TYPE,,B,BAG,1710.0,25650.0,,Invoice_Grape_Giumarra_1.xlsx [pre-loaded],2024 season - no dates available
,2024,,Giumarra,,Grape,SUGAR DROP,WHITE SEEDLESS TYPE,,B,BAG,810.0,15390.0,,Invoice_Grape_Giumarra_1.xlsx [pre-loaded],2024 season - no dates available
,2024,,Giumarra,,Grape,SUGAR DROP,WHITE SEEDLESS TYPE,,B,BAG,449.9999999999,7424.9999999999,,Invoice_Grape_Giumarra_1.xlsx [pre-loaded],2024 season - no dates available
,2024,,Giumarra,,Grape,SUGAR DROP,WHITE SEEDLESS TYPE,,B,BAG,360.0,6840.0,,Invoice_Grape_Giumarra_1.xlsx [pre-loaded],2024 season - no dates available
,2024,,Giumarra,,Grape,SUGAR DROP,WHITE SEEDLESS TYPE,,B,BAG,270.0,4859.9999999999,,Invoice_Grape_Giumarra_1.xlsx [pre-loaded],2024 season - no dates available
,2024,,Giumarra,,Grape,SUGAR DROP,WHITE SEEDLESS TYPE,,B,BAG,340.0,5586.2,,Invoice_Grape_Giumarra_1.xlsx [pre-loaded],2024 season - no dates available
,2024,,Giumarra,,Grape,SUGAR DROP,WHITE SEEDLESS TYPE,,B,BAG,425.0,7650.0,,Invoice_Grape_Giumarra_1.xlsx [pre-loaded],2024 season - no dates available
,2024,,Giumarra,,Grape,HONEY POP,WHITE SEEDLESS TYPE,,B,BAG,90.0,2070.0,,Invoice_Grape_Giumarra_1.xlsx [pre-loaded],2024 season - no dates available
,2024,,Giumarra,,Grape,HONEY POP,WHITE SEEDLESS TYPE,,B,BAG,360.0,8280.0,,Invoice_Grape_Giumarra_1.xlsx [pre-loaded],2024 season - no dates available
,2024,,Giumarra,,Grape,HONEY POP,WHITE SEEDLESS TYPE,,B,BAG,270.0,6210.0,,Invoice_Grape_Giumarra_1.xlsx [pre-loaded],2024 season - no dates available
,2024,,Giumarra,,Grape,HONEY POP,WHITE SEEDLESS TYPE,,B,BAG,180.0,4140.0,,Invoice_Grape_Giumarra_1.xlsx [pre-loaded],2024 season - no dates available
,2024,,Giumarra,,Grape,EARLY SWEET,WHITE SEEDLESS TYPE,,B,CLAM,240.0,7440.0,,Invoice_Grape_Giumarra_1.xlsx [pre-loaded],2024 season - no dates available
,2024,,Giumarra,,Grape,EARLY SWEET,WHITE SEEDLESS TYPE,,A,BAG,90.0,1804.5,,Invoice_Grape_Giumarra_1.xlsx [pre-loaded],2024 season - no dates available
,2024,,Giumarra,,Grape,EARLY SWEET,WHITE SEEDLESS TYPE,,B,BAG,85.0,1275.0,,Invoice_Grape_Giumarra_1.xlsx [pre-loaded],2024 season - no dates available
,2024,,Giumarra,,Grape,EARLY SWEET,WHITE SEEDLESS TYPE,,A,BAG,1520.0,30476.0,,Invoice_Grape_Giumarra_1.xlsx [pre-loaded],2024 season - no dates available
,2024,,Giumarra,,Grape,EARLY SWEET,WHITE SEEDLESS TYPE,,A,BAG,360.0,7218.0,,Invoice_Grape_Giumarra_1.xlsx [pre-loaded],2024 season - no dates available
,2024,,Giumarra,,Grape,ARRA_83,WHITE SEEDLESS TYPE,,B,BAG,180.0,2700.0,,Invoice_Grape_Giumarra_1.xlsx [pre-loaded],2024 season - no dates available
,2024,,Giumarra,,Grape,ARRA_83,WHITE SEEDLESS TYPE,,B,BAG,180.0,3780.0,,Invoice_Grape_Giumarra_1.xlsx [pre-loaded],2024 season - no dates available
,2024,,Giumarra,,Grape,FLAME,FLAME SEEDLESS,,B,CLAM,225.0,4871.25,,Invoice_Grape_Giumarra_1.xlsx [pre-loaded],2024 season - no dates available
,2024,,Giumarra,,Grape,FLAME,FLAME SEEDLESS,,B,CLAM,450.0,9450.0,,Invoice_Grape_Giumarra_1.xlsx [pre-loaded],2024 season - no dates available
,2024,,Giumarra,,Grape,FLAME,FLAME SEEDLESS,,B,CLAM,525.0,8925.0,,Invoice_Grape_Giumarra_1.xlsx [pre-loaded],2024 season - no dates available
,2024,,Giumarra,,Grape,FLAME,FLAME SEEDLESS,,B,CLAM,75.0,1650.0,,Invoice_Grape_Giumarra_1.xlsx [pre-loaded],2024 season - no dates available
,2024,,Giumarra,,Grape,FLAME,FLAME SEEDLESS,,B,CLAM,375.0,7875.0,,Invoice_Grape_Giumarra_1.xlsx [pre-loaded],2024 season - no dates available
,2024,,Giumarra,,Grape,FLAME,FLAME SEEDLESS,,B,CLAM,225.0,5388.75,,Invoice_Grape_Giumarra_1.xlsx [pre-loaded],2024 season - no dates available
,2024,,Giumarra,,Grape,FLAME,FLAME SEEDLESS,,B,CLAM,75.0,1650.0,,Invoice_Grape_Giumarra_1.xlsx [pre-loaded],2024 season - no dates available
,2024,,Giumarra,,Grape,FLAME,FLAME SEEDLESS,,B,CLAM,75.0,1800.0,,Invoice_Grape_Giumarra_1.xlsx [pre-loaded],2024 season - no dates available
,2024,,Giumarra,,Grape,FLAME,FLAME SEEDLESS,,B,CLAM,75.0,1275.0,,Invoice_Grape_Giumarra_1.xlsx [pre-loaded],2024 season - no dates available
,2024,,Giumarra,,Grape,FLAME,FLAME SEEDLESS,,B,CLAM,150.0,2550.0,,Invoice_Grape_Giumarra_1.xlsx [pre-loaded],2024 season - no dates available
,2024,,Giumarra,,Grape,FLAME,FLAME SEEDLESS,,B,BAG,90.0,1890.0,,Invoice_Grape_Giumarra_1.xlsx [pre-loaded],2024 season - no dates available
,2024,,Giumarra,,Grape,FLAME,FLAME SEEDLESS,,A,BAG,1260.0,18900.0,,Invoice_Grape_Giumarra_1.xlsx [pre-loaded],2024 season - no dates available
,2024,,Giumarra,,Grape,FLAME,FLAME SEEDLESS,,B,BAG,765.0,13005.0,,Invoice_Grape_Giumarra_1.xlsx [pre-loaded],2024 season - no dates available
,2024,,Giumarra,,Grape,FLAME,FLAME SEEDLESS,,B,CLAM,825.0,18975.0,,Invoice_Grape_Giumarra_1.xlsx [pre-loaded],2024 season - no dates available
,2024,,Giumarra,,Grape,FLAME,FLAME SEEDLESS,,A,BAG,629.9999999999,9449.9999999999,,Invoice_Grape_Giumarra_1.xlsx [pre-loaded],2024 season - no dates available
,2024,,Giumarra,,Grape,FLAME,FLAME SEEDLESS,,B,CLAM,75.0,1575.0,,Invoice_Grape_Giumarra_1.xlsx [pre-loaded],2024 season - no dates available
,2024,,Giumarra,,Grape,FLAME,FLAME SEEDLESS,,B,BAG,270.0,5669.9999999999,,Invoice_Grape_Giumarra_1.xlsx [pre-loaded],2024 season - no dates available
,2024,,Giumarra,,Grape,FLAME,FLAME SEEDLESS,,A,BAG,89.9999999999,1350.0,,Invoice_Grape_Giumarra_1.xlsx [pre-loaded],2024 season - no dates available
,2024,,Giumarra,,Grape,FLAME,FLAME SEEDLESS,,B,BAG,85.0,1445.0,,Invoice_Grape_Giumarra_1.xlsx [pre-loaded],2024 season - no dates available
,2024,,Giumarra,,Grape,FLAME,FLAME SEEDLESS,,B,BAG,360.0,7560.0,,Invoice_Grape_Giumarra_1.xlsx [pre-loaded],2024 season - no dates available
,2024,,Giumarra,,Grape,FLAME,FLAME SEEDLESS,,B,BAG,1530.0,32130.0,,Invoice_Grape_Giumarra_1.xlsx [pre-loaded],2024 season - no dates available
,2024,,Giumarra,,Grape,SUMMER ROYAL,BLACK SEEDLESS,,A,BAG,180.0,3240.0,,Invoice_Grape_Giumarra_1.xlsx [pre-loaded],2024 season - no dates available
,2024,,Giumarra,,Grape,EARLY SWEET,WHITE SEEDLESS TYPE,,B,BAG,180.0,6480.0,,Invoice_Grape_Giumarra_1.xlsx [pre-loaded],2024 season - no dates available
,2024,,Giumarra,,Grape,EARLY SWEET,WHITE SEEDLESS TYPE,,B,BAG,539.9999999999,18765.0,,Invoice_Grape_Giumarra_1.xlsx [pre-loaded],2024 season - no dates available
,2024,,Giumarra,,Grape,EARLY SWEET,WHITE SEEDLESS TYPE,,B,BAG,1979.9999999999,68805.0,,Invoice_Grape_Giumarra_1.xlsx [pre-loaded],2024 season - no dates available
,2024,,Giumarra,,Grape,EARLY SWEET,WHITE SEEDLESS TYPE,,B,BAG,1439.9999999998,50040.0,,Invoice_Grape_Giumarra_1.xlsx [pre-loaded],2024 season - no dates available
,2024,,Giumarra,,Grape,EARLY SWEET,WHITE SEEDLESS TYPE,,B,BAG,630.0,23309.9999999999,,Invoice_Grape_Giumarra_1.xlsx [pre-loaded],2024 season - no dates available
,2024,,Giumarra,,Grape,EARLY SWEET,WHITE SEEDLESS TYPE,,B,BAG,180.0,6390.0,,Invoice_Grape_Giumarra_1.xlsx [pre-loaded],2024 season - no dates available
,2024,,Giumarra,,Grape,EARLY SWEET,WHITE SEEDLESS TYPE,,A,BAG,89.9999999999,2790.0,,Invoice_Grape_Giumarra_1.xlsx [pre-loaded],2024 season - no dates available
,2024,,Giumarra,,Grape,EARLY SWEET,WHITE SEEDLESS TYPE,,B,BAG,90.0,2430.0,,Invoice_Grape_Giumarra_1.xlsx [pre-loaded],2024 season - no dates available
,2024,,Giumarra,,Grape,EARLY SWEET,WHITE SEEDLESS TYPE,,A,BAG,1799.9999999999,55800.0,,Invoice_Grape_Giumarra_1.xlsx [pre-loaded],2024 season - no dates available
,2024,,Giumarra,,Grape,PASSION FIRE,BLACK SEEDLESS,,B,BAG,360.0,7560.0,,Invoice_Grape_Giumarra_1.xlsx [pre-loaded],2024 season - no dates available
,2024,,Giumarra,,Grape,SUGAR DROP,WHITE SEEDLESS TYPE,,B,BAG,270.0,4522.5,,Invoice_Grape_Giumarra_1.xlsx [pre-loaded],2024 season - no dates available
,2024,,Giumarra,,Grape,SUGAR DROP,WHITE SEEDLESS TYPE,,B,BAG,360.0,6030.0,,Invoice_Grape_Giumarra_1.xlsx [pre-loaded],2024 season - no dates available
,2024,,Giumarra,,Grape,SUGAR DROP,WHITE SEEDLESS TYPE,,B,BAG,270.0,4522.5,,Invoice_Grape_Giumarra_1.xlsx [pre-loaded],2024 season - no dates available
,2024,,Giumarra,,Grape,SUGAR DROP,WHITE SEEDLESS TYPE,,B,BAG,90.0,1507.5,,Invoice_Grape_Giumarra_1.xlsx [pre-loaded],2024 season - no dates available
,2024,,Giumarra,,Grape,EARLY SWEET,WHITE SEEDLESS TYPE,,B,BAG,180.0,5760.0,,Invoice_Grape_Giumarra_1.xlsx [pre-loaded],2024 season - no dates available
,2024,,Giumarra,,Grape,EARLY SWEET,WHITE SEEDLESS TYPE,,B,BAG,89.9999999999,2790.0,,Invoice_Grape_Giumarra_1.xlsx [pre-loaded],2024 season - no dates available
,2024,,Giumarra,,Grape,EARLY SWEET,WHITE SEEDLESS TYPE,,B,BAG,270.0,10260.0,,Invoice_Grape_Giumarra_1.xlsx [pre-loaded],2024 season - no dates available
,2024,,Giumarra,,Grape,EARLY SWEET,WHITE SEEDLESS TYPE,,B,BAG,270.0,10260.0,,Invoice_Grape_Giumarra_1.xlsx [pre-loaded],2024 season - no dates available
,2024,,Giumarra,,Grape,EARLY SWEET,WHITE SEEDLESS TYPE,,B,BAG,450.0,17100.0,,Invoice_Grape_Giumarra_1.xlsx [pre-loaded],2024 season - no dates available
,2024,,Giumarra,,Grape,EARLY SWEET,WHITE SEEDLESS TYPE,,B,BAG,270.0,10260.0,,Invoice_Grape_Giumarra_1.xlsx [pre-loaded],2024 season - no dates available
,2024,,Giumarra,,Grape,EARLY SWEET,WHITE SEEDLESS TYPE,,B,BAG,90.0,3420.0,,Invoice_Grape_Giumarra_1.xlsx [pre-loaded],2024 season - no dates available
,2024,,Giumarra,,Grape,EARLY SWEET,WHITE SEEDLESS TYPE,,B,BAG,360.0,13680.0,,Invoice_Grape_Giumarra_1.xlsx [pre-loaded],2024 season - no dates available
,2024,,Giumarra,,Grape,EARLY SWEET,WHITE SEEDLESS TYPE,,B,BAG,360.0,13680.0,,Invoice_Grape_Giumarra_1.xlsx [pre-loaded],2024 season - no dates available
,2024,,Giumarra,,Grape,EARLY SWEET,WHITE SEEDLESS TYPE,,B,BAG,90.0,3420.0,,Invoice_Grape_Giumarra_1.xlsx [pre-loaded],2024 season - no dates available
,2024,,Giumarra,,Grape,EARLY SWEET,WHITE SEEDLESS TYPE,,B,BAG,629.9999999999,19372.5,,Invoice_Grape_Giumarra_1.xlsx [pre-loaded],2024 season - no dates available
,2024,,Giumarra,,Grape,EARLY SWEET,WHITE SEEDLESS TYPE,,B,BAG,89.0,3365.98,,Invoice_Grape_Giumarra_1.xlsx [pre-loaded],2024 season - no dates available
,2024,,Giumarra,,Grape,EARLY SWEET,WHITE SEEDLESS TYPE,,B,BAG,180.0,5580.0,,Invoice_Grape_Giumarra_1.xlsx [pre-loaded],2024 season - no dates available
,2024,,Giumarra,,Grape,EARLY SWEET,WHITE SEEDLESS TYPE,,B,BAG,180.0,5048.9999999999,,Invoice_Grape_Giumarra_1.xlsx [pre-loaded],2024 season - no dates available
,2024,,Giumarra,,Grape,EARLY SWEET,WHITE SEEDLESS TYPE,,B,BAG,90.0,2947.5,,Invoice_Grape_Giumarra_1.xlsx [pre-loaded],2024 season - no dates available
,2024,,Giumarra,,Grape,EARLY SWEET,WHITE SEEDLESS TYPE,,B,BAG,1890.0,71479.8,,Invoice_Grape_Giumarra_1.xlsx [pre-loaded],2024 season - no dates available
,2024,,Giumarra,,Grape,EARLY SWEET,WHITE SEEDLESS TYPE,,B,BAG,270.0,10260.0,,Invoice_Grape_Giumarra_1.xlsx [pre-loaded],2024 season - no dates available
,2024,,Giumarra,,Grape,EARLY SWEET,WHITE SEEDLESS TYPE,,B,BAG,1890.0,58590.0,,Invoice_Grape_Giumarra_1.xlsx [pre-loaded],2024 season - no dates available
,2024,,Giumarra,,Grape,EARLY SWEET,WHITE SEEDLESS TYPE,,B,BAG,1440.0,44280.0,,Invoice_Grape_Giumarra_1.xlsx [pre-loaded],2024 season - no dates available
,2024,,Giumarra,,Grape,EARLY SWEET,WHITE SEEDLESS TYPE,,A,BAG,270.0,7830.0,,Invoice_Grape_Giumarra_1.xlsx [pre-loaded],2024 season - no dates available
,2024,,Giumarra,,Grape,EARLY SWEET,WHITE SEEDLESS TYPE,,B,BAG,540.0,16740.0,,Invoice_Grape_Giumarra_1.xlsx [pre-loaded],2024 season - no dates available
,2024,,Giumarra,,Grape,EARLY SWEET,WHITE SEEDLESS TYPE,,B,BAG,810.0,22720.5,,Invoice_Grape_Giumarra_1.xlsx [pre-loaded],2024 season - no dates available
,2024,,Giumarra,,Grape,EARLY SWEET,WHITE SEEDLESS TYPE,,A,BAG,1709.9999999999,49590.0,,Invoice_Grape_Giumarra_1.xlsx [pre-loaded],2024 season - no dates available
,2024,,Giumarra,,Grape,EARLY SWEET,WHITE SEEDLESS TYPE,,A,BAG,1980.0,57420.0,,Invoice_Grape_Giumarra_1.xlsx [pre-loaded],2024 season - no dates available
,2024,,Giumarra,,Grape,EARLY SWEET,WHITE SEEDLESS TYPE,,A,BAG,450.0,6637.5,,Invoice_Grape_Giumarra_1.xlsx [pre-loaded],2024 season - no dates available
,2024,,Giumarra,,Grape,PASSION FIRE,BLACK SEEDLESS,,B,BAG,450.0,8999.9999999999,,Invoice_Grape_Giumarra_1.xlsx [pre-loaded],2024 season - no dates available
,2024,,Giumarra,,Grape,PASSION FIRE,BLACK SEEDLESS,,B,BAG,540.0,10800.0,,Invoice_Grape_Giumarra_1.xlsx [pre-loaded],2024 season - no dates available
,2024,,Giumarra,,Grape,SUGAR DROP,WHITE SEEDLESS TYPE,,B,CLAM,525.0,12600.0,,Invoice_Grape_Giumarra_1.xlsx [pre-loaded],2024 season - no dates available
,2024,,Giumarra,,Grape,SUGAR DROP,WHITE SEEDLESS TYPE,,A,BAG,270.0,5953.5,,Invoice_Grape_Giumarra_1.xlsx [pre-loaded],2024 season - no dates available
,2024,,Giumarra,,Grape,SUGAR DROP,WHITE SEEDLESS TYPE,,A,BAG,90.0,1984.5,,Invoice_Grape_Giumarra_1.xlsx [pre-loaded],2024 season - no dates available
,2024,,Giumarra,,Grape,FLAME,FLAME SEEDLESS,,B,CLAM,375.0,9000.0,,Invoice_Grape_Giumarra_1.xlsx [pre-loaded],2024 season - no dates available
,2024,,Giumarra,,Grape,EARLY SWEET,WHITE SEEDLESS TYPE,,B,BAG,90.0,2970.0,,Invoice_Grape_Giumarra_1.xlsx [pre-loaded],2024 season - no dates available
,2024,,Giumarra,,Grape,EARLY SWEET,WHITE SEEDLESS TYPE,,B,BAG,450.0,11722.5,,Invoice_Grape_Giumarra_1.xlsx [pre-loaded],2024 season - no dates available
,2024,,Giumarra,,Grape,EARLY SWEET,WHITE SEEDLESS TYPE,,A,BAG,1260.0,28980.0,,Invoice_Grape_Giumarra_1.xlsx [pre-loaded],2024 season - no dates available
,2024,,Giumarra,,Grape,EARLY SWEET,WHITE SEEDLESS TYPE,,B,BAG,1980.0,65102.4,,Invoice_Grape_Giumarra_1.xlsx [pre-loaded],2024 season - no dates available
,2024,,Giumarra,,Grape,SUGAR DROP,WHITE SEEDLESS TYPE,,B,BAG,180.0,4104.0,,Invoice_Grape_Giumarra_1.xlsx [pre-loaded],2024 season - no dates available
,2024,,Giumarra,,Grape,SUGAR DROP,WHITE SEEDLESS TYPE,,B,BAG,360.0,8208.0,,Invoice_Grape_Giumarra_1.xlsx [pre-loaded],2024 season - no dates available
,2024,,Giumarra,,Grape,EARLY SWEET,WHITE SEEDLESS TYPE,,B,BAG,1979.0,69265.0,,Invoice_Grape_Giumarra_1.xlsx [pre-loaded],2024 season - no dates available
,2024,,Giumarra,,Grape,EARLY SWEET,WHITE SEEDLESS TYPE,,B,BAG,179.9999999999,6120.0,,Invoice_Grape_Giumarra_1.xlsx [pre-loaded],2024 season - no dates available
,2024,,Giumarra,,Grape,EARLY SWEET,WHITE SEEDLESS TYPE,,B,BAG,90.0,3510.0,,Invoice_Grape_Giumarra_1.xlsx [pre-loaded],2024 season - no dates available
,2024,,Giumarra,,Grape,EARLY SWEET,WHITE SEEDLESS TYPE,,B,BAG,1979.9999999999,61380.0,,Invoice_Grape_Giumarra_1.xlsx [pre-loaded],2024 season - no dates available
,2024,,Giumarra,,Grape,EARLY SWEET,WHITE SEEDLESS TYPE,,B,BAG,359.9999999999,11160.0,,Invoice_Grape_Giumarra_1.xlsx [pre-loaded],2024 season - no dates available
,2024,,Giumarra,,Grape,EARLY SWEET,WHITE SEEDLESS TYPE,,B,BAG,180.0,6300.0,,Invoice_Grape_Giumarra_1.xlsx [pre-loaded],2024 season - no dates available
,2024,,Giumarra,,Grape,EARLY SWEET,WHITE SEEDLESS TYPE,,B,BAG,90.0,3060.0,,Invoice_Grape_Giumarra_1.xlsx [pre-loaded],2024 season - no dates available
,2024,,Giumarra,,Grape,EARLY SWEET,WHITE SEEDLESS TYPE,,B,BAG,1619.9999999999,50220.0,,Invoice_Grape_Giumarra_1.xlsx [pre-loaded],2024 season - no dates available
,2024,,Giumarra,,Grape,EARLY SWEET,WHITE SEEDLESS TYPE,,B,BAG,90.0,2587.5,,Invoice_Grape_Giumarra_1.xlsx [pre-loaded],2024 season - no dates available
,2024,,Giumarra,,Grape,EARLY SWEET,WHITE SEEDLESS TYPE,,B,BAG,180.0,5040.0,,Invoice_Grape_Giumarra_1.xlsx [pre-loaded],2024 season - no dates available
,2024,,Giumarra,,Grape,EARLY SWEET,WHITE SEEDLESS TYPE,,B,BAG,1440.0,36072.0,,Invoice_Grape_Giumarra_1.xlsx [pre-loaded],2024 season - no dates available
,2024,,Giumarra,,Grape,EARLY SWEET,WHITE SEEDLESS TYPE,,B,BAG,90.0,3240.0,,Invoice_Grape_Giumarra_1.xlsx [pre-loaded],2024 season - no dates available
,2024,,Giumarra,,Grape,EARLY SWEET,WHITE SEEDLESS TYPE,,B,BAG,90.0,2970.0,,Invoice_Grape_Giumarra_1.xlsx [pre-loaded],2024 season - no dates available
,2024,,Giumarra,,Grape,EARLY SWEET,WHITE SEEDLESS TYPE,,B,BAG,900.0,32400.0,,Invoice_Grape_Giumarra_1.xlsx [pre-loaded],2024 season - no dates available
,2024,,Giumarra,,Grape,EARLY SWEET,WHITE SEEDLESS TYPE,,A,BAG,359.9999999999,7937.9999999999,,Invoice_Grape_Giumarra_1.xlsx [pre-loaded],2024 season - no dates available
,2024,,Giumarra,,Grape,EARLY SWEET,WHITE SEEDLESS TYPE,,A,BAG,89.9999999999,1984.5,,Invoice_Grape_Giumarra_1.xlsx [pre-loaded],2024 season - no dates available
,2024,,Giumarra,,Grape,EARLY SWEET,WHITE SEEDLESS TYPE,,B,BAG,360.0,8928.0,,Invoice_Grape_Giumarra_1.xlsx [pre-loaded],2024 season - no dates available
,2024,,Giumarra,,Grape,EARLY SWEET,WHITE SEEDLESS TYPE,,B,BAG,180.0,4464.0,,Invoice_Grape_Giumarra_1.xlsx [pre-loaded],2024 season - no dates available
,2024,,Giumarra,,Grape,EARLY SWEET,WHITE SEEDLESS TYPE,,A,BAG,360.0,7937.9999999999,,Invoice_Grape_Giumarra_1.xlsx [pre-loaded],2024 season - no dates available
,2024,,Giumarra,,Grape,EARLY SWEET,WHITE SEEDLESS TYPE,,A,BAG,1529.9999999998,33736.5,,Invoice_Grape_Giumarra_1.xlsx [pre-loaded],2024 season - no dates available
,2024,,Giumarra,,Grape,EARLY SWEET,WHITE SEEDLESS TYPE,,A,BAG,1440.0,31752.0,,Invoice_Grape_Giumarra_1.xlsx [pre-loaded],2024 season - no dates available
,2024,,Giumarra,,Grape,PASSION FIRE,BLACK SEEDLESS,,A,BAG,360.0,6839.9999999999,,Invoice_Grape_Giumarra_1.xlsx [pre-loaded],2024 season - no dates available
,2024,,Giumarra,,Grape,PASSION FIRE,BLACK SEEDLESS,,A,BAG,900.0,17100.0,,Invoice_Grape_Giumarra_1.xlsx [pre-loaded],2024 season - no dates available
,2024,,Giumarra,,Grape,PASSION FIRE,BLACK SEEDLESS,,B,BAG,1980.0,41085.0,,Invoice_Grape_Giumarra_1.xlsx [pre-loaded],2024 season - no dates available
,2024,,Giumarra,,Grape,PASSION FIRE,BLACK SEEDLESS,,A,BAG,1889.9999999999,37894.5,,Invoice_Grape_Giumarra_1.xlsx [pre-loaded],2024 season - no dates available
,2024,,Giumarra,,Grape,PASSION FIRE,BLACK SEEDLESS,,B,BAG,180.0,3240.0,,Invoice_Grape_Giumarra_1.xlsx [pre-loaded],2024 season - no dates available
,2024,,Giumarra,,Grape,PASSION FIRE,BLACK SEEDLESS,,B,BAG,540.0,9720.0,,Invoice_Grape_Giumarra_1.xlsx [pre-loaded],2024 season - no dates available
,2024,,Giumarra,,Grape,PASSION FIRE,BLACK SEEDLESS,,B,BAG,90.0,1890.0,,Invoice_Grape_Giumarra_1.xlsx [pre-loaded],2024 season - no dates available
,2024,,Giumarra,,Grape,SUGAR DROP,WHITE SEEDLESS TYPE,,B,BAG,1885.0,35815.0,,Invoice_Grape_Giumarra_1.xlsx [pre-loaded],2024 season - no dates available
,2024,,Giumarra,,Grape,SUGAR DROP,WHITE SEEDLESS TYPE,,B,BAG,510.0,9690.0,,Invoice_Grape_Giumarra_1.xlsx [pre-loaded],2024 season - no dates available
,2024,,Giumarra,,Grape,SUGAR DROP,WHITE SEEDLESS TYPE,,B,BAG,720.0,12060.0,,Invoice_Grape_Giumarra_1.xlsx [pre-loaded],2024 season - no dates available
,2024,,Giumarra,,Grape,SUGAR DROP,WHITE SEEDLESS TYPE,,B,BAG,360.0,9277.2,,Invoice_Grape_Giumarra_1.xlsx [pre-loaded],2024 season - no dates available
,2024,,Giumarra,,Grape,SUGAR DROP,WHITE SEEDLESS TYPE,,B,CLAM,75.0,1575.0,,Invoice_Grape_Giumarra_1.xlsx [pre-loaded],2024 season - no dates available
,2024,,Giumarra,,Grape,SUGAR DROP,WHITE SEEDLESS TYPE,,B,CLAM,75.0,1500.0,,Invoice_Grape_Giumarra_1.xlsx [pre-loaded],2024 season - no dates available
,2024,,Giumarra,,Grape,SUGAR DROP,WHITE SEEDLESS TYPE,,B,BAG,170.0,2771.0,,Invoice_Grape_Giumarra_1.xlsx [pre-loaded],2024 season - no dates available
,2024,,Giumarra,,Grape,SUGAR DROP,WHITE SEEDLESS TYPE,,B,BAG,85.0,1500.25,,Invoice_Grape_Giumarra_1.xlsx [pre-loaded],2024 season - no dates available
,2024,,Giumarra,,Grape,SUGAR DROP,WHITE SEEDLESS TYPE,,B,BAG,510.0,8542.5,,Invoice_Grape_Giumarra_1.xlsx [pre-loaded],2024 season - no dates available
,2024,,Giumarra,,Grape,SUGAR DROP,WHITE SEEDLESS TYPE,,B,BAG,85.0,1615.0,,Invoice_Grape_Giumarra_1.xlsx [pre-loaded],2024 season - no dates available
,2024,,Giumarra,,Grape,SUGAR DROP,WHITE SEEDLESS TYPE,,B,BAG,85.0,1615.0,,Invoice_Grape_Giumarra_1.xlsx [pre-loaded],2024 season - no dates available
,2024,,Giumarra,,Grape,SUGAR DROP,WHITE SEEDLESS TYPE,,B,BAG,170.0,3000.5,,Invoice_Grape_Giumarra_1.xlsx [pre-loaded],2024 season - no dates available
,2024,,Giumarra,,Grape,SUGAR DROP,WHITE SEEDLESS TYPE,,A,BAG,270.0,5413.5,,Invoice_Grape_Giumarra_1.xlsx [pre-loaded],2024 season - no dates available
,2024,,Giumarra,,Grape,SUGAR DROP,WHITE SEEDLESS TYPE,,B,BAG,1700.0,30004.9999999999,,Invoice_Grape_Giumarra_1.xlsx [pre-loaded],2024 season - no dates available
,2024,,Giumarra,,Grape,SUGAR DROP,WHITE SEEDLESS TYPE,,A,BAG,1980.0,39699.0,,Invoice_Grape_Giumarra_1.xlsx [pre-loaded],2024 season - no dates available
,2024,,Giumarra,,Grape,SUGAR DROP,WHITE SEEDLESS TYPE,,A,BAG,360.0,7218.0,,Invoice_Grape_Giumarra_1.xlsx [pre-loaded],2024 season - no dates available
,2024,,Giumarra,,Grape,SUGAR DROP,WHITE SEEDLESS TYPE,,B,BAG,1530.0,22567.5,,Invoice_Grape_Giumarra_1.xlsx [pre-loaded],2024 season - no dates available
,2024,,Giumarra,,Grape,SUGAR DROP,WHITE SEEDLESS TYPE,,B,BAG,450.0,8550.0,,Invoice_Grape_Giumarra_1.xlsx [pre-loaded],2024 season - no dates available
,2024,,Giumarra,,Grape,SUGAR DROP,WHITE SEEDLESS TYPE,,B,BAG,630.0,11970.0,,Invoice_Grape_Giumarra_1.xlsx [pre-loaded],2024 season - no dates available
,2024,,Giumarra,,Grape,SUGAR DROP,WHITE SEEDLESS TYPE,,A,BAG,270.0,5413.5,,Invoice_Grape_Giumarra_1.xlsx [pre-loaded],2024 season - no dates available
,2024,,Giumarra,,Grape,SUGAR DROP,WHITE SEEDLESS TYPE,,B,BAG,850.0,14450.0,,Invoice_Grape_Giumarra_1.xlsx [pre-loaded],2024 season - no dates available
,2024,,Giumarra,,Grape,HONEY POP,WHITE SEEDLESS TYPE,,B,BAG,540.0,12284.9999999999,,Invoice_Grape_Giumarra_1.xlsx [pre-loaded],2024 season - no dates available
,2024,,Giumarra,,Grape,HONEY POP,WHITE SEEDLESS TYPE,,B,BAG,1349.9999999999,30712.5,,Invoice_Grape_Giumarra_1.xlsx [pre-loaded],2024 season - no dates available
,2024,,Giumarra,,Grape,HONEY POP,WHITE SEEDLESS TYPE,,B,BAG,89.9999999999,2047.5,,Invoice_Grape_Giumarra_1.xlsx [pre-loaded],2024 season - no dates available
,2024,,Giumarra,,Grape,EARLY SWEET,WHITE SEEDLESS TYPE,,A,BAG,270.0,4050.0,,Invoice_Grape_Giumarra_1.xlsx [pre-loaded],2024 season - no dates available
,2024,,Giumarra,,Grape,EARLY SWEET,WHITE SEEDLESS TYPE,,A,BAG,89.9999999999,1804.5,,Invoice_Grape_Giumarra_1.xlsx [pre-loaded],2024 season - no dates available
,2024,,Giumarra,,Grape,EARLY SWEET,WHITE SEEDLESS TYPE,,A,BAG,899.9999999999,18045.0,,Invoice_Grape_Giumarra_1.xlsx [pre-loaded],2024 season - no dates available
,2024,,Giumarra,,Grape,EARLY SWEET,WHITE SEEDLESS TYPE,,A,BAG,450.0,9022.5,,Invoice_Grape_Giumarra_1.xlsx [pre-loaded],2024 season - no dates available
,2024,,Giumarra,,Grape,EARLY SWEET,WHITE SEEDLESS TYPE,,A,BAG,539.9999999999,10827.0,,Invoice_Grape_Giumarra_1.xlsx [pre-loaded],2024 season - no dates available
,2024,,Giumarra,,Grape,EARLY SWEET,WHITE SEEDLESS TYPE,,A,BAG,180.0,3609.0,,Invoice_Grape_Giumarra_1.xlsx [pre-loaded],2024 season - no dates available
,2024,,Giumarra,,Grape,EARLY SWEET,WHITE SEEDLESS TYPE,,B,BAG,84.0,1591.8,,Invoice_Grape_Giumarra_1.xlsx [pre-loaded],2024 season - no dates available
,2024,,Giumarra,,Grape,EARLY SWEET,WHITE SEEDLESS TYPE,,A,BAG,1260.0,18900.0,,Invoice_Grape_Giumarra_1.xlsx [pre-loaded],2024 season - no dates available
,2024,,Giumarra,,Grape,EARLY SWEET,WHITE SEEDLESS TYPE,,A,BAG,450.0,6749.9999999999,,Invoice_Grape_Giumarra_1.xlsx [pre-loaded],2024 season - no dates available
,2024,,Giumarra,,Grape,EARLY SWEET,WHITE SEEDLESS TYPE,,B,BAG,1980.0,32769.0,,Invoice_Grape_Giumarra_1.xlsx [pre-loaded],2024 season - no dates available
,2024,,Giumarra,,Grape,ARRA_83,WHITE SEEDLESS TYPE,,B,BAG,90.0,1710.0,,Invoice_Grape_Giumarra_1.xlsx [pre-loaded],2024 season - no dates available
,2024,,Giumarra,,Grape,ARRA_83,WHITE SEEDLESS TYPE,,B,BAG,270.0,4050.0,,Invoice_Grape_Giumarra_1.xlsx [pre-loaded],2024 season - no dates available
,2024,,Giumarra,,Grape,FLAME,FLAME SEEDLESS,,B,BAG,360.0,6030.0,,Invoice_Grape_Giumarra_1.xlsx [pre-loaded],2024 season - no dates available
,2024,,Giumarra,,Grape,FLAME,FLAME SEEDLESS,,B,BAG,810.0,12150.0,,Invoice_Grape_Giumarra_1.xlsx [pre-loaded],2024 season - no dates available
,2024,,Giumarra,,Grape,FLAME,FLAME SEEDLESS,,B,BAG,800.0,16800.0,,Invoice_Grape_Giumarra_1.xlsx [pre-loaded],2024 season - no dates available
,2024,,Giumarra,,Grape,FLAME,FLAME SEEDLESS,,A,BAG,900.0,18045.0,,Invoice_Grape_Giumarra_1.xlsx [pre-loaded],2024 season - no dates available
,2024,,Giumarra,,Grape,FLAME,FLAME SEEDLESS,,B,BAG,84.9999999999,1445.0,,Invoice_Grape_Giumarra_1.xlsx [pre-loaded],2024 season - no dates available
,2024,,Giumarra,,Grape,FLAME,FLAME SEEDLESS,,B,BAG,180.0,2700.0,,Invoice_Grape_Giumarra_1.xlsx [pre-loaded],2024 season - no dates available
,2024,,Giumarra,,Grape,FLAME,FLAME SEEDLESS,,B,BAG,90.0,1890.0,,Invoice_Grape_Giumarra_1.xlsx [pre-loaded],2024 season - no dates available
,2024,,Giumarra,,Grape,FLAME,FLAME SEEDLESS,,B,BAG,990.0,18810.0,,Invoice_Grape_Giumarra_1.xlsx [pre-loaded],2024 season - no dates available
,2024,,Giumarra,,Grape,FLAME,FLAME SEEDLESS,,B,BAG,450.0,7650.0,,Invoice_Grape_Giumarra_1.xlsx [pre-loaded],2024 season - no dates available
,2024,,Giumarra,,Grape,FLAME,FLAME SEEDLESS,,B,BAG,90.0,1890.0,,Invoice_Grape_Giumarra_1.xlsx [pre-loaded],2024 season - no dates available
,2024,,Giumarra,,Grape,FLAME,FLAME SEEDLESS,,B,BAG,720.0,11736.0,,Invoice_Grape_Giumarra_1.xlsx [pre-loaded],2024 season - no dates available
,2024,,Giumarra,,Grape,FLAME,FLAME SEEDLESS,,B,BAG,1360.0,25840.0,,Invoice_Grape_Giumarra_1.xlsx [pre-loaded],2024 season - no dates available
,2024,,Giumarra,,Grape,FLAME,FLAME SEEDLESS,,B,CLAM,75.0,1575.0,,Invoice_Grape_Giumarra_1.xlsx [pre-loaded],2024 season - no dates available
,2024,,Giumarra,,Grape,PASSION FIRE,BLACK SEEDLESS,,B,BAG,2160.0,41040.0,,Invoice_Grape_Giumarra_1.xlsx [pre-loaded],2024 season - no dates available
,2024,,Giumarra,,Grape,PASSION FIRE,BLACK SEEDLESS,,B,BAG,270.0,5400.0,,Invoice_Grape_Giumarra_1.xlsx [pre-loaded],2024 season - no dates available
,2024,,Giumarra,,Grape,PASSION FIRE,BLACK SEEDLESS,,B,BAG,89.9999999999,1530.0,,Invoice_Grape_Giumarra_1.xlsx [pre-loaded],2024 season - no dates available
,2024,,Giumarra,,Grape,PASSION FIRE,BLACK SEEDLESS,,B,BAG,180.0,3060.0,,Invoice_Grape_Giumarra_1.xlsx [pre-loaded],2024 season - no dates available
,2024,,Giumarra,,Grape,PASSION FIRE,BLACK SEEDLESS,,B,BAG,1980.0,41580.0,,Invoice_Grape_Giumarra_1.xlsx [pre-loaded],2024 season - no dates available
,2024,,Giumarra,,Grape,PASSION FIRE,BLACK SEEDLESS,,B,BAG,990.0,20790.0,,Invoice_Grape_Giumarra_1.xlsx [pre-loaded],2024 season - no dates available
,2024,,Giumarra,,Grape,PASSION FIRE,BLACK SEEDLESS,,B,BAG,270.0,5670.0,,Invoice_Grape_Giumarra_1.xlsx [pre-loaded],2024 season - no dates available
,2024,,Giumarra,,Grape,PASSION FIRE,BLACK SEEDLESS,,B,BAG,990.0,20790.0,,Invoice_Grape_Giumarra_1.xlsx [pre-loaded],2024 season - no dates available
,2024,,Giumarra,,Grape,PASSION FIRE,BLACK SEEDLESS,,B,BAG,900.0,18900.0,,Invoice_Grape_Giumarra_1.xlsx [pre-loaded],2024 season - no dates available
,2024,,Giumarra,,Grape,PASSION FIRE,BLACK SEEDLESS,,B,BAG,720.0,15120.0,,Invoice_Grape_Giumarra_1.xlsx [pre-loaded],2024 season - no dates available
,2024,,Giumarra,,Grape,PASSION FIRE,BLACK SEEDLESS,,B,BAG,1260.0,26460.0,,Invoice_Grape_Giumarra_1.xlsx [pre-loaded],2024 season - no dates available
,2024,,Giumarra,,Grape,PASSION FIRE,BLACK SEEDLESS,,B,BAG,90.0,1530.0,,Invoice_Grape_Giumarra_1.xlsx [pre-loaded],2024 season - no dates available
,2024,,Giumarra,,Grape,PASSION FIRE,BLACK SEEDLESS,,B,BAG,900.0,15300.0,,Invoice_Grape_Giumarra_1.xlsx [pre-loaded],2024 season - no dates available
,2024,,Giumarra,,Grape,PASSION FIRE,BLACK SEEDLESS,,B,BAG,450.0,9450.0,,Invoice_Grape_Giumarra_1.xlsx [pre-loaded],2024 season - no dates available
,2024,,Giumarra,,Grape,PASSION FIRE,BLACK SEEDLESS,,B,BAG,90.0,1530.0,,Invoice_Grape_Giumarra_1.xlsx [pre-loaded],2024 season - no dates available
,2024,,Giumarra,,Grape,SUGAR DROP,WHITE SEEDLESS TYPE,,B,BAG,1440.0,24480.0,,Invoice_Grape_Giumarra_1.xlsx [pre-loaded],2024 season - no dates available
,2024,,Giumarra,,Grape,SUGAR DROP,WHITE SEEDLESS TYPE,,B,BAG,1980.0,33660.0,,Invoice_Grape_Giumarra_1.xlsx [pre-loaded],2024 season - no dates available
,2024,,Giumarra,,Grape,SUGAR DROP,WHITE SEEDLESS TYPE,,B,BAG,1440.0,24479.9999999999,,Invoice_Grape_Giumarra_1.xlsx [pre-loaded],2024 season - no dates available
,2024,,Giumarra,,Grape,SUGAR DROP,WHITE SEEDLESS TYPE,,B,BAG,540.0,9180.0,,Invoice_Grape_Giumarra_1.xlsx [pre-loaded],2024 season - no dates available
,2024,,Giumarra,,Grape,SUGAR DROP,WHITE SEEDLESS TYPE,,B,BAG,270.0,4590.0,,Invoice_Grape_Giumarra_1.xlsx [pre-loaded],2024 season - no dates available
,2024,,Giumarra,,Grape,SUGAR DROP,WHITE SEEDLESS TYPE,,B,BAG,1440.0,24480.0,,Invoice_Grape_Giumarra_1.xlsx [pre-loaded],2024 season - no dates available
,2024,,Giumarra,,Grape,SUGAR DROP,WHITE SEEDLESS TYPE,,B,BAG,89.9999999999,1530.0,,Invoice_Grape_Giumarra_1.xlsx [pre-loaded],2024 season - no dates available
,2024,,Giumarra,,Grape,SUGAR DROP,WHITE SEEDLESS TYPE,,B,BAG,180.0,3060.0,,Invoice_Grape_Giumarra_1.xlsx [pre-loaded],2024 season - no dates available
,2024,,Giumarra,,Grape,SUGAR DROP,WHITE SEEDLESS TYPE,,B,BAG,89.9999999999,1530.0,,Invoice_Grape_Giumarra_1.xlsx [pre-loaded],2024 season - no dates available
,2024,,Giumarra,,Grape,SUGAR DROP,WHITE SEEDLESS TYPE,,B,BAG,1260.0,21420.0,,Invoice_Grape_Giumarra_1.xlsx [pre-loaded],2024 season - no dates available
,2024,,Giumarra,,Grape,SUGAR DROP,WHITE SEEDLESS TYPE,,B,BAG,630.0,10710.0,,Invoice_Grape_Giumarra_1.xlsx [pre-loaded],2024 season - no dates available
,2024,,Giumarra,,Grape,SUGAR DROP,WHITE SEEDLESS TYPE,,B,BAG,1980.0,33660.0,,Invoice_Grape_Giumarra_1.xlsx [pre-loaded],2024 season - no dates available
,2024,,Giumarra,,Grape,SUGAR DROP,WHITE SEEDLESS TYPE,,B,BAG,1890.0,32130.0,,Invoice_Grape_Giumarra_1.xlsx [pre-loaded],2024 season - no dates available
,2024,,Giumarra,,Grape,SUGAR DROP,WHITE SEEDLESS TYPE,,B,BAG,720.0,12240.0,,Invoice_Grape_Giumarra_1.xlsx [pre-loaded],2024 season - no dates available
,2024,,Giumarra,,Grape,SUGAR DROP,WHITE SEEDLESS TYPE,,B,BAG,449.0,7633.0,,Invoice_Grape_Giumarra_1.xlsx [pre-loaded],2024 season - no dates available
,2024,,Giumarra,,Grape,SUGAR DROP,WHITE SEEDLESS TYPE,,B,BAG,1620.0,27540.0,,Invoice_Grape_Giumarra_1.xlsx [pre-loaded],2024 season - no dates available
,2024,,Giumarra,,Grape,SUGAR DROP,WHITE SEEDLESS TYPE,,B,BAG,1799.9999999998,30600.0,,Invoice_Grape_Giumarra_1.xlsx [pre-loaded],2024 season - no dates available
,2024,,Giumarra,,Grape,SUGAR DROP,WHITE SEEDLESS TYPE,,B,BAG,1709.9999999999,29069.9999999999,,Invoice_Grape_Giumarra_1.xlsx [pre-loaded],2024 season - no dates available
,2024,,Giumarra,,Grape,SUGAR DROP,WHITE SEEDLESS TYPE,,B,BAG,89.9999999999,1530.0,,Invoice_Grape_Giumarra_1.xlsx [pre-loaded],2024 season - no dates available
,2024,,Giumarra,,Grape,SUGAR DROP,WHITE SEEDLESS TYPE,,B,BAG,539.9999999999,9179.9999999999,,Invoice_Grape_Giumarra_1.xlsx [pre-loaded],2024 season - no dates available
,2024,,Giumarra,,Grape,SUGAR DROP,WHITE SEEDLESS TYPE,,B,BAG,450.0,7650.0,,Invoice_Grape_Giumarra_1.xlsx [pre-loaded],2024 season - no dates available
,2024,,Giumarra,,Grape,SUGAR DROP,WHITE SEEDLESS TYPE,,B,BAG,90.0,1530.0,,Invoice_Grape_Giumarra_1.xlsx [pre-loaded],2024 season - no dates available
,2024,,Giumarra,,Grape,SUGAR DROP,WHITE SEEDLESS TYPE,,B,BAG,180.0,3060.0,,Invoice_Grape_Giumarra_1.xlsx [pre-loaded],2024 season - no dates available
,2024,,Giumarra,,Grape,SUGAR DROP,WHITE SEEDLESS TYPE,,B,BAG,270.0,4590.0,,Invoice_Grape_Giumarra_1.xlsx [pre-loaded],2024 season - no dates available
,2024,,Giumarra,,Grape,SUGAR DROP,WHITE SEEDLESS TYPE,,B,BAG,1979.9999999999,33659.9999999999,,Invoice_Grape_Giumarra_1.xlsx [pre-loaded],2024 season - no dates available
,2024,,Giumarra,,Grape,SUGAR DROP,WHITE SEEDLESS TYPE,,B,BAG,719.9999999999,12240.0,,Invoice_Grape_Giumarra_1.xlsx [pre-loaded],2024 season - no dates available
,2024,,Giumarra,,Grape,SUGAR DROP,WHITE SEEDLESS TYPE,,B,BAG,2151.0,36567.0,,Invoice_Grape_Giumarra_1.xlsx [pre-loaded],2024 season - no dates available
,2024,,Giumarra,,Grape,SUGAR DROP,WHITE SEEDLESS TYPE,,B,BAG,270.0,4050.0,,Invoice_Grape_Giumarra_1.xlsx [pre-loaded],2024 season - no dates available
,2024,,Giumarra,,Grape,SUGAR DROP,WHITE SEEDLESS TYPE,,B,BAG,900.0,13500.0,,Invoice_Grape_Giumarra_1.xlsx [pre-loaded],2024 season - no dates available
,2024,,Giumarra,,Grape,SUGAR DROP,WHITE SEEDLESS TYPE,,B,BAG,900.0,13500.0,,Invoice_Grape_Giumarra_1.xlsx [pre-loaded],2024 season - no dates available
,2024,,Giumarra,,Grape,SUGAR DROP,WHITE SEEDLESS TYPE,,B,BAG,990.0,14850.0,,Invoice_Grape_Giumarra_1.xlsx [pre-loaded],2024 season - no dates available
,2024,,Giumarra,,Grape,SUGAR DROP,WHITE SEEDLESS TYPE,,B,BAG,90.0,1350.0,,Invoice_Grape_Giumarra_1.xlsx [pre-loaded],2024 season - no dates available
,2024,,Giumarra,,Grape,SUGAR DROP,WHITE SEEDLESS TYPE,,B,BAG,1080.0,14040.0,,Invoice_Grape_Giumarra_1.xlsx [pre-loaded],2024 season - no dates available
,2024,,Giumarra,,Grape,SUGAR DROP,WHITE SEEDLESS TYPE,,B,BAG,1260.0,16380.0,,Invoice_Grape_Giumarra_1.xlsx [pre-loaded],2024 season - no dates available
,2024,,Giumarra,,Grape,SUGAR DROP,WHITE SEEDLESS TYPE,,B,BAG,810.0,10530.0,,Invoice_Grape_Giumarra_1.xlsx [pre-loaded],2024 season - no dates available
,2024,,Giumarra,,Grape,SUGAR DROP,WHITE SEEDLESS TYPE,,B,BAG,270.0,4590.0,,Invoice_Grape_Giumarra_1.xlsx [pre-loaded],2024 season - no dates available
,2024,,Giumarra,,Grape,SUGAR DROP,WHITE SEEDLESS TYPE,,B,BAG,899.9999999999,15300.0,,Invoice_Grape_Giumarra_1.xlsx [pre-loaded],2024 season - no dates available
,2024,,Giumarra,,Grape,SUGAR DROP,WHITE SEEDLESS TYPE,,B,BAG,1710.0,25650.0,,Invoice_Grape_Giumarra_1.xlsx [pre-loaded],2024 season - no dates available
,2024,,Giumarra,,Grape,SUGAR DROP,WHITE SEEDLESS TYPE,,B,BAG,1980.0,29700.0,,Invoice_Grape_Giumarra_1.xlsx [pre-loaded],2024 season - no dates available
,2024,,Giumarra,,Grape,SUGAR DROP,WHITE SEEDLESS TYPE,,B,BAG,990.0,14850.0,,Invoice_Grape_Giumarra_1.xlsx [pre-loaded],2024 season - no dates available
,2024,,Giumarra,,Grape,SUGAR DROP,WHITE SEEDLESS TYPE,,B,BAG,900.0,13500.0,,Invoice_Grape_Giumarra_1.xlsx [pre-loaded],2024 season - no dates available
,2024,,Giumarra,,Grape,SUGAR DROP,WHITE SEEDLESS TYPE,,B,BAG,1440.0,21600.0,,Invoice_Grape_Giumarra_1.xlsx [pre-loaded],2024 season - no dates available
,2024,,Giumarra,,Grape,SUGAR DROP,WHITE SEEDLESS TYPE,,B,BAG,1709.9999999999,25649.9999999999,,Invoice_Grape_Giumarra_1.xlsx [pre-loaded],2024 season - no dates available
,2024,,Giumarra,,Grape,SUGAR DROP,WHITE SEEDLESS TYPE,,B,BAG,1620.0,24300.0,,Invoice_Grape_Giumarra_1.xlsx [pre-loaded],2024 season - no dates available
,2024,,Giumarra,,Grape,SUGAR DROP,WHITE SEEDLESS TYPE,,B,BAG,175.0,2625.0,,Invoice_Grape_Giumarra_1.xlsx [pre-loaded],2024 season - no dates available
,2024,,Giumarra,,Grape,SUGAR DROP,WHITE SEEDLESS TYPE,,B,BAG,90.0,1170.0,,Invoice_Grape_Giumarra_1.xlsx [pre-loaded],2024 season - no dates available
,2024,,Giumarra,,Grape,SUGAR DROP,WHITE SEEDLESS TYPE,,B,BAG,990.0,16830.0,,Invoice_Grape_Giumarra_1.xlsx [pre-loaded],2024 season - no dates available
,2024,,Giumarra,,Grape,SUGAR DROP,WHITE SEEDLESS TYPE,,B,BAG,360.0,5400.0,,Invoice_Grape_Giumarra_1.xlsx [pre-loaded],2024 season - no dates available
,2024,,Giumarra,,Grape,SUGAR DROP,WHITE SEEDLESS TYPE,,B,BAG,360.0,5399.9999999999,,Invoice_Grape_Giumarra_1.xlsx [pre-loaded],2024 season - no dates available
,2024,,Giumarra,,Grape,SUGAR DROP,WHITE SEEDLESS TYPE,,B,BAG,1080.0,16200.0,,Invoice_Grape_Giumarra_1.xlsx [pre-loaded],2024 season - no dates available
,2024,,Giumarra,,Grape,SUGAR DROP,WHITE SEEDLESS TYPE,,B,BAG,1350.0,20250.0,,Invoice_Grape_Giumarra_1.xlsx [pre-loaded],2024 season - no dates available
,2024,,Giumarra,,Grape,SUGAR DROP,WHITE SEEDLESS TYPE,,B,BAG,539.9999999999,8099.9999999999,,Invoice_Grape_Giumarra_1.xlsx [pre-loaded],2024 season - no dates available
,2024,,Giumarra,,Grape,SUGAR DROP,WHITE SEEDLESS TYPE,,B,BAG,360.0,5400.0,,Invoice_Grape_Giumarra_1.xlsx [pre-loaded],2024 season - no dates available
,2024,,Giumarra,,Grape,SUGAR DROP,WHITE SEEDLESS TYPE,,B,BAG,1890.0,28350.0,,Invoice_Grape_Giumarra_1.xlsx [pre-loaded],2024 season - no dates available
,2024,,Giumarra,,Grape,SUGAR DROP,WHITE SEEDLESS TYPE,,B,BAG,1710.0,25650.0,,Invoice_Grape_Giumarra_1.xlsx [pre-loaded],2024 season - no dates available
,2024,,Giumarra,,Grape,SUGAR DROP,WHITE SEEDLESS TYPE,,B,BAG,630.0,9450.0,,Invoice_Grape_Giumarra_1.xlsx [pre-loaded],2024 season - no dates available
,2024,,Giumarra,,Grape,SUGAR DROP,WHITE SEEDLESS TYPE,,B,BAG,1979.9999999999,29700.0,,Invoice_Grape_Giumarra_1.xlsx [pre-loaded],2024 season - no dates available
,2024,,Giumarra,,Grape,SUGAR DROP,WHITE SEEDLESS TYPE,,B,BAG,1439.9999999998,21600.0,,Invoice_Grape_Giumarra_1.xlsx [pre-loaded],2024 season - no dates available
,2024,,Giumarra,,Grape,SUGAR DROP,WHITE SEEDLESS TYPE,,B,BAG,270.0,4050.0,,Invoice_Grape_Giumarra_1.xlsx [pre-loaded],2024 season - no dates available
,2024,,Giumarra,,Grape,SUGAR DROP,WHITE SEEDLESS TYPE,,B,BAG,1170.0,17550.0,,Invoice_Grape_Giumarra_1.xlsx [pre-loaded],2024 season - no dates available
,2024,,Giumarra,,Grape,SUGAR DROP,WHITE SEEDLESS TYPE,,B,BAG,1980.0,29700.0,,Invoice_Grape_Giumarra_1.xlsx [pre-loaded],2024 season - no dates available
,2024,,Giumarra,,Grape,SUGAR DROP,WHITE SEEDLESS TYPE,,B,BAG,2070.0,31050.0,,Invoice_Grape_Giumarra_1.xlsx [pre-loaded],2024 season - no dates available
,2024,,Giumarra,,Grape,SUGAR DROP,WHITE SEEDLESS TYPE,,B,BAG,360.0,5400.0,,Invoice_Grape_Giumarra_1.xlsx [pre-loaded],2024 season - no dates available
,2024,,Giumarra,,Grape,SUGAR DROP,WHITE SEEDLESS TYPE,,B,BAG,90.0,1170.0,,Invoice_Grape_Giumarra_1.xlsx [pre-loaded],2024 season - no dates available
,2024,,Giumarra,,Grape,SUGAR DROP,WHITE SEEDLESS TYPE,,B,BAG,1980.0,29700.0,,Invoice_Grape_Giumarra_1.xlsx [pre-loaded],2024 season - no dates available
,2024,,Giumarra,,Grape,SUGAR DROP,WHITE SEEDLESS TYPE,,B,BAG,155.0,2015.0,,Invoice_Grape_Giumarra_1.xlsx [pre-loaded],2024 season - no dates available
,2024,,Giumarra,,Grape,SUGAR DROP,WHITE SEEDLESS TYPE,,B,BAG,565.0,7345.0,,Invoice_Grape_Giumarra_1.xlsx [pre-loaded],2024 season - no dates available
,2024,,Giumarra,,Grape,SUGAR DROP,WHITE SEEDLESS TYPE,,B,BAG,1505.0,19565.0,,Invoice_Grape_Giumarra_1.xlsx [pre-loaded],2024 season - no dates available
,2024,,Giumarra,,Grape,EARLY SWEET,WHITE SEEDLESS TYPE,,B,BAG,2070.0,43470.0,,Invoice_Grape_Giumarra_1.xlsx [pre-loaded],2024 season - no dates available
,2024,,Giumarra,,Grape,EARLY SWEET,WHITE SEEDLESS TYPE,,B,BAG,1360.0,28560.0,,Invoice_Grape_Giumarra_1.xlsx [pre-loaded],2024 season - no dates available
,2024,,Giumarra,,Grape,EARLY SWEET,WHITE SEEDLESS TYPE,,B,BAG,540.0,11340.0,,Invoice_Grape_Giumarra_1.xlsx [pre-loaded],2024 season - no dates available
,2024,,Giumarra,,Grape,EARLY SWEET,WHITE SEEDLESS TYPE,,B,BAG,339.9999999999,7139.9999999999,,Invoice_Grape_Giumarra_1.xlsx [pre-loaded],2024 season - no dates available
,2024,,Giumarra,,Grape,EARLY SWEET,WHITE SEEDLESS TYPE,,B,BAG,90.0,1890.0,,Invoice_Grape_Giumarra_1.xlsx [pre-loaded],2024 season - no dates available
,2024,,Giumarra,,Grape,EARLY SWEET,WHITE SEEDLESS TYPE,,B,BAG,2160.0,45360.0,,Invoice_Grape_Giumarra_1.xlsx [pre-loaded],2024 season - no dates available
,2024,,Giumarra,,Grape,EARLY SWEET,WHITE SEEDLESS TYPE,,B,BAG,720.0,15120.0,,Invoice_Grape_Giumarra_1.xlsx [pre-loaded],2024 season - no dates available
,2024,,Giumarra,,Grape,EARLY SWEET,WHITE SEEDLESS TYPE,,B,BAG,1439.9999999999,30240.0,,Invoice_Grape_Giumarra_1.xlsx [pre-loaded],2024 season - no dates available
,2024,,Giumarra,,Grape,EARLY SWEET,WHITE SEEDLESS TYPE,,B,BAG,1800.0,37800.0,,Invoice_Grape_Giumarra_1.xlsx [pre-loaded],2024 season - no dates available
,2024,,Giumarra,,Grape,EARLY SWEET,WHITE SEEDLESS TYPE,,B,BAG,1169.9999999999,22229.9999999999,,Invoice_Grape_Giumarra_1.xlsx [pre-loaded],2024 season - no dates available
,2024,,Giumarra,,Grape,EARLY SWEET,WHITE SEEDLESS TYPE,,B,BAG,180.0,3780.0,,Invoice_Grape_Giumarra_1.xlsx [pre-loaded],2024 season - no dates available
,2024,,Giumarra,,Grape,EARLY SWEET,WHITE SEEDLESS TYPE,,B,BAG,719.9999999999,13680.0,,Invoice_Grape_Giumarra_1.xlsx [pre-loaded],2024 season - no dates available
,2024,,Giumarra,,Grape,EARLY SWEET,WHITE SEEDLESS TYPE,,B,BAG,270.0,5130.0,,Invoice_Grape_Giumarra_1.xlsx [pre-loaded],2024 season - no dates available
,2024,,Giumarra,,Grape,EARLY SWEET,WHITE SEEDLESS TYPE,,B,BAG,1710.0,32490.0,,Invoice_Grape_Giumarra_1.xlsx [pre-loaded],2024 season - no dates available
,2024,,Giumarra,,Grape,EARLY SWEET,WHITE SEEDLESS TYPE,,B,BAG,270.0,5129.9999999999,,Invoice_Grape_Giumarra_1.xlsx [pre-loaded],2024 season - no dates available
,2024,,Giumarra,,Grape,EARLY SWEET,WHITE SEEDLESS TYPE,,B,BAG,180.0,3420.0,,Invoice_Grape_Giumarra_1.xlsx [pre-loaded],2024 season - no dates available
,2024,,Giumarra,,Grape,EARLY SWEET,WHITE SEEDLESS TYPE,,B,BAG,1800.0,34200.0,,Invoice_Grape_Giumarra_1.xlsx [pre-loaded],2024 season - no dates available
,2024,,Giumarra,,Grape,EARLY SWEET,WHITE SEEDLESS TYPE,,B,BAG,2160.0,41040.0,,Invoice_Grape_Giumarra_1.xlsx [pre-loaded],2024 season - no dates available
,2024,,Giumarra,,Grape,EARLY SWEET,WHITE SEEDLESS TYPE,,B,BAG,90.0,1710.0,,Invoice_Grape_Giumarra_1.xlsx [pre-loaded],2024 season - no dates available
,2024,,Giumarra,,Grape,EARLY SWEET,WHITE SEEDLESS TYPE,,B,BAG,2160.0,36720.0,,Invoice_Grape_Giumarra_1.xlsx [pre-loaded],2024 season - no dates available
,2024,,Giumarra,,Grape,EARLY SWEET,WHITE SEEDLESS TYPE,,B,BAG,1170.0,17550.0,,Invoice_Grape_Giumarra_1.xlsx [pre-loaded],2024 season - no dates available
,2024,,Giumarra,,Grape,EARLY SWEET,WHITE SEEDLESS TYPE,,B,BAG,1170.0,19890.0,,Invoice_Grape_Giumarra_1.xlsx [pre-loaded],2024 season - no dates available
,2024,,Giumarra,,Grape,EARLY SWEET,WHITE SEEDLESS TYPE,,B,BAG,1440.0,24480.0,,Invoice_Grape_Giumarra_1.xlsx [pre-loaded],2024 season - no dates available
,2024,,Giumarra,,Grape,EARLY SWEET,WHITE SEEDLESS TYPE,,B,BAG,1980.0,33660.0,,Invoice_Grape_Giumarra_1.xlsx [pre-loaded],2024 season - no dates available
,2024,,Giumarra,,Grape,EARLY SWEET,WHITE SEEDLESS TYPE,,B,BAG,1890.0,32130.0,,Invoice_Grape_Giumarra_1.xlsx [pre-loaded],2024 season - no dates available
,2024,,Giumarra,,Grape,EARLY SWEET,WHITE SEEDLESS TYPE,,B,BAG,1979.9999999999,33660.0,,Invoice_Grape_Giumarra_1.xlsx [pre-loaded],2024 season - no dates available
,2024,,Giumarra,,Grape,EARLY SWEET,WHITE SEEDLESS TYPE,,B,BAG,1980.0,33660.0,,Invoice_Grape_Giumarra_1.xlsx [pre-loaded],2024 season - no dates available
,2024,,Giumarra,,Grape,EARLY SWEET,WHITE SEEDLESS TYPE,,B,BAG,539.9999999998,9179.9999999999,,Invoice_Grape_Giumarra_1.xlsx [pre-loaded],2024 season - no dates available
,2024,,Giumarra,,Grape,EARLY SWEET,WHITE SEEDLESS TYPE,,B,BAG,270.0,4590.0,,Invoice_Grape_Giumarra_1.xlsx [pre-loaded],2024 season - no dates available
,2024,,Giumarra,,Grape,EARLY SWEET,WHITE SEEDLESS TYPE,,A,BAG,990.0,12870.0,,Invoice_Grape_Giumarra_1.xlsx [pre-loaded],2024 season - no dates available
,2024,,Giumarra,,Grape,EARLY SWEET,WHITE SEEDLESS TYPE,,A,BAG,990.0,12870.0,,Invoice_Grape_Giumarra_1.xlsx [pre-loaded],2024 season - no dates available
,2024,,Giumarra,,Grape,EARLY SWEET,WHITE SEEDLESS TYPE,,A,BAG,1530.0,19890.0,,Invoice_Grape_Giumarra_1.xlsx [pre-loaded],2024 season - no dates available
,2024,,Giumarra,,Grape,EARLY SWEET,WHITE SEEDLESS TYPE,,B,BAG,1440.0,24480.0,,Invoice_Grape_Giumarra_1.xlsx [pre-loaded],2024 season - no dates available
,2024,,Giumarra,,Grape,EARLY SWEET,WHITE SEEDLESS TYPE,,B,BAG,720.0,12240.0,,Invoice_Grape_Giumarra_1.xlsx [pre-loaded],2024 season - no dates available
,2024,,Giumarra,,Grape,EARLY SWEET,WHITE SEEDLESS TYPE,,B,BAG,1170.0,19890.0,,Invoice_Grape_Giumarra_1.xlsx [pre-loaded],2024 season - no dates available
,2024,,Giumarra,,Grape,EARLY SWEET,WHITE SEEDLESS TYPE,,B,BAG,900.0,15300.0,,Invoice_Grape_Giumarra_1.xlsx [pre-loaded],2024 season - no dates available
,2024,,Giumarra,,Grape,EARLY SWEET,WHITE SEEDLESS TYPE,,B,BAG,1979.9999999999,33660.0,,Invoice_Grape_Giumarra_1.xlsx [pre-loaded],2024 season - no dates available
,2024,,Giumarra,,Grape,EARLY SWEET,WHITE SEEDLESS TYPE,,B,BAG,450.0,7650.0,,Invoice_Grape_Giumarra_1.xlsx [pre-loaded],2024 season - no dates available
,2024,,Giumarra,,Grape,EARLY SWEET,WHITE SEEDLESS TYPE,,B,BAG,1979.9999999999,33659.9999999998,,Invoice_Grape_Giumarra_1.xlsx [pre-loaded],2024 season - no dates available
,2024,,Giumarra,,Grape,EARLY SWEET,WHITE SEEDLESS TYPE,,B,BAG,1980.0,33660.0,,Invoice_Grape_Giumarra_1.xlsx [pre-loaded],2024 season - no dates available
,2024,,Giumarra,,Grape,EARLY SWEET,WHITE SEEDLESS TYPE,,B,BAG,270.0,4590.0,,Invoice_Grape_Giumarra_1.xlsx [pre-loaded],2024 season - no dates available
,2024,,Giumarra,,Grape,EARLY SWEET,WHITE SEEDLESS TYPE,,B,BAG,1890.0,32130.0,,Invoice_Grape_Giumarra_1.xlsx [pre-loaded],2024 season - no dates available
,2024,,Giumarra,,Grape,EARLY SWEET,WHITE SEEDLESS TYPE,,B,BAG,1350.0,22950.0,,Invoice_Grape_Giumarra_1.xlsx [pre-loaded],2024 season - no dates available
,2024,,Giumarra,,Grape,EARLY SWEET,WHITE SEEDLESS TYPE,,B,BAG,1529.9999999999,26010.0,,Invoice_Grape_Giumarra_1.xlsx [pre-loaded],2024 season - no dates available
,2024,,Giumarra,,Grape,EARLY SWEET,WHITE SEEDLESS TYPE,,B,BAG,89.9999999999,1530.0,,Invoice_Grape_Giumarra_1.xlsx [pre-loaded],2024 season - no dates available
,2024,,Giumarra,,Grape,EARLY SWEET,WHITE SEEDLESS TYPE,,B,BAG,1979.9999999999,33659.9999999999,,Invoice_Grape_Giumarra_1.xlsx [pre-loaded],2024 season - no dates available
,2024,,Giumarra,,Grape,EARLY SWEET,WHITE SEEDLESS TYPE,,B,BAG,1979.9999999998,33659.9999999999,,Invoice_Grape_Giumarra_1.xlsx [pre-loaded],2024 season - no dates available
,2024,,Giumarra,,Grape,EARLY SWEET,WHITE SEEDLESS TYPE,,B,BAG,1980.0,33660.0,,Invoice_Grape_Giumarra_1.xlsx [pre-loaded],2024 season - no dates available
,2024,,Giumarra,,Grape,EARLY SWEET,WHITE SEEDLESS TYPE,,B,BAG,90.0,1350.0,,Invoice_Grape_Giumarra_1.xlsx [pre-loaded],2024 season - no dates available
,2024,,Giumarra,,Grape,EARLY SWEET,WHITE SEEDLESS TYPE,,B,BAG,720.0,10800.0,,Invoice_Grape_Giumarra_1.xlsx [pre-loaded],2024 season - no dates available
,2024,,Giumarra,,Grape,EARLY SWEET,WHITE SEEDLESS TYPE,,B,BAG,450.0,6750.0,,Invoice_Grape_Giumarra_1.xlsx [pre-loaded],2024 season - no dates available
,2024,,Giumarra,,Grape,EARLY SWEET,WHITE SEEDLESS TYPE,,B,BAG,2159.9999999999,32399.9999999999,,Invoice_Grape_Giumarra_1.xlsx [pre-loaded],2024 season - no dates available
,2024,,Giumarra,,Grape,EARLY SWEET,WHITE SEEDLESS TYPE,,B,BAG,630.0,9450.0,,Invoice_Grape_Giumarra_1.xlsx [pre-loaded],2024 season - no dates available
,2024,,Giumarra,,Grape,EARLY SWEET,WHITE SEEDLESS TYPE,,B,BAG,540.0,8100.0,,Invoice_Grape_Giumarra_1.xlsx [pre-loaded],2024 season - no dates available
,2024,,Giumarra,,Grape,FLAME,FLAME SEEDLESS,,A,BAG,180.0,3411.0,,Invoice_Grape_Giumarra_1.xlsx [pre-loaded],2024 season - no dates available
,2024,,Giumarra,,Grape,SUMMER ROYAL,BLACK SEEDLESS,,B,BAG,255.0,4845.0,,Invoice_Grape_Giumarra_1.xlsx [pre-loaded],2024 season - no dates available
,2024,,Giumarra,,Grape,EARLY SWEET,WHITE SEEDLESS TYPE,,B,BAG,180.0,5760.0,,Invoice_Grape_Giumarra_1.xlsx [pre-loaded],2024 season - no dates available
,2024,,Giumarra,,Grape,EARLY SWEET,WHITE SEEDLESS TYPE,,B,BAG,89.9999999999,2970.0,,Invoice_Grape_Giumarra_1.xlsx [pre-loaded],2024 season - no dates available
,2024,,Giumarra,,Grape,EARLY SWEET,WHITE SEEDLESS TYPE,,B,BAG,630.0,20632.5,,Invoice_Grape_Giumarra_1.xlsx [pre-loaded],2024 season - no dates available
,2024,,Giumarra,,Grape,EARLY SWEET,WHITE SEEDLESS TYPE,,B,BAG,540.0,17820.0,,Invoice_Grape_Giumarra_1.xlsx [pre-loaded],2024 season - no dates available
,2024,,Giumarra,,Grape,EARLY SWEET,WHITE SEEDLESS TYPE,,B,BAG,1979.9999999999,56925.0,,Invoice_Grape_Giumarra_1.xlsx [pre-loaded],2024 season - no dates available
,2024,,Giumarra,,Grape,EARLY SWEET,WHITE SEEDLESS TYPE,,A,BAG,1170.0,26617.5,,Invoice_Grape_Giumarra_1.xlsx [pre-loaded],2024 season - no dates available
,2024,,Giumarra,,Grape,EARLY SWEET,WHITE SEEDLESS TYPE,,A,BAG,810.0,18427.5,,Invoice_Grape_Giumarra_1.xlsx [pre-loaded],2024 season - no dates available
,2024,,Giumarra,,Grape,PASSION FIRE,BLACK SEEDLESS,,A,BAG,180.0,3609.0,,Invoice_Grape_Giumarra_1.xlsx [pre-loaded],2024 season - no dates available
,2024,,Giumarra,,Grape,PASSION FIRE,BLACK SEEDLESS,,A,BAG,270.0,5413.5,,Invoice_Grape_Giumarra_1.xlsx [pre-loaded],2024 season - no dates available
,2024,,Giumarra,,Grape,PASSION FIRE,BLACK SEEDLESS,,A,BAG,1530.0,30676.5,,Invoice_Grape_Giumarra_1.xlsx [pre-loaded],2024 season - no dates available
,2024,,Giumarra,,Grape,SUGAR DROP,WHITE SEEDLESS TYPE,,B,BAG,1890.0,32130.0,,Invoice_Grape_Giumarra_1.xlsx [pre-loaded],2024 season - no dates available
,2024,,Giumarra,,Grape,HONEY POP,WHITE SEEDLESS TYPE,,B,BAG,630.0,15750.0,,Invoice_Grape_Giumarra_1.xlsx [pre-loaded],2024 season - no dates available
,2024,,Giumarra,,Grape,HONEY POP,WHITE SEEDLESS TYPE,,B,BAG,90.0,2250.0,,Invoice_Grape_Giumarra_1.xlsx [pre-loaded],2024 season - no dates available
,2024,,Giumarra,,Grape,EARLY SWEET,WHITE SEEDLESS TYPE,,A,BAG,89.9999999999,2070.0,,Invoice_Grape_Giumarra_1.xlsx [pre-loaded],2024 season - no dates available
,2024,,Giumarra,,Grape,EARLY SWEET,WHITE SEEDLESS TYPE,,B,BAG,1350.0,31117.5,,Invoice_Grape_Giumarra_1.xlsx [pre-loaded],2024 season - no dates available
,2024,,Giumarra,,Grape,EARLY SWEET,WHITE SEEDLESS TYPE,,A,BAG,720.0,16560.0,,Invoice_Grape_Giumarra_1.xlsx [pre-loaded],2024 season - no dates available
,2024,,Giumarra,,Grape,EARLY SWEET,WHITE SEEDLESS TYPE,,A,BAG,179.0,3356.25,,Invoice_Grape_Giumarra_1.xlsx [pre-loaded],2024 season - no dates available
,2024,,Giumarra,,Grape,EARLY SWEET,WHITE SEEDLESS TYPE,,A,BAG,270.0,5129.9999999999,,Invoice_Grape_Giumarra_1.xlsx [pre-loaded],2024 season - no dates available
,2024,,Giumarra,,Grape,EARLY SWEET,WHITE SEEDLESS TYPE,,A,BAG,615.0,11685.0,,Invoice_Grape_Giumarra_1.xlsx [pre-loaded],2024 season - no dates available
,2024,,Giumarra,,Grape,FLAME,FLAME SEEDLESS,,B,BAG,630.0,10710.0,,Invoice_Grape_Giumarra_1.xlsx [pre-loaded],2024 season - no dates available
,2024,,Giumarra,,Grape,FLAME,FLAME SEEDLESS,,B,BAG,180.0,3780.0,,Invoice_Grape_Giumarra_1.xlsx [pre-loaded],2024 season - no dates available
,2024,,Giumarra,,Grape,FLAME,FLAME SEEDLESS,,B,BAG,270.0,5670.0,,Invoice_Grape_Giumarra_1.xlsx [pre-loaded],2024 season - no dates available
,2024,,Giumarra,,Grape,FLAME,FLAME SEEDLESS,,B,BAG,90.0,1890.0,,Invoice_Grape_Giumarra_1.xlsx [pre-loaded],2024 season - no dates available
,2024,,Giumarra,,Grape,FLAME,FLAME SEEDLESS,,B,BAG,85.0,1423.75,,Invoice_Grape_Giumarra_1.xlsx [pre-loaded],2024 season - no dates available
,2024,,Giumarra,,Grape,FLAME,FLAME SEEDLESS,,B,BAG,85.0,1423.75,,Invoice_Grape_Giumarra_1.xlsx [pre-loaded],2024 season - no dates available
,2024,,Giumarra,,Grape,SUMMER ROYAL,BLACK SEEDLESS,,A,BAG,180.0,2520.0,,Invoice_Grape_Giumarra_1.xlsx [pre-loaded],2024 season - no dates available
,2024,,Giumarra,,Grape,PASSION FIRE,BLACK SEEDLESS,,B,BAG,990.0,20542.5,,Invoice_Grape_Giumarra_1.xlsx [pre-loaded],2024 season - no dates available
,2024,,Giumarra,,Grape,PASSION FIRE,BLACK SEEDLESS,,B,BAG,1350.0,28350.0,,Invoice_Grape_Giumarra_1.xlsx [pre-loaded],2024 season - no dates available
,2024,,Giumarra,,Grape,SUGAR DROP,WHITE SEEDLESS TYPE,,B,BAG,1980.0,37620.0,,Invoice_Grape_Giumarra_1.xlsx [pre-loaded],2024 season - no dates available
,2024,,Giumarra,,Grape,SUGAR DROP,WHITE SEEDLESS TYPE,,B,CLAM,675.0,11475.0,,Invoice_Grape_Giumarra_1.xlsx [pre-loaded],2024 season - no dates available
,2024,,Giumarra,,Grape,SUGAR DROP,WHITE SEEDLESS TYPE,,B,CLAM,75.0,1275.0,,Invoice_Grape_Giumarra_1.xlsx [pre-loaded],2024 season - no dates available
,2024,,Giumarra,,Grape,SUGAR DROP,WHITE SEEDLESS TYPE,,B,CLAM,225.0,5400.0,,Invoice_Grape_Giumarra_1.xlsx [pre-loaded],2024 season - no dates available
,2024,,Giumarra,,Grape,SUGAR DROP,WHITE SEEDLESS TYPE,,B,BAG,1530.0,24480.0,,Invoice_Grape_Giumarra_1.xlsx [pre-loaded],2024 season - no dates available
,2024,,Giumarra,,Grape,SUGAR DROP,WHITE SEEDLESS TYPE,,B,BAG,1260.0,20853.0,,Invoice_Grape_Giumarra_1.xlsx [pre-loaded],2024 season - no dates available
,2024,,Giumarra,,Grape,SUGAR DROP,WHITE SEEDLESS TYPE,,B,CLAM,825.0,18892.5,,Invoice_Grape_Giumarra_1.xlsx [pre-loaded],2024 season - no dates available
,2024,,Giumarra,,Grape,SUGAR DROP,WHITE SEEDLESS TYPE,,B,CLAM,150.0,3000.0,,Invoice_Grape_Giumarra_1.xlsx [pre-loaded],2024 season - no dates available
,2024,,Giumarra,,Grape,SUGAR DROP,WHITE SEEDLESS TYPE,,B,BAG,85.0,1615.0,,Invoice_Grape_Giumarra_1.xlsx [pre-loaded],2024 season - no dates available
,2024,,Giumarra,,Grape,SUGAR DROP,WHITE SEEDLESS TYPE,,B,BAG,921.0,17268.75,,Invoice_Grape_Giumarra_1.xlsx [pre-loaded],2024 season - no dates available
,2024,,Giumarra,,Grape,HONEY POP,WHITE SEEDLESS TYPE,,B,BAG,90.0,1530.0,,Invoice_Grape_Giumarra_1.xlsx [pre-loaded],2024 season - no dates available
,2024,,Giumarra,,Grape,HONEY POP,WHITE SEEDLESS TYPE,,B,BAG,450.0,7650.0,,Invoice_Grape_Giumarra_1.xlsx [pre-loaded],2024 season - no dates available
,2024,,Giumarra,,Grape,HONEY POP,WHITE SEEDLESS TYPE,,B,BAG,360.0,6120.0,,Invoice_Grape_Giumarra_1.xlsx [pre-loaded],2024 season - no dates available
,2024,,Giumarra,,Grape,HONEY POP,WHITE SEEDLESS TYPE,,B,BAG,990.0,21334.5,,Invoice_Grape_Giumarra_1.xlsx [pre-loaded],2024 season - no dates available
,2024,,Giumarra,,Grape,HONEY POP,WHITE SEEDLESS TYPE,,B,BAG,360.0,7416.0,,Invoice_Grape_Giumarra_1.xlsx [pre-loaded],2024 season - no dates available
,2024,,Giumarra,,Grape,HONEY POP,WHITE SEEDLESS TYPE,,B,BAG,1170.0,26910.0,,Invoice_Grape_Giumarra_1.xlsx [pre-loaded],2024 season - no dates available
,2024,,Giumarra,,Grape,HONEY POP,WHITE SEEDLESS TYPE,,B,BAG,1710.0,42750.0,,Invoice_Grape_Giumarra_1.xlsx [pre-loaded],2024 season - no dates available
,2024,,Giumarra,,Grape,HONEY POP,WHITE SEEDLESS TYPE,,B,BAG,90.0,1854.0,,Invoice_Grape_Giumarra_1.xlsx [pre-loaded],2024 season - no dates available
,2024,,Giumarra,,Grape,EARLY SWEET,WHITE SEEDLESS TYPE,,B,BAG,1980.0,39699.0,,Invoice_Grape_Giumarra_1.xlsx [pre-loaded],2024 season - no dates available
,2024,,Giumarra,,Grape,EARLY SWEET,WHITE SEEDLESS TYPE,,B,BAG,450.0,8549.9999999999,,Invoice_Grape_Giumarra_1.xlsx [pre-loaded],2024 season - no dates available
,2024,,Giumarra,,Grape,EARLY SWEET,WHITE SEEDLESS TYPE,,B,BAG,540.0,10260.0,,Invoice_Grape_Giumarra_1.xlsx [pre-loaded],2024 season - no dates available
,2024,,Giumarra,,Grape,EARLY SWEET,WHITE SEEDLESS TYPE,,A,BAG,1710.0,34285.5,,Invoice_Grape_Giumarra_1.xlsx [pre-loaded],2024 season - no dates available
,2024,,Giumarra,,Grape,FLAME,FLAME SEEDLESS,,B,BAG,540.0,10260.0,,Invoice_Grape_Giumarra_1.xlsx [pre-loaded],2024 season - no dates available
,2024,,Giumarra,,Grape,FLAME,FLAME SEEDLESS,,B,CLAM,74.9999999999,1275.0,,Invoice_Grape_Giumarra_1.xlsx [pre-loaded],2024 season - no dates available
,2024,,Giumarra,,Grape,FLAME,FLAME SEEDLESS,,B,CLAM,75.0,1275.0,,Invoice_Grape_Giumarra_1.xlsx [pre-loaded],2024 season - no dates available
,2024,,Giumarra,,Grape,FLAME,FLAME SEEDLESS,,B,CLAM,150.0,3600.0,,Invoice_Grape_Giumarra_1.xlsx [pre-loaded],2024 season - no dates available
,2024,,Giumarra,,Grape,FLAME,FLAME SEEDLESS,,B,CLAM,600.0,10200.0,,Invoice_Grape_Giumarra_1.xlsx [pre-loaded],2024 season - no dates available
,2024,,Giumarra,,Grape,FLAME,FLAME SEEDLESS,,B,CLAM,225.0,3825.0,,Invoice_Grape_Giumarra_1.xlsx [pre-loaded],2024 season - no dates available
,2024,,Giumarra,,Grape,FLAME,FLAME SEEDLESS,,B,CLAM,75.0,1800.0,,Invoice_Grape_Giumarra_1.xlsx [pre-loaded],2024 season - no dates available
,2024,,Giumarra,,Grape,FLAME,FLAME SEEDLESS,,B,CLAM,75.0,1800.0,,Invoice_Grape_Giumarra_1.xlsx [pre-loaded],2024 season - no dates available
,2024,,Giumarra,,Grape,FLAME,FLAME SEEDLESS,,B,CLAM,220.0,4620.0,,Invoice_Grape_Giumarra_1.xlsx [pre-loaded],2024 season - no dates available
,2024,,Giumarra,,Grape,FLAME,FLAME SEEDLESS,,B,CLAM,600.0,12600.0,,Invoice_Grape_Giumarra_1.xlsx [pre-loaded],2024 season - no dates available
,2024,,Giumarra,,Grape,FLAME,FLAME SEEDLESS,,B,CLAM,450.0,7650.0,,Invoice_Grape_Giumarra_1.xlsx [pre-loaded],2024 season - no dates available
,2024,,Giumarra,,Grape,FLAME,FLAME SEEDLESS,,B,CLAM,450.0,9449.9999999999,,Invoice_Grape_Giumarra_1.xlsx [pre-loaded],2024 season - no dates available
,2024,,Giumarra,,Grape,FLAME,FLAME SEEDLESS,,B,CLAM,300.0,6299.9999999999,,Invoice_Grape_Giumarra_1.xlsx [pre-loaded],2024 season - no dates available
,2024,,Giumarra,,Grape,FLAME,FLAME SEEDLESS,,B,CLAM,150.0,3435.0,,Invoice_Grape_Giumarra_1.xlsx [pre-loaded],2024 season - no dates available
,2024,,Giumarra,,Grape,FLAME,FLAME SEEDLESS,,B,BAG,180.0,3420.0,,Invoice_Grape_Giumarra_1.xlsx [pre-loaded],2024 season - no dates available
,2024,,Giumarra,,Grape,FLAME,FLAME SEEDLESS,,B,BAG,810.0,12960.0,,Invoice_Grape_Giumarra_1.xlsx [pre-loaded],2024 season - no dates available
,2024,,Giumarra,,Grape,FLAME,FLAME SEEDLESS,,B,CLAM,675.0,15457.5,,Invoice_Grape_Giumarra_1.xlsx [pre-loaded],2024 season - no dates available
,2024,,Giumarra,,Grape,FLAME,FLAME SEEDLESS,,B,BAG,450.0,7200.0,,Invoice_Grape_Giumarra_1.xlsx [pre-loaded],2024 season - no dates available
,2024,,Giumarra,,Grape,FLAME,FLAME SEEDLESS,,B,BAG,1275.0,24225.0,,Invoice_Grape_Giumarra_1.xlsx [pre-loaded],2024 season - no dates available
,2024,,Giumarra,,Grape,EARLY SWEET,WHITE SEEDLESS TYPE,,B,BAG,90.0,2970.0,,Invoice_Grape_Giumarra_1.xlsx [pre-loaded],2024 season - no dates available
,2024,,Giumarra,,Grape,EARLY SWEET,WHITE SEEDLESS TYPE,,B,BAG,90.0,2164.5,,Invoice_Grape_Giumarra_1.xlsx [pre-loaded],2024 season - no dates available
,2024,,Giumarra,,Grape,EARLY SWEET,WHITE SEEDLESS TYPE,,B,BAG,180.0,6848.9999999999,,Invoice_Grape_Giumarra_1.xlsx [pre-loaded],2024 season - no dates available
,2024,,Giumarra,,Grape,EARLY SWEET,WHITE SEEDLESS TYPE,,B,BAG,450.0,12600.0,,Invoice_Grape_Giumarra_1.xlsx [pre-loaded],2024 season - no dates available
,2024,,Giumarra,,Grape,EARLY SWEET,WHITE SEEDLESS TYPE,,B,BAG,720.0,27396.0,,Invoice_Grape_Giumarra_1.xlsx [pre-loaded],2024 season - no dates available
,2024,,Giumarra,,Grape,EARLY SWEET,WHITE SEEDLESS TYPE,,B,BAG,180.0,5580.0,,Invoice_Grape_Giumarra_1.xlsx [pre-loaded],2024 season - no dates available
,2024,,Giumarra,,Grape,EARLY SWEET,WHITE SEEDLESS TYPE,,B,BAG,450.0,17122.4999999999,,Invoice_Grape_Giumarra_1.xlsx [pre-loaded],2024 season - no dates available
,2024,,Giumarra,,Grape,EARLY SWEET,WHITE SEEDLESS TYPE,,A,BAG,360.0,8280.0,,Invoice_Grape_Giumarra_1.xlsx [pre-loaded],2024 season - no dates available
,2024,,Giumarra,,Grape,EARLY SWEET,WHITE SEEDLESS TYPE,,B,BAG,449.9999999999,12149.9999999999,,Invoice_Grape_Giumarra_1.xlsx [pre-loaded],2024 season - no dates available
,2024,,Giumarra,,Grape,EARLY SWEET,WHITE SEEDLESS TYPE,,B,BAG,1980.0,45639.0,,Invoice_Grape_Giumarra_1.xlsx [pre-loaded],2024 season - no dates available
,2024,,Giumarra,,Grape,EARLY SWEET,WHITE SEEDLESS TYPE,,B,CLAM,160.0,6728.0,,Invoice_Grape_Giumarra_1.xlsx [pre-loaded],2024 season - no dates available
,2024,,Giumarra,,Grape,EARLY SWEET,WHITE SEEDLESS TYPE,,A,BAG,900.0,15300.0,,Invoice_Grape_Giumarra_1.xlsx [pre-loaded],2024 season - no dates available
,2024,,Giumarra,,Grape,EARLY SWEET,WHITE SEEDLESS TYPE,,A,BAG,270.0,4603.5,,Invoice_Grape_Giumarra_1.xlsx [pre-loaded],2024 season - no dates available
,2024,,Giumarra,,Grape,EARLY SWEET,WHITE SEEDLESS TYPE,,B,BAG,1529.9999999998,41310.0,,Invoice_Grape_Giumarra_1.xlsx [pre-loaded],2024 season - no dates available
,2024,,Giumarra,,Grape,EARLY SWEET,WHITE SEEDLESS TYPE,,A,BAG,450.0,7650.0,,Invoice_Grape_Giumarra_1.xlsx [pre-loaded],2024 season - no dates available
,2024,,Giumarra,,Grape,SUGAR DROP,WHITE SEEDLESS TYPE,,B,CLAM,375.0,8250.0,,Invoice_Grape_Giumarra_1.xlsx [pre-loaded],2024 season - no dates available
,2024,,Giumarra,,Grape,HONEY POP,WHITE SEEDLESS TYPE,,B,BAG,900.0,15435.0,,Invoice_Grape_Giumarra_1.xlsx [pre-loaded],2024 season - no dates available
,2024,,Giumarra,,Grape,EARLY SWEET,WHITE SEEDLESS TYPE,,B,BAG,270.0,3793.5,,Invoice_Grape_Giumarra_1.xlsx [pre-loaded],2024 season - no dates available
,2024,,Giumarra,,Grape,EARLY SWEET,WHITE SEEDLESS TYPE,,B,BAG,450.0,6322.5,,Invoice_Grape_Giumarra_1.xlsx [pre-loaded],2024 season - no dates available
,2024,,Giumarra,,Grape,EARLY SWEET,WHITE SEEDLESS TYPE,,B,BAG,269.0,3510.45,,Invoice_Grape_Giumarra_1.xlsx [pre-loaded],2024 season - no dates available
,2024,,Giumarra,,Grape,EARLY SWEET,WHITE SEEDLESS TYPE,,B,BAG,90.0,1174.5,,Invoice_Grape_Giumarra_1.xlsx [pre-loaded],2024 season - no dates available
,2024,,Giumarra,,Grape,FLAME,FLAME SEEDLESS,,B,CLAM,375.0,8250.0,,Invoice_Grape_Giumarra_1.xlsx [pre-loaded],2024 season - no dates available
,2024,,Giumarra,,Grape,EARLY SWEET,WHITE SEEDLESS TYPE,,B,BAG,90.0,2497.4999999999,,Invoice_Grape_Giumarra_1.xlsx [pre-loaded],2024 season - no dates available
,2024,,Giumarra,,Grape,EARLY SWEET,WHITE SEEDLESS TYPE,,B,BAG,180.0,5220.0,,Invoice_Grape_Giumarra_1.xlsx [pre-loaded],2024 season - no dates available
,2024,,Giumarra,,Grape,EARLY SWEET,WHITE SEEDLESS TYPE,,B,BAG,270.0,7830.0,,Invoice_Grape_Giumarra_1.xlsx [pre-loaded],2024 season - no dates available
,2024,,Giumarra,,Grape,EARLY SWEET,WHITE SEEDLESS TYPE,,B,BAG,90.0,2250.0,,Invoice_Grape_Giumarra_1.xlsx [pre-loaded],2024 season - no dates available
,2024,,Giumarra,,Grape,EARLY SWEET,WHITE SEEDLESS TYPE,,B,BAG,810.0,23530.5,,Invoice_Grape_Giumarra_1.xlsx [pre-loaded],2024 season - no dates available
,2024,,Giumarra,,Grape,EARLY SWEET,WHITE SEEDLESS TYPE,,B,CLAM,80.0,2644.0,,Invoice_Grape_Giumarra_1.xlsx [pre-loaded],2024 season - no dates available
,2024,,Giumarra,,Grape,FLAME,FLAME SEEDLESS,,B,BAG,1080.0,35694.0,,Invoice_Grape_Giumarra_1.xlsx [pre-loaded],2024 season - no dates available
,2024,,Giumarra,,Grape,PASSION FIRE,BLACK SEEDLESS,,A,BAG,90.0,1260.0,,Invoice_Grape_Giumarra_1.xlsx [pre-loaded],2024 season - no dates available
,2024,,Giumarra,,Grape,PASSION FIRE,BLACK SEEDLESS,,A,BAG,90.0,1260.0,,Invoice_Grape_Giumarra_1.xlsx [pre-loaded],2024 season - no dates available
,2024,,Giumarra,,Grape,PASSION FIRE,BLACK SEEDLESS,,B,BAG,1075.0,18275.0,,Invoice_Grape_Giumarra_1.xlsx [pre-loaded],2024 season - no dates available
,2024,,Giumarra,,Grape,PASSION FIRE,BLACK SEEDLESS,,A,BAG,680.0,9520.0,,Invoice_Grape_Giumarra_1.xlsx [pre-loaded],2024 season - no dates available
,2024,,Giumarra,,Grape,SUGAR DROP,WHITE SEEDLESS TYPE,,B,BAG,2070.0,33761.7,,Invoice_Grape_Giumarra_1.xlsx [pre-loaded],2024 season - no dates available
,2024,,Giumarra,,Grape,EARLY SWEET,WHITE SEEDLESS TYPE,,A,BAG,180.0,2169.0,,Invoice_Grape_Giumarra_1.xlsx [pre-loaded],2024 season - no dates available
,2024,,Giumarra,,Grape,EARLY SWEET,WHITE SEEDLESS TYPE,,B,BAG,360.0,6750.0,,Invoice_Grape_Giumarra_1.xlsx [pre-loaded],2024 season - no dates available
,2024,,Giumarra,,Grape,EARLY SWEET,WHITE SEEDLESS TYPE,,B,BAG,180.0,3375.0,,Invoice_Grape_Giumarra_1.xlsx [pre-loaded],2024 season - no dates available
,2024,,Giumarra,,Grape,EARLY SWEET,WHITE SEEDLESS TYPE,,B,BAG,270.0,5062.5,,Invoice_Grape_Giumarra_1.xlsx [pre-loaded],2024 season - no dates available
,2024,,Giumarra,,Grape,EARLY SWEET,WHITE SEEDLESS TYPE,,B,BAG,180.0,3375.0,,Invoice_Grape_Giumarra_1.xlsx [pre-loaded],2024 season - no dates available
,2024,,Giumarra,,Grape,FLAME,FLAME SEEDLESS,,B,BAG,170.0,3187.5,,Invoice_Grape_Giumarra_1.xlsx [pre-loaded],2024 season - no dates available
,2024,,Giumarra,,Grape,SUGAR DROP,WHITE SEEDLESS TYPE,,B,BAG,1620.0,36936.0,,Invoice_Grape_Giumarra_1.xlsx [pre-loaded],2024 season - no dates available
,2024,,Giumarra,,Grape,SUGAR DROP,WHITE SEEDLESS TYPE,,B,BAG,180.0,4104.0,,Invoice_Grape_Giumarra_1.xlsx [pre-loaded],2024 season - no dates available
,2024,,Giumarra,,Grape,SUGAR DROP,WHITE SEEDLESS TYPE,,B,BAG,1170.0,26675.9999999999,,Invoice_Grape_Giumarra_1.xlsx [pre-loaded],2024 season - no dates available
,2024,,Giumarra,,Grape,SUGAR DROP,WHITE SEEDLESS TYPE,,B,BAG,180.0,4104.0,,Invoice_Grape_Giumarra_1.xlsx [pre-loaded],2024 season - no dates available
,2024,,Giumarra,,Grape,SUGAR DROP,WHITE SEEDLESS TYPE,,B,BAG,1800.0,41040.0,,Invoice_Grape_Giumarra_1.xlsx [pre-loaded],2024 season - no dates available
,2024,,Giumarra,,Grape,SUGAR DROP,WHITE SEEDLESS TYPE,,B,BAG,90.0,2052.0,,Invoice_Grape_Giumarra_1.xlsx [pre-loaded],2024 season - no dates available
,2024,,Giumarra,,Grape,SUGAR DROP,WHITE SEEDLESS TYPE,,B,BAG,90.0,2052.0,,Invoice_Grape_Giumarra_1.xlsx [pre-loaded],2024 season - no dates available
,2024,,Giumarra,,Grape,EARLY SWEET,WHITE SEEDLESS TYPE,,B,BAG,90.0,2704.5,,Invoice_Grape_Giumarra_1.xlsx [pre-loaded],2024 season - no dates available
,2024,,Giumarra,,Grape,EARLY SWEET,WHITE SEEDLESS TYPE,,B,BAG,450.0,16200.0,,Invoice_Grape_Giumarra_1.xlsx [pre-loaded],2024 season - no dates available
,2024,,Giumarra,,Grape,EARLY SWEET,WHITE SEEDLESS TYPE,,B,BAG,90.0,2704.4999999999,,Invoice_Grape_Giumarra_1.xlsx [pre-loaded],2024 season - no dates available
,2024,,Giumarra,,Grape,EARLY SWEET,WHITE SEEDLESS TYPE,,B,BAG,90.0,2430.0,,Invoice_Grape_Giumarra_1.xlsx [pre-loaded],2024 season - no dates available
,2024,,Giumarra,,Grape,EARLY SWEET,WHITE SEEDLESS TYPE,,B,BAG,90.0,2430.0,,Invoice_Grape_Giumarra_1.xlsx [pre-loaded],2024 season - no dates available
,2024,,Giumarra,,Grape,EARLY SWEET,WHITE SEEDLESS TYPE,,B,BAG,180.0,4860.0,,Invoice_Grape_Giumarra_1.xlsx [pre-loaded],2024 season - no dates available
,2024,,Giumarra,,Grape,EARLY SWEET,WHITE SEEDLESS TYPE,,B,BAG,180.0,4860.0,,Invoice_Grape_Giumarra_1.xlsx [pre-loaded],2024 season - no dates available
,2024,,Giumarra,,Grape,EARLY SWEET,WHITE SEEDLESS TYPE,,B,BAG,540.0,14580.0,,Invoice_Grape_Giumarra_1.xlsx [pre-loaded],2024 season - no dates available
,2024,,Giumarra,,Grape,EARLY SWEET,WHITE SEEDLESS TYPE,,B,BAG,809.9999999999,23287.5,,Invoice_Grape_Giumarra_1.xlsx [pre-loaded],2024 season - no dates available
,2024,,Giumarra,,Grape,EARLY SWEET,WHITE SEEDLESS TYPE,,B,BAG,808.9999999997999,23258.7499999998,,Invoice_Grape_Giumarra_1.xlsx [pre-loaded],2024 season - no dates available
,2024,,Giumarra,,Grape,EARLY SWEET,WHITE SEEDLESS TYPE,,B,BAG,89.9999999999,2587.5,,Invoice_Grape_Giumarra_1.xlsx [pre-loaded],2024 season - no dates available
,2024,,Giumarra,,Grape,EARLY SWEET,WHITE SEEDLESS TYPE,,B,BAG,360.0,9720.0,,Invoice_Grape_Giumarra_1.xlsx [pre-loaded],2024 season - no dates available
,2024,,Giumarra,,Grape,EARLY SWEET,WHITE SEEDLESS TYPE,,B,BAG,810.0,20088.0,,Invoice_Grape_Giumarra_1.xlsx [pre-loaded],2024 season - no dates available
,2024,,Giumarra,,Grape,EARLY SWEET,WHITE SEEDLESS TYPE,,B,BAG,720.0,17856.0,,Invoice_Grape_Giumarra_1.xlsx [pre-loaded],2024 season - no dates available
,2024,,Giumarra,,Grape,EARLY SWEET,WHITE SEEDLESS TYPE,,B,BAG,1980.0,65340.0,,Invoice_Grape_Giumarra_1.xlsx [pre-loaded],2024 season - no dates available
,2024,,Giumarra,,Grape,EARLY SWEET,WHITE SEEDLESS TYPE,,B,BAG,89.9999999999,2587.5,,Invoice_Grape_Giumarra_1.xlsx [pre-loaded],2024 season - no dates available
,2024,,Giumarra,,Grape,EARLY SWEET,WHITE SEEDLESS TYPE,,B,BAG,539.9999999999,13392.0,,Invoice_Grape_Giumarra_1.xlsx [pre-loaded],2024 season - no dates available
,2024,,Giumarra,,Grape,EARLY SWEET,WHITE SEEDLESS TYPE,,B,BAG,360.0,8928.0,,Invoice_Grape_Giumarra_1.xlsx [pre-loaded],2024 season - no dates available
,2024,,Giumarra,,Grape,EARLY SWEET,WHITE SEEDLESS TYPE,,A,BAG,540.0,14580.0,,Invoice_Grape_Giumarra_1.xlsx [pre-loaded],2024 season - no dates available
,2024,,Giumarra,,Grape,EARLY SWEET,WHITE SEEDLESS TYPE,,A,BAG,450.0,12150.0,,Invoice_Grape_Giumarra_1.xlsx [pre-loaded],2024 season - no dates available
,2024,,Giumarra,,Grape,EARLY SWEET,WHITE SEEDLESS TYPE,,B,BAG,630.0,18112.5,,Invoice_Grape_Giumarra_1.xlsx [pre-loaded],2024 season - no dates available
,2024,,Giumarra,,Grape,EARLY SWEET,WHITE SEEDLESS TYPE,,A,BAG,1350.0,20250.0,,Invoice_Grape_Giumarra_1.xlsx [pre-loaded],2024 season - no dates available
,2024,,Giumarra,,Grape,EARLY SWEET,WHITE SEEDLESS TYPE,,A,BAG,360.0,6120.0,,Invoice_Grape_Giumarra_1.xlsx [pre-loaded],2024 season - no dates available
,2024,,Giumarra,,Grape,EARLY SWEET,WHITE SEEDLESS TYPE,,B,BAG,810.0,23530.5,,Invoice_Grape_Giumarra_1.xlsx [pre-loaded],2024 season - no dates available
,2024,,Giumarra,,Grape,EARLY SWEET,WHITE SEEDLESS TYPE,,A,BAG,630.0,9450.0,,Invoice_Grape_Giumarra_1.xlsx [pre-loaded],2024 season - no dates available
,2024,,Giumarra,,Grape,EARLY SWEET,WHITE SEEDLESS TYPE,,A,BAG,90.0,1350.0,,Invoice_Grape_Giumarra_1.xlsx [pre-loaded],2024 season - no dates available
,2024,,Giumarra,,Grape,EARLY SWEET,WHITE SEEDLESS TYPE,,B,CLAM,160.0,5288.0,,Invoice_Grape_Giumarra_1.xlsx [pre-loaded],2024 season - no dates available
,2024,,Giumarra,,Grape,FLAME,FLAME SEEDLESS,,B,BAG,360.0,6840.0,,Invoice_Grape_Giumarra_1.xlsx [pre-loaded],2024 season - no dates available
,2024,,Giumarra,,Grape,FLAME,FLAME SEEDLESS,,B,BAG,990.0,32719.4999999999,,Invoice_Grape_Giumarra_1.xlsx [pre-loaded],2024 season - no dates available
,2024,,Giumarra,,Grape,SUMMER ROYAL,BLACK SEEDLESS,,B,BAG,180.0,4860.0,,Invoice_Grape_Giumarra_1.xlsx [pre-loaded],2024 season - no dates available
,2024,,Giumarra,,Grape,FLAME,FLAME SEEDLESS,,B,BAG,90.0,1350.0,,Invoice_Grape_Giumarra_1.xlsx [pre-loaded],2024 season - no dates available
,2024,,Giumarra,,Grape,SUGAR DROP,WHITE SEEDLESS TYPE,,B,BAG,90.0,1710.0,,Invoice_Grape_Giumarra_1.xlsx [pre-loaded],2024 season - no dates available
,2024,,Giumarra,,Grape,SUGAR DROP,WHITE SEEDLESS TYPE,,B,BAG,90.0,1530.0,,Invoice_Grape_Giumarra_1.xlsx [pre-loaded],2024 season - no dates available
,2024,,Giumarra,,Grape,SUGAR DROP,WHITE SEEDLESS TYPE,,B,BAG,1620.0,51921.0,,Invoice_Grape_Giumarra_1.xlsx [pre-loaded],2024 season - no dates available
,2024,,Giumarra,,Grape,SUGAR DROP,WHITE SEEDLESS TYPE,,B,BAG,630.0,11371.5,,Invoice_Grape_Giumarra_1.xlsx [pre-loaded],2024 season - no dates available
,2024,,Giumarra,,Grape,SUGAR DROP,WHITE SEEDLESS TYPE,,B,BAG,1440.0,25992.0,,Invoice_Grape_Giumarra_1.xlsx [pre-loaded],2024 season - no dates available
,2024,,Giumarra,,Grape,HONEY POP,WHITE SEEDLESS TYPE,,B,BAG,90.0,2227.5,,Invoice_Grape_Giumarra_1.xlsx [pre-loaded],2024 season - no dates available
,2024,,Giumarra,,Grape,HONEY POP,WHITE SEEDLESS TYPE,,B,BAG,270.0,7290.0,,Invoice_Grape_Giumarra_1.xlsx [pre-loaded],2024 season - no dates available
,2024,,Giumarra,,Grape,HONEY POP,WHITE SEEDLESS TYPE,,B,BAG,90.0,2250.0,,Invoice_Grape_Giumarra_1.xlsx [pre-loaded],2024 season - no dates available
,2024,,Giumarra,,Grape,HONEY POP,WHITE SEEDLESS TYPE,,B,BAG,1260.0,25200.0,,Invoice_Grape_Giumarra_1.xlsx [pre-loaded],2024 season - no dates available
,2024,,Giumarra,,Grape,HONEY POP,WHITE SEEDLESS TYPE,,B,BAG,180.0,4455.0,,Invoice_Grape_Giumarra_1.xlsx [pre-loaded],2024 season - no dates available
,2024,,Giumarra,,Grape,HONEY POP,WHITE SEEDLESS TYPE,,B,BAG,90.0,2227.5,,Invoice_Grape_Giumarra_1.xlsx [pre-loaded],2024 season - no dates available
,2024,,Giumarra,,Grape,HONEY POP,WHITE SEEDLESS TYPE,,B,BAG,269.9999999999,6142.5,,Invoice_Grape_Giumarra_1.xlsx [pre-loaded],2024 season - no dates available
,2024,,Giumarra,,Grape,HONEY POP,WHITE SEEDLESS TYPE,,B,BAG,990.0,19800.0,,Invoice_Grape_Giumarra_1.xlsx [pre-loaded],2024 season - no dates available
,2024,,Giumarra,,Grape,EARLY SWEET,WHITE SEEDLESS TYPE,,B,BAG,1260.0,39060.0,,Invoice_Grape_Giumarra_1.xlsx [pre-loaded],2024 season - no dates available
,2024,,Giumarra,,Grape,EARLY SWEET,WHITE SEEDLESS TYPE,,B,BAG,89.9999999999,1890.0,,Invoice_Grape_Giumarra_1.xlsx [pre-loaded],2024 season - no dates available
,2024,,Giumarra,,Grape,EARLY SWEET,WHITE SEEDLESS TYPE,,B,BAG,180.0,5580.0,,Invoice_Grape_Giumarra_1.xlsx [pre-loaded],2024 season - no dates available
,2024,,Giumarra,,Grape,EARLY SWEET,WHITE SEEDLESS TYPE,,B,BAG,180.0,3779.9999999999,,Invoice_Grape_Giumarra_1.xlsx [pre-loaded],2024 season - no dates available
,2024,,Giumarra,,Grape,EARLY SWEET,WHITE SEEDLESS TYPE,,B,BAG,1889.9999999999,39217.5,,Invoice_Grape_Giumarra_1.xlsx [pre-loaded],2024 season - no dates available
,2024,,Giumarra,,Grape,EARLY SWEET,WHITE SEEDLESS TYPE,,B,BAG,630.0,11812.5,,Invoice_Grape_Giumarra_1.xlsx [pre-loaded],2024 season - no dates available
,2024,,Giumarra,,Grape,EARLY SWEET,WHITE SEEDLESS TYPE,,B,BAG,1080.0,27000.0,,Invoice_Grape_Giumarra_1.xlsx [pre-loaded],2024 season - no dates available
,2024,,Giumarra,,Grape,EARLY SWEET,WHITE SEEDLESS TYPE,,B,BAG,269.9999999999,5602.5,,Invoice_Grape_Giumarra_1.xlsx [pre-loaded],2024 season - no dates available
,2024,,Giumarra,,Grape,EARLY SWEET,WHITE SEEDLESS TYPE,,B,BAG,899.9999999999,22500.0,,Invoice_Grape_Giumarra_1.xlsx [pre-loaded],2024 season - no dates available
,2024,,Giumarra,,Grape,EARLY SWEET,WHITE SEEDLESS TYPE,,B,BAG,899.9999999999,18675.0,,Invoice_Grape_Giumarra_1.xlsx [pre-loaded],2024 season - no dates available
,2024,,Giumarra,,Grape,EARLY SWEET,WHITE SEEDLESS TYPE,,B,BAG,360.0,6390.0,,Invoice_Grape_Giumarra_1.xlsx [pre-loaded],2024 season - no dates available
,2024,,Giumarra,,Grape,EARLY SWEET,WHITE SEEDLESS TYPE,,B,BAG,1349.9999999999,25312.5,,Invoice_Grape_Giumarra_1.xlsx [pre-loaded],2024 season - no dates available
,2024,,Giumarra,,Grape,EARLY SWEET,WHITE SEEDLESS TYPE,,B,BAG,810.0,16807.5,,Invoice_Grape_Giumarra_1.xlsx [pre-loaded],2024 season - no dates available
,2024,,Giumarra,,Grape,EARLY SWEET,WHITE SEEDLESS TYPE,,A,BAG,89.9999999999,1530.0,,Invoice_Grape_Giumarra_1.xlsx [pre-loaded],2024 season - no dates available
,2024,,Giumarra,,Grape,EARLY SWEET,WHITE SEEDLESS TYPE,,A,BAG,1889.9999999999,32129.9999999999,,Invoice_Grape_Giumarra_1.xlsx [pre-loaded],2024 season - no dates available
,2024,,Giumarra,,Grape,FLAME,FLAME SEEDLESS,,B,BAG,1980.0,45540.0,,Invoice_Grape_Giumarra_1.xlsx [pre-loaded],2024 season - no dates available
,2024,,Giumarra,,Grape,FLAME,FLAME SEEDLESS,,B,BAG,89.0,2225.0,,Invoice_Grape_Giumarra_1.xlsx [pre-loaded],2024 season - no dates available
,2024,,Giumarra,,Grape,FLAME,FLAME SEEDLESS,,A,BAG,90.0,1710.0,,Invoice_Grape_Giumarra_1.xlsx [pre-loaded],2024 season - no dates available
,2024,,Giumarra,,Grape,FLAME,FLAME SEEDLESS,,B,BAG,90.0,2250.0,,Invoice_Grape_Giumarra_1.xlsx [pre-loaded],2024 season - no dates available
,2024,,Giumarra,,Grape,FLAME,FLAME SEEDLESS,,A,BAG,90.0,1890.0,,Invoice_Grape_Giumarra_1.xlsx [pre-loaded],2024 season - no dates available
,2024,,Giumarra,,Grape,FLAME,FLAME SEEDLESS,,B,BAG,630.0,13860.0,,Invoice_Grape_Giumarra_1.xlsx [pre-loaded],2024 season - no dates available
,2024,,Giumarra,,Grape,FLAME,FLAME SEEDLESS,,B,BAG,990.0,21779.9999999999,,Invoice_Grape_Giumarra_1.xlsx [pre-loaded],2024 season - no dates available
,2024,,Giumarra,,Grape,PASSION FIRE,BLACK SEEDLESS,,B,BAG,1439.0,29859.25,,Invoice_Grape_Giumarra_1.xlsx [pre-loaded],2024 season - no dates available
,2024,,Giumarra,,Grape,PASSION FIRE,BLACK SEEDLESS,,A,BAG,1440.0,17352.0,,Invoice_Grape_Giumarra_1.xlsx [pre-loaded],2024 season - no dates available
,2024,,Giumarra,,Grape,PASSION FIRE,BLACK SEEDLESS,,B,BAG,539.9999999999,11205.0,,Invoice_Grape_Giumarra_1.xlsx [pre-loaded],2024 season - no dates available
,2024,,Giumarra,,Grape,PASSION FIRE,BLACK SEEDLESS,,A,BAG,360.0,4338.0,,Invoice_Grape_Giumarra_1.xlsx [pre-loaded],2024 season - no dates available
,2024,,Giumarra,,Grape,PASSION FIRE,BLACK SEEDLESS,,B,BAG,255.0,5355.0,,Invoice_Grape_Giumarra_1.xlsx [pre-loaded],2024 season - no dates available
,2024,,Giumarra,,Grape,SUGAR DROP,WHITE SEEDLESS TYPE,,B,CLAM,75.0,1800.0,,Invoice_Grape_Giumarra_1.xlsx [pre-loaded],2024 season - no dates available
,2024,,Giumarra,,Grape,SUGAR DROP,WHITE SEEDLESS TYPE,,B,BAG,340.0,5117.0,,Invoice_Grape_Giumarra_1.xlsx [pre-loaded],2024 season - no dates available
,2024,,Giumarra,,Grape,EARLY SWEET,WHITE SEEDLESS TYPE,,B,BAG,90.0,1507.5,,Invoice_Grape_Giumarra_1.xlsx [pre-loaded],2024 season - no dates available
,2024,,Giumarra,,Grape,EARLY SWEET,WHITE SEEDLESS TYPE,,B,BAG,990.0,18810.0,,Invoice_Grape_Giumarra_1.xlsx [pre-loaded],2024 season - no dates available
,2024,,Giumarra,,Grape,EARLY SWEET,WHITE SEEDLESS TYPE,,B,BAG,540.0,9045.0,,Invoice_Grape_Giumarra_1.xlsx [pre-loaded],2024 season - no dates available
,2024,,Giumarra,,Grape,EARLY SWEET,WHITE SEEDLESS TYPE,,B,BAG,270.0,4522.5,,Invoice_Grape_Giumarra_1.xlsx [pre-loaded],2024 season - no dates available
,2024,,Giumarra,,Grape,EARLY SWEET,WHITE SEEDLESS TYPE,,B,BAG,935.0,14960.0,,Invoice_Grape_Giumarra_1.xlsx [pre-loaded],2024 season - no dates available
,2024,,Giumarra,,Grape,EARLY SWEET,WHITE SEEDLESS TYPE,,B,BAG,170.0,2720.0,,Invoice_Grape_Giumarra_1.xlsx [pre-loaded],2024 season - no dates available
,2024,,Giumarra,,Grape,FLAME,FLAME SEEDLESS,,B,BAG,270.0,4320.0,,Invoice_Grape_Giumarra_1.xlsx [pre-loaded],2024 season - no dates available
,2024,,Giumarra,,Grape,FLAME,FLAME SEEDLESS,,B,BAG,355.0,7117.75,,Invoice_Grape_Giumarra_1.xlsx [pre-loaded],2024 season - no dates available
,2024,,Giumarra,,Grape,FLAME,FLAME SEEDLESS,,B,BAG,349.9999999999,5599.9999999999,,Invoice_Grape_Giumarra_1.xlsx [pre-loaded],2024 season - no dates available
,2024,,Giumarra,,Grape,FLAME,FLAME SEEDLESS,,B,BAG,1325.0,26566.25,,Invoice_Grape_Giumarra_1.xlsx [pre-loaded],2024 season - no dates available
,2024,,Giumarra,,Grape,FLAME,FLAME SEEDLESS,,B,BAG,265.0,5313.25,,Invoice_Grape_Giumarra_1.xlsx [pre-loaded],2024 season - no dates available
,2024,,Giumarra,,Grape,FLAME,FLAME SEEDLESS,,B,BAG,180.0,3609.0,,Invoice_Grape_Giumarra_1.xlsx [pre-loaded],2024 season - no dates available
,2024,,Giumarra,,Grape,FLAME,FLAME SEEDLESS,,B,BAG,340.0,7140.0,,Invoice_Grape_Giumarra_1.xlsx [pre-loaded],2024 season - no dates available
,2024,,Giumarra,,Grape,FLAME,FLAME SEEDLESS,,B,BAG,775.0,12400.0,,Invoice_Grape_Giumarra_1.xlsx [pre-loaded],2024 season - no dates available
,2024,,Giumarra,,Grape,FLAME,FLAME SEEDLESS,,B,BAG,1800.0,36090.0,,Invoice_Grape_Giumarra_1.xlsx [pre-loaded],2024 season - no dates available
,2024,,Giumarra,,Grape,FLAME,FLAME SEEDLESS,,B,BAG,90.0,1890.0,,Invoice_Grape_Giumarra_1.xlsx [pre-loaded],2024 season - no dates available
,2024,,Giumarra,,Grape,SUGAR DROP,WHITE SEEDLESS TYPE,,B,BAG,360.0,7470.0,,Invoice_Grape_Giumarra_1.xlsx [pre-loaded],2024 season - no dates available
,2024,,Giumarra,,Grape,HONEY POP,WHITE SEEDLESS TYPE,,B,BAG,270.0,7290.0,,Invoice_Grape_Giumarra_1.xlsx [pre-loaded],2024 season - no dates available
,2024,,Giumarra,,Grape,EARLY SWEET,WHITE SEEDLESS TYPE,,B,BAG,990.0,27719.9999999999,,Invoice_Grape_Giumarra_1.xlsx [pre-loaded],2024 season - no dates available
,2024,,Giumarra,,Grape,EARLY SWEET,WHITE SEEDLESS TYPE,,B,BAG,1979.9999999999,61380.0,,Invoice_Grape_Giumarra_1.xlsx [pre-loaded],2024 season - no dates available
,2024,,Giumarra,,Grape,EARLY SWEET,WHITE SEEDLESS TYPE,,B,BAG,1890.0,51030.0,,Invoice_Grape_Giumarra_1.xlsx [pre-loaded],2024 season - no dates available
,2024,,Giumarra,,Grape,EARLY SWEET,WHITE SEEDLESS TYPE,,B,BAG,1979.9999999999,75339.0,,Invoice_Grape_Giumarra_1.xlsx [pre-loaded],2024 season - no dates available
,2024,,Giumarra,,Grape,EARLY SWEET,WHITE SEEDLESS TYPE,,B,BAG,990.0,37669.5,,Invoice_Grape_Giumarra_1.xlsx [pre-loaded],2024 season - no dates available
,2024,,Giumarra,,Grape,EARLY SWEET,WHITE SEEDLESS TYPE,,B,BAG,360.0,11368.8,,Invoice_Grape_Giumarra_1.xlsx [pre-loaded],2024 season - no dates available
,2024,,Giumarra,,Grape,EARLY SWEET,WHITE SEEDLESS TYPE,,B,BAG,539.9999999999,17307.0,,Invoice_Grape_Giumarra_1.xlsx [pre-loaded],2024 season - no dates available
,2024,,Giumarra,,Grape,EARLY SWEET,WHITE SEEDLESS TYPE,,B,BAG,270.0,5548.5,,Invoice_Grape_Giumarra_1.xlsx [pre-loaded],2024 season - no dates available
,2024,,Giumarra,,Grape,EARLY SWEET,WHITE SEEDLESS TYPE,,B,BAG,90.0,2430.0,,Invoice_Grape_Giumarra_1.xlsx [pre-loaded],2024 season - no dates available
,2024,,Giumarra,,Grape,EARLY SWEET,WHITE SEEDLESS TYPE,,B,BAG,1979.9999999999,47619.0,,Invoice_Grape_Giumarra_1.xlsx [pre-loaded],2024 season - no dates available
,2024,,Giumarra,,Grape,EARLY SWEET,WHITE SEEDLESS TYPE,,B,BAG,360.0,8910.0,,Invoice_Grape_Giumarra_1.xlsx [pre-loaded],2024 season - no dates available
,2024,,Giumarra,,Grape,EARLY SWEET,WHITE SEEDLESS TYPE,,B,BAG,1710.0,46170.0,,Invoice_Grape_Giumarra_1.xlsx [pre-loaded],2024 season - no dates available
,2024,,Giumarra,,Grape,EARLY SWEET,WHITE SEEDLESS TYPE,,B,BAG,1440.0,33192.0,,Invoice_Grape_Giumarra_1.xlsx [pre-loaded],2024 season - no dates available
,2024,,Giumarra,,Grape,EARLY SWEET,WHITE SEEDLESS TYPE,,B,BAG,1440.0,46152.0,,Invoice_Grape_Giumarra_1.xlsx [pre-loaded],2024 season - no dates available
,2024,,Giumarra,,Grape,EARLY SWEET,WHITE SEEDLESS TYPE,,B,BAG,89.9999999999,2430.0,,Invoice_Grape_Giumarra_1.xlsx [pre-loaded],2024 season - no dates available
,2024,,Giumarra,,Grape,EARLY SWEET,WHITE SEEDLESS TYPE,,B,BAG,270.0,5548.5,,Invoice_Grape_Giumarra_1.xlsx [pre-loaded],2024 season - no dates available
,2024,,Giumarra,,Grape,EARLY SWEET,WHITE SEEDLESS TYPE,,B,BAG,90.0,2430.0,,Invoice_Grape_Giumarra_1.xlsx [pre-loaded],2024 season - no dates available
,2024,,Giumarra,,Grape,EARLY SWEET,WHITE SEEDLESS TYPE,,B,BAG,90.0,2340.0,,Invoice_Grape_Giumarra_1.xlsx [pre-loaded],2024 season - no dates available
,2024,,Giumarra,,Grape,EARLY SWEET,WHITE SEEDLESS TYPE,,B,BAG,1170.0,26968.5,,Invoice_Grape_Giumarra_1.xlsx [pre-loaded],2024 season - no dates available
,2024,,Giumarra,,Grape,EARLY SWEET,WHITE SEEDLESS TYPE,,B,BAG,90.0,2227.5,,Invoice_Grape_Giumarra_1.xlsx [pre-loaded],2024 season - no dates available
,2024,,Giumarra,,Grape,EARLY SWEET,WHITE SEEDLESS TYPE,,B,BAG,539.9999999999,12447.0,,Invoice_Grape_Giumarra_1.xlsx [pre-loaded],2024 season - no dates available
,2024,,Giumarra,,Grape,EARLY SWEET,WHITE SEEDLESS TYPE,,B,BAG,810.0,20249.9999999999,,Invoice_Grape_Giumarra_1.xlsx [pre-loaded],2024 season - no dates available
,2024,,Giumarra,,Grape,EARLY SWEET,WHITE SEEDLESS TYPE,,B,BAG,90.0,2250.0,,Invoice_Grape_Giumarra_1.xlsx [pre-loaded],2024 season - no dates available
,2024,,Giumarra,,Grape,EARLY SWEET,WHITE SEEDLESS TYPE,,A,BAG,720.0,12996.0,,Invoice_Grape_Giumarra_1.xlsx [pre-loaded],2024 season - no dates available
,2024,,Giumarra,,Grape,EARLY SWEET,WHITE SEEDLESS TYPE,,B,BAG,90.0,2340.0,,Invoice_Grape_Giumarra_1.xlsx [pre-loaded],2024 season - no dates available
,2024,,Giumarra,,Grape,EARLY SWEET,WHITE SEEDLESS TYPE,,B,BAG,720.0,19440.0,,Invoice_Grape_Giumarra_1.xlsx [pre-loaded],2024 season - no dates available
,2024,,Giumarra,,Grape,EARLY SWEET,WHITE SEEDLESS TYPE,,B,BAG,89.9999999999,2227.5,,Invoice_Grape_Giumarra_1.xlsx [pre-loaded],2024 season - no dates available
,2024,,Giumarra,,Grape,EARLY SWEET,WHITE SEEDLESS TYPE,,B,BAG,720.0,19440.0,,Invoice_Grape_Giumarra_1.xlsx [pre-loaded],2024 season - no dates available
,2024,,Giumarra,,Grape,EARLY SWEET,WHITE SEEDLESS TYPE,,B,CLAM,400.0,16820.0,,Invoice_Grape_Giumarra_1.xlsx [pre-loaded],2024 season - no dates available
,2024,,Giumarra,,Grape,EARLY SWEET,WHITE SEEDLESS TYPE,,A,BAG,90.0,1714.5,,Invoice_Grape_Giumarra_1.xlsx [pre-loaded],2024 season - no dates available
,2024,,Giumarra,,Grape,EARLY SWEET,WHITE SEEDLESS TYPE,,A,BAG,450.0,8437.5,,Invoice_Grape_Giumarra_1.xlsx [pre-loaded],2024 season - no dates available
,2024,,Giumarra,,Grape,EARLY SWEET,WHITE SEEDLESS TYPE,,B,BAG,90.0,2430.0,,Invoice_Grape_Giumarra_1.xlsx [pre-loaded],2024 season - no dates available
,2024,,Giumarra,,Grape,EARLY SWEET,WHITE SEEDLESS TYPE,,A,BAG,1979.9999999999,37125.0,,Invoice_Grape_Giumarra_1.xlsx [pre-loaded],2024 season - no dates available
,2024,,Giumarra,,Grape,EARLY SWEET,WHITE SEEDLESS TYPE,,B,BAG,809.0,24876.75,,Invoice_Grape_Giumarra_1.xlsx [pre-loaded],2024 season - no dates available
,2024,,Giumarra,,Grape,EARLY SWEET,WHITE SEEDLESS TYPE,,B,BAG,360.0,8909.9999999999,,Invoice_Grape_Giumarra_1.xlsx [pre-loaded],2024 season - no dates available
,2024,,Giumarra,,Grape,EARLY SWEET,WHITE SEEDLESS TYPE,,A,BAG,180.0,3249.0,,Invoice_Grape_Giumarra_1.xlsx [pre-loaded],2024 season - no dates available
,2024,,Giumarra,,Grape,EARLY SWEET,WHITE SEEDLESS TYPE,,B,BAG,540.0,20547.0,,Invoice_Grape_Giumarra_1.xlsx [pre-loaded],2024 season - no dates available
,2024,,Giumarra,,Grape,EARLY SWEET,WHITE SEEDLESS TYPE,,A,BAG,900.0,17145.0,,Invoice_Grape_Giumarra_1.xlsx [pre-loaded],2024 season - no dates available
,2024,,Giumarra,,Grape,EARLY SWEET,WHITE SEEDLESS TYPE,,B,BAG,180.0,5535.0,,Invoice_Grape_Giumarra_1.xlsx [pre-loaded],2024 season - no dates available
,2024,,Giumarra,,Grape,EARLY SWEET,WHITE SEEDLESS TYPE,,B,BAG,1530.0,37867.5,,Invoice_Grape_Giumarra_1.xlsx [pre-loaded],2024 season - no dates available
,2024,,Giumarra,,Grape,EARLY SWEET,WHITE SEEDLESS TYPE,,A,BAG,90.0,1624.5,,Invoice_Grape_Giumarra_1.xlsx [pre-loaded],2024 season - no dates available
,2024,,Giumarra,,Grape,FLAME,FLAME SEEDLESS,,B,BAG,180.0,4140.0,,Invoice_Grape_Giumarra_1.xlsx [pre-loaded],2024 season - no dates available
,2024,,Giumarra,,Grape,PASSION FIRE,BLACK SEEDLESS,,A,BAG,180.0,2340.0,,Invoice_Grape_Giumarra_1.xlsx [pre-loaded],2024 season - no dates available
,2024,,Giumarra,,Grape,PASSION FIRE,BLACK SEEDLESS,,A,BAG,180.0,2340.0,,Invoice_Grape_Giumarra_1.xlsx [pre-loaded],2024 season - no dates available
,2024,,Giumarra,,Grape,PASSION FIRE,BLACK SEEDLESS,,A,BAG,1079.9999999999,14040.0,,Invoice_Grape_Giumarra_1.xlsx [pre-loaded],2024 season - no dates available
,2024,,Giumarra,,Grape,PASSION FIRE,BLACK SEEDLESS,,A,BAG,539.9999999999,7020.0,,Invoice_Grape_Giumarra_1.xlsx [pre-loaded],2024 season - no dates available
,2024,,Giumarra,,Grape,PASSION FIRE,BLACK SEEDLESS,,A,BAG,270.0,3510.0,,Invoice_Grape_Giumarra_1.xlsx [pre-loaded],2024 season - no dates available
,2024,,Giumarra,,Grape,SUGAR DROP,WHITE SEEDLESS TYPE,,B,BAG,900.0,16245.0,,Invoice_Grape_Giumarra_1.xlsx [pre-loaded],2024 season - no dates available
,2024,,Giumarra,,Grape,SUGAR DROP,WHITE SEEDLESS TYPE,,B,BAG,360.0,5400.0,,Invoice_Grape_Giumarra_1.xlsx [pre-loaded],2024 season - no dates available
,2024,,Giumarra,,Grape,SUGAR DROP,WHITE SEEDLESS TYPE,,B,BAG,1620.0,27540.0,,Invoice_Grape_Giumarra_1.xlsx [pre-loaded],2024 season - no dates available
,2024,,Giumarra,,Grape,SUGAR DROP,WHITE SEEDLESS TYPE,,B,BAG,360.0,6119.9999999999,,Invoice_Grape_Giumarra_1.xlsx [pre-loaded],2024 season - no dates available
,2024,,Giumarra,,Grape,HONEY POP,WHITE SEEDLESS TYPE,,B,BAG,90.0,2407.5,,Invoice_Grape_Giumarra_1.xlsx [pre-loaded],2024 season - no dates available
,2024,,Giumarra,,Grape,HONEY POP,WHITE SEEDLESS TYPE,,B,BAG,180.0,4500.0,,Invoice_Grape_Giumarra_1.xlsx [pre-loaded],2024 season - no dates available
,2024,,Giumarra,,Grape,HONEY POP,WHITE SEEDLESS TYPE,,B,BAG,90.0,2407.5,,Invoice_Grape_Giumarra_1.xlsx [pre-loaded],2024 season - no dates available
,2024,,Giumarra,,Grape,HONEY POP,WHITE SEEDLESS TYPE,,B,BAG,539.9999999999,13500.0,,Invoice_Grape_Giumarra_1.xlsx [pre-loaded],2024 season - no dates available
,2024,,Giumarra,,Grape,HONEY POP,WHITE SEEDLESS TYPE,,B,BAG,720.0,18000.0,,Invoice_Grape_Giumarra_1.xlsx [pre-loaded],2024 season - no dates available
,2024,,Giumarra,,Grape,HONEY POP,WHITE SEEDLESS TYPE,,B,BAG,360.0,8280.0,,Invoice_Grape_Giumarra_1.xlsx [pre-loaded],2024 season - no dates available
,2024,,Giumarra,,Grape,EARLY SWEET,WHITE SEEDLESS TYPE,,B,BAG,90.0,2227.5,,Invoice_Grape_Giumarra_1.xlsx [pre-loaded],2024 season - no dates available
,2024,,Giumarra,,Grape,EARLY SWEET,WHITE SEEDLESS TYPE,,B,BAG,90.0,2227.5,,Invoice_Grape_Giumarra_1.xlsx [pre-loaded],2024 season - no dates available
,2024,,Giumarra,,Grape,EARLY SWEET,WHITE SEEDLESS TYPE,,B,BAG,810.0,23287.5,,Invoice_Grape_Giumarra_1.xlsx [pre-loaded],2024 season - no dates available
,2024,,Giumarra,,Grape,EARLY SWEET,WHITE SEEDLESS TYPE,,A,BAG,90.0,1939.5,,Invoice_Grape_Giumarra_1.xlsx [pre-loaded],2024 season - no dates available
,2024,,Giumarra,,Grape,EARLY SWEET,WHITE SEEDLESS TYPE,,B,BAG,360.0,7559.9999999999,,Invoice_Grape_Giumarra_1.xlsx [pre-loaded],2024 season - no dates available
,2024,,Giumarra,,Grape,EARLY SWEET,WHITE SEEDLESS TYPE,,B,BAG,180.0,4140.0,,Invoice_Grape_Giumarra_1.xlsx [pre-loaded],2024 season - no dates available
,2024,,Giumarra,,Grape,EARLY SWEET,WHITE SEEDLESS TYPE,,B,BAG,1080.0,29160.0,,Invoice_Grape_Giumarra_1.xlsx [pre-loaded],2024 season - no dates available
,2024,,Giumarra,,Grape,EARLY SWEET,WHITE SEEDLESS TYPE,,A,BAG,90.0,1939.5,,Invoice_Grape_Giumarra_1.xlsx [pre-loaded],2024 season - no dates available
,2024,,Giumarra,,Grape,EARLY SWEET,WHITE SEEDLESS TYPE,,B,BAG,360.0,7560.0,,Invoice_Grape_Giumarra_1.xlsx [pre-loaded],2024 season - no dates available
,2024,,Giumarra,,Grape,EARLY SWEET,WHITE SEEDLESS TYPE,,A,BAG,1530.0,32971.5,,Invoice_Grape_Giumarra_1.xlsx [pre-loaded],2024 season - no dates available
,2024,,Giumarra,,Grape,EARLY SWEET,WHITE SEEDLESS TYPE,,B,BAG,1620.0,34020.0,,Invoice_Grape_Giumarra_1.xlsx [pre-loaded],2024 season - no dates available
,2024,,Giumarra,,Grape,EARLY SWEET,WHITE SEEDLESS TYPE,,B,BAG,90.0,1890.0,,Invoice_Grape_Giumarra_1.xlsx [pre-loaded],2024 season - no dates available
,2024,,Giumarra,,Grape,EARLY SWEET,WHITE SEEDLESS TYPE,,A,BAG,90.0,1939.5,,Invoice_Grape_Giumarra_1.xlsx [pre-loaded],2024 season - no dates available
,2024,,Giumarra,,Grape,EARLY SWEET,WHITE SEEDLESS TYPE,,A,BAG,270.0,5818.4999999999,,Invoice_Grape_Giumarra_1.xlsx [pre-loaded],2024 season - no dates available
,2024,,Giumarra,,Grape,EARLY SWEET,WHITE SEEDLESS TYPE,,B,CLAM,320.0,9280.0,,Invoice_Grape_Giumarra_1.xlsx [pre-loaded],2024 season - no dates available
,2024,,Giumarra,,Grape,FLAME,FLAME SEEDLESS,,B,BAG,180.0,4500.0,,Invoice_Grape_Giumarra_1.xlsx [pre-loaded],2024 season - no dates available
,2024,,Giumarra,,Grape,SUMMER ROYAL,BLACK SEEDLESS,,B,BAG,90.0,2250.0,,Invoice_Grape_Giumarra_1.xlsx [pre-loaded],2024 season - no dates available
,2024,,Giumarra,,Grape,FLAME,FLAME SEEDLESS,,B,CLAM,300.0,4422.0,,Invoice_Grape_Giumarra_1.xlsx [pre-loaded],2024 season - no dates available
,2024,,Giumarra,,Grape,FLAME,FLAME SEEDLESS,,B,CLAM,300.0,4422.0,,Invoice_Grape_Giumarra_1.xlsx [pre-loaded],2024 season - no dates available
,2024,,Giumarra,,Grape,FLAME,FLAME SEEDLESS,,B,CLAM,280.0,4127.2,,Invoice_Grape_Giumarra_1.xlsx [pre-loaded],2024 season - no dates available
,2024,,Giumarra,,Grape,SUGAR DROP,WHITE SEEDLESS TYPE,,B,BAG,180.0,4104.0,,Invoice_Grape_Giumarra_1.xlsx [pre-loaded],2024 season - no dates available
,2024,,Giumarra,,Grape,SUGAR DROP,WHITE SEEDLESS TYPE,,B,BAG,360.0,8208.0,,Invoice_Grape_Giumarra_1.xlsx [pre-loaded],2024 season - no dates available
,2024,,Giumarra,,Grape,SUGAR DROP,WHITE SEEDLESS TYPE,,B,BAG,270.0,5008.5,,Invoice_Grape_Giumarra_1.xlsx [pre-loaded],2024 season - no dates available
,2024,,Giumarra,,Grape,SUGAR DROP,WHITE SEEDLESS TYPE,,B,BAG,809.9999999999,15187.4999999999,,Invoice_Grape_Giumarra_1.xlsx [pre-loaded],2024 season - no dates available
,2024,,Giumarra,,Grape,SUGAR DROP,WHITE SEEDLESS TYPE,,B,BAG,90.0,1507.5,,Invoice_Grape_Giumarra_1.xlsx [pre-loaded],2024 season - no dates available
,2024,,Giumarra,,Grape,SUGAR DROP,WHITE SEEDLESS TYPE,,B,BAG,1169.9999999998,21937.5,,Invoice_Grape_Giumarra_1.xlsx [pre-loaded],2024 season - no dates available
,2024,,Giumarra,,Grape,SUGAR DROP,WHITE SEEDLESS TYPE,,B,BAG,900.0,15300.0,,Invoice_Grape_Giumarra_1.xlsx [pre-loaded],2024 season - no dates available
,2024,,Giumarra,,Grape,SUGAR DROP,WHITE SEEDLESS TYPE,,B,BAG,1080.0,18090.0,,Invoice_Grape_Giumarra_1.xlsx [pre-loaded],2024 season - no dates available
,2024,,Giumarra,,Grape,SUGAR DROP,WHITE SEEDLESS TYPE,,B,BAG,90.0,1530.0,,Invoice_Grape_Giumarra_1.xlsx [pre-loaded],2024 season - no dates available
,2024,,Giumarra,,Grape,SUGAR DROP,WHITE SEEDLESS TYPE,,B,BAG,90.0,1530.0,,Invoice_Grape_Giumarra_1.xlsx [pre-loaded],2024 season - no dates available
,2024,,Giumarra,,Grape,SUGAR DROP,WHITE SEEDLESS TYPE,,B,BAG,90.0,1530.0,,Invoice_Grape_Giumarra_1.xlsx [pre-loaded],2024 season - no dates available
,2024,,Giumarra,,Grape,SUGAR DROP,WHITE SEEDLESS TYPE,,B,BAG,540.0,9180.0,,Invoice_Grape_Giumarra_1.xlsx [pre-loaded],2024 season - no dates available
,2024,,Giumarra,,Grape,SUGAR DROP,WHITE SEEDLESS TYPE,,B,BAG,1889.9999999999,32130.0,,Invoice_Grape_Giumarra_1.xlsx [pre-loaded],2024 season - no dates available
,2024,,Giumarra,,Grape,HONEY POP,WHITE SEEDLESS TYPE,,B,BAG,180.0,3015.0,,Invoice_Grape_Giumarra_1.xlsx [pre-loaded],2024 season - no dates available
,2024,,Giumarra,,Grape,HONEY POP,WHITE SEEDLESS TYPE,,B,BAG,630.0,15560.9999999999,,Invoice_Grape_Giumarra_1.xlsx [pre-loaded],2024 season - no dates available
,2024,,Giumarra,,Grape,HONEY POP,WHITE SEEDLESS TYPE,,B,BAG,360.0,10349.9999999998,,Invoice_Grape_Giumarra_1.xlsx [pre-loaded],2024 season - no dates available
,2024,,Giumarra,,Grape,HONEY POP,WHITE SEEDLESS TYPE,,B,BAG,360.0,8190.0,,Invoice_Grape_Giumarra_1.xlsx [pre-loaded],2024 season - no dates available
,2024,,Giumarra,,Grape,HONEY POP,WHITE SEEDLESS TYPE,,B,BAG,1260.0,28665.0,,Invoice_Grape_Giumarra_1.xlsx [pre-loaded],2024 season - no dates available
,2024,,Giumarra,,Grape,HONEY POP,WHITE SEEDLESS TYPE,,B,BAG,180.0,5174.9999999999,,Invoice_Grape_Giumarra_1.xlsx [pre-loaded],2024 season - no dates available
,2024,,Giumarra,,Grape,HONEY POP,WHITE SEEDLESS TYPE,,B,BAG,540.0,12285.0,,Invoice_Grape_Giumarra_1.xlsx [pre-loaded],2024 season - no dates available
,2024,,Giumarra,,Grape,HONEY POP,WHITE SEEDLESS TYPE,,B,BAG,180.0,3060.0,,Invoice_Grape_Giumarra_1.xlsx [pre-loaded],2024 season - no dates available
,2024,,Giumarra,,Grape,HONEY POP,WHITE SEEDLESS TYPE,,B,BAG,720.0,16560.0,,Invoice_Grape_Giumarra_1.xlsx [pre-loaded],2024 season - no dates available
,2024,,Giumarra,,Grape,HONEY POP,WHITE SEEDLESS TYPE,,B,BAG,89.9999999999,2043.0,,Invoice_Grape_Giumarra_1.xlsx [pre-loaded],2024 season - no dates available
,2024,,Giumarra,,Grape,HONEY POP,WHITE SEEDLESS TYPE,,B,BAG,630.0,13891.5,,Invoice_Grape_Giumarra_1.xlsx [pre-loaded],2024 season - no dates available
,2024,,Giumarra,,Grape,HONEY POP,WHITE SEEDLESS TYPE,,B,BAG,1889.9999999999,42903.0,,Invoice_Grape_Giumarra_1.xlsx [pre-loaded],2024 season - no dates available
,2024,,Giumarra,,Grape,HONEY POP,WHITE SEEDLESS TYPE,,B,BAG,720.0,15624.0,,Invoice_Grape_Giumarra_1.xlsx [pre-loaded],2024 season - no dates available
,2024,,Giumarra,,Grape,HONEY POP,WHITE SEEDLESS TYPE,,B,BAG,450.0,9922.5,,Invoice_Grape_Giumarra_1.xlsx [pre-loaded],2024 season - no dates available
,2024,,Giumarra,,Grape,HONEY POP,WHITE SEEDLESS TYPE,,B,BAG,270.0,5858.9999999999,,Invoice_Grape_Giumarra_1.xlsx [pre-loaded],2024 season - no dates available
,2024,,Giumarra,,Grape,EARLY SWEET,WHITE SEEDLESS TYPE,,B,BAG,540.0,17820.0,,Invoice_Grape_Giumarra_1.xlsx [pre-loaded],2024 season - no dates available
,2024,,Giumarra,,Grape,EARLY SWEET,WHITE SEEDLESS TYPE,,B,BAG,270.0,8909.9999999999,,Invoice_Grape_Giumarra_1.xlsx [pre-loaded],2024 season - no dates available
,2024,,Giumarra,,Grape,EARLY SWEET,WHITE SEEDLESS TYPE,,B,BAG,180.0,4860.0,,Invoice_Grape_Giumarra_1.xlsx [pre-loaded],2024 season - no dates available
,2024,,Giumarra,,Grape,EARLY SWEET,WHITE SEEDLESS TYPE,,B,BAG,1978.9999999999,45517.0,,Invoice_Grape_Giumarra_1.xlsx [pre-loaded],2024 season - no dates available
,2024,,Giumarra,,Grape,EARLY SWEET,WHITE SEEDLESS TYPE,,B,BAG,1260.0,34020.0,,Invoice_Grape_Giumarra_1.xlsx [pre-loaded],2024 season - no dates available
,2024,,Giumarra,,Grape,EARLY SWEET,WHITE SEEDLESS TYPE,,B,CLAM,160.0,4960.0,,Invoice_Grape_Giumarra_1.xlsx [pre-loaded],2024 season - no dates available
,2024,,Giumarra,,Grape,EARLY SWEET,WHITE SEEDLESS TYPE,,B,CLAM,80.0,2480.0,,Invoice_Grape_Giumarra_1.xlsx [pre-loaded],2024 season - no dates available
,2024,,Giumarra,,Grape,EARLY SWEET,WHITE SEEDLESS TYPE,,B,BAG,270.0,6696.0,,Invoice_Grape_Giumarra_1.xlsx [pre-loaded],2024 season - no dates available
,2024,,Giumarra,,Grape,EARLY SWEET,WHITE SEEDLESS TYPE,,B,CLAM,80.0,2480.0,,Invoice_Grape_Giumarra_1.xlsx [pre-loaded],2024 season - no dates available
,2024,,Giumarra,,Grape,EARLY SWEET,WHITE SEEDLESS TYPE,,B,BAG,90.0,1530.0,,Invoice_Grape_Giumarra_1.xlsx [pre-loaded],2024 season - no dates available
,2024,,Giumarra,,Grape,EARLY SWEET,WHITE SEEDLESS TYPE,,B,BAG,450.0,11160.0,,Invoice_Grape_Giumarra_1.xlsx [pre-loaded],2024 season - no dates available
,2024,,Giumarra,,Grape,EARLY SWEET,WHITE SEEDLESS TYPE,,B,BAG,360.0,9719.9999999999,,Invoice_Grape_Giumarra_1.xlsx [pre-loaded],2024 season - no dates available
,2024,,Giumarra,,Grape,EARLY SWEET,WHITE SEEDLESS TYPE,,B,BAG,718.0,12206.0,,Invoice_Grape_Giumarra_1.xlsx [pre-loaded],2024 season - no dates available
,2024,,Giumarra,,Grape,EARLY SWEET,WHITE SEEDLESS TYPE,,B,BAG,2.0,36.1,,Invoice_Grape_Giumarra_1.xlsx [pre-loaded],2024 season - no dates available
,2024,,Giumarra,,Grape,EARLY SWEET,WHITE SEEDLESS TYPE,,B,BAG,1260.0,34020.0,,Invoice_Grape_Giumarra_1.xlsx [pre-loaded],2024 season - no dates available
,2024,,Giumarra,,Grape,EARLY SWEET,WHITE SEEDLESS TYPE,,B,BAG,270.0,4468.5,,Invoice_Grape_Giumarra_1.xlsx [pre-loaded],2024 season - no dates available
,2024,,Giumarra,,Grape,EARLY SWEET,WHITE SEEDLESS TYPE,,B,BAG,720.0,19440.0,,Invoice_Grape_Giumarra_1.xlsx [pre-loaded],2024 season - no dates available
,2024,,Giumarra,,Grape,EARLY SWEET,WHITE SEEDLESS TYPE,,B,BAG,89.9999999999,1530.0,,Invoice_Grape_Giumarra_1.xlsx [pre-loaded],2024 season - no dates available
,2024,,Giumarra,,Grape,EARLY SWEET,WHITE SEEDLESS TYPE,,B,CLAM,160.0,4960.0,,Invoice_Grape_Giumarra_1.xlsx [pre-loaded],2024 season - no dates available
,2024,,Giumarra,,Grape,EARLY SWEET,WHITE SEEDLESS TYPE,,B,CLAM,80.0,2480.0,,Invoice_Grape_Giumarra_1.xlsx [pre-loaded],2024 season - no dates available
,2024,,Giumarra,,Grape,EARLY SWEET,WHITE SEEDLESS TYPE,,B,CLAM,160.0,4960.0,,Invoice_Grape_Giumarra_1.xlsx [pre-loaded],2024 season - no dates available
,2024,,Giumarra,,Grape,ARRA_83,WHITE SEEDLESS TYPE,,B,BAG,90.0,1530.0,,Invoice_Grape_Giumarra_1.xlsx [pre-loaded],2024 season - no dates available
,2024,,Giumarra,,Grape,FLAME,FLAME SEEDLESS,,B,BAG,360.0,9720.0,,Invoice_Grape_Giumarra_1.xlsx [pre-loaded],2024 season - no dates available
,2024,,Giumarra,,Grape,FLAME,FLAME SEEDLESS,,B,BAG,540.0,10017.0,,Invoice_Grape_Giumarra_1.xlsx [pre-loaded],2024 season - no dates available
,2024,,Giumarra,,Grape,FLAME,FLAME SEEDLESS,,B,BAG,450.0,12150.0,,Invoice_Grape_Giumarra_1.xlsx [pre-loaded],2024 season - no dates available
,2024,,Giumarra,,Grape,FLAME,FLAME SEEDLESS,,B,BAG,990.0,16830.0,,Invoice_Grape_Giumarra_1.xlsx [pre-loaded],2024 season - no dates available
,2024,,Giumarra,,Grape,FLAME,FLAME SEEDLESS,,B,BAG,90.0,1530.0,,Invoice_Grape_Giumarra_1.xlsx [pre-loaded],2024 season - no dates available
,2024,,Giumarra,,Grape,FLAME,FLAME SEEDLESS,,B,BAG,180.0,4815.0,,Invoice_Grape_Giumarra_1.xlsx [pre-loaded],2024 season - no dates available
,2024,,Giumarra,,Grape,FLAME,FLAME SEEDLESS,,B,BAG,270.0,6682.5,,Invoice_Grape_Giumarra_1.xlsx [pre-loaded],2024 season - no dates available
,2024,,Giumarra,,Grape,FLAME,FLAME SEEDLESS,,B,BAG,1080.0,18360.0,,Invoice_Grape_Giumarra_1.xlsx [pre-loaded],2024 season - no dates available
,2024,,Giumarra,,Grape,FLAME,FLAME SEEDLESS,,B,BAG,90.0,1530.0,,Invoice_Grape_Giumarra_1.xlsx [pre-loaded],2024 season - no dates available
,2024,,Giumarra,,Grape,FLAME,FLAME SEEDLESS,,B,BAG,538.9999999999,11696.3,,Invoice_Grape_Giumarra_1.xlsx [pre-loaded],2024 season - no dates available
,2024,,Giumarra,,Grape,FLAME,FLAME SEEDLESS,,B,BAG,90.0,1530.0,,Invoice_Grape_Giumarra_1.xlsx [pre-loaded],2024 season - no dates available
,2024,,Giumarra,,Grape,FLAME,FLAME SEEDLESS,,B,BAG,810.0,13770.0,,Invoice_Grape_Giumarra_1.xlsx [pre-loaded],2024 season - no dates available
,2024,,Giumarra,,Grape,FLAME,FLAME SEEDLESS,,B,BAG,180.0,3060.0,,Invoice_Grape_Giumarra_1.xlsx [pre-loaded],2024 season - no dates available
,2024,,Giumarra,,Grape,FLAME,FLAME SEEDLESS,,B,BAG,1170.0,19890.0,,Invoice_Grape_Giumarra_1.xlsx [pre-loaded],2024 season - no dates available
,2024,,Giumarra,,Grape,FLAME,FLAME SEEDLESS,,B,BAG,720.0,12240.0,,Invoice_Grape_Giumarra_1.xlsx [pre-loaded],2024 season - no dates available
,2024,,Giumarra,,Grape,SUMMER ROYAL,BLACK SEEDLESS,,B,BAG,180.0,4860.0,,Invoice_Grape_Giumarra_1.xlsx [pre-loaded],2024 season - no dates available
,2024,,Giumarra,,Grape,SUMMER ROYAL,BLACK SEEDLESS,,B,BAG,90.0,2430.0,,Invoice_Grape_Giumarra_1.xlsx [pre-loaded],2024 season - no dates available
,2024,,Giumarra,,Grape,SUMMER ROYAL,BLACK SEEDLESS,,B,BAG,90.0,2119.5,,Invoice_Grape_Giumarra_1.xlsx [pre-loaded],2024 season - no dates available
,2024,,Giumarra,,Grape,SUMMER ROYAL,BLACK SEEDLESS,,B,BAG,360.0,9612.0,,Invoice_Grape_Giumarra_1.xlsx [pre-loaded],2024 season - no dates available
,2024,,Giumarra,,Grape,SUMMER ROYAL,BLACK SEEDLESS,,B,BAG,90.0,1530.0,,Invoice_Grape_Giumarra_1.xlsx [pre-loaded],2024 season - no dates available
,2024,,Giumarra,,Grape,SUMMER ROYAL,BLACK SEEDLESS,,B,BAG,180.0,3870.0,,Invoice_Grape_Giumarra_1.xlsx [pre-loaded],2024 season - no dates available
,2024,,Giumarra,,Grape,SUGAR DROP,WHITE SEEDLESS TYPE,,B,BAG,180.0,3195.0,,Invoice_Grape_Giumarra_1.xlsx [pre-loaded],2024 season - no dates available
,2024,,Giumarra,,Grape,SUGAR DROP,WHITE SEEDLESS TYPE,,B,BAG,1800.0,31950.0,,Invoice_Grape_Giumarra_1.xlsx [pre-loaded],2024 season - no dates available
,2024,,Giumarra,,Grape,SUGAR DROP,WHITE SEEDLESS TYPE,,B,BAG,1349.9999999999,22949.9999999999,,Invoice_Grape_Giumarra_1.xlsx [pre-loaded],2024 season - no dates available
,2024,,Giumarra,,Grape,SUGAR DROP,WHITE SEEDLESS TYPE,,B,BAG,270.0,5494.5,,Invoice_Grape_Giumarra_1.xlsx [pre-loaded],2024 season - no dates available
,2024,,Giumarra,,Grape,SUGAR DROP,WHITE SEEDLESS TYPE,,B,BAG,270.0,4590.0,,Invoice_Grape_Giumarra_1.xlsx [pre-loaded],2024 season - no dates available
,2024,,Giumarra,,Grape,SUGAR DROP,WHITE SEEDLESS TYPE,,B,BAG,89.9999999999,1597.5,,Invoice_Grape_Giumarra_1.xlsx [pre-loaded],2024 season - no dates available
,2024,,Giumarra,,Grape,SUGAR DROP,WHITE SEEDLESS TYPE,,B,BAG,270.0,4792.5,,Invoice_Grape_Giumarra_1.xlsx [pre-loaded],2024 season - no dates available
,2024,,Giumarra,,Grape,SUGAR DROP,WHITE SEEDLESS TYPE,,B,BAG,90.0,1530.0,,Invoice_Grape_Giumarra_1.xlsx [pre-loaded],2024 season - no dates available
,2024,,Giumarra,,Grape,SUGAR DROP,WHITE SEEDLESS TYPE,,B,BAG,270.0,4590.0,,Invoice_Grape_Giumarra_1.xlsx [pre-loaded],2024 season - no dates available
,2024,,Giumarra,,Grape,SUGAR DROP,WHITE SEEDLESS TYPE,,B,BAG,1890.0,33547.5,,Invoice_Grape_Giumarra_1.xlsx [pre-loaded],2024 season - no dates available
,2024,,Giumarra,,Grape,SUGAR DROP,WHITE SEEDLESS TYPE,,B,BAG,1710.0,30352.5,,Invoice_Grape_Giumarra_1.xlsx [pre-loaded],2024 season - no dates available
,2024,,Giumarra,,Grape,HONEY POP,WHITE SEEDLESS TYPE,,B,BAG,630.0,11686.5,,Invoice_Grape_Giumarra_1.xlsx [pre-loaded],2024 season - no dates available
,2024,,Giumarra,,Grape,HONEY POP,WHITE SEEDLESS TYPE,,B,BAG,720.0,18000.0,,Invoice_Grape_Giumarra_1.xlsx [pre-loaded],2024 season - no dates available
,2024,,Giumarra,,Grape,HONEY POP,WHITE SEEDLESS TYPE,,B,BAG,90.0,2250.0,,Invoice_Grape_Giumarra_1.xlsx [pre-loaded],2024 season - no dates available
,2024,,Giumarra,,Grape,HONEY POP,WHITE SEEDLESS TYPE,,B,BAG,450.0,11250.0,,Invoice_Grape_Giumarra_1.xlsx [pre-loaded],2024 season - no dates available
,2024,,Giumarra,,Grape,HONEY POP,WHITE SEEDLESS TYPE,,B,BAG,1889.9999999999,46777.5,,Invoice_Grape_Giumarra_1.xlsx [pre-loaded],2024 season - no dates available
,2024,,Giumarra,,Grape,HONEY POP,WHITE SEEDLESS TYPE,,B,BAG,89.9999999999,2227.5,,Invoice_Grape_Giumarra_1.xlsx [pre-loaded],2024 season - no dates available
,2024,,Giumarra,,Grape,HONEY POP,WHITE SEEDLESS TYPE,,B,BAG,360.0,9000.0,,Invoice_Grape_Giumarra_1.xlsx [pre-loaded],2024 season - no dates available
,2024,,Giumarra,,Grape,HONEY POP,WHITE SEEDLESS TYPE,,B,BAG,90.0,2047.5,,Invoice_Grape_Giumarra_1.xlsx [pre-loaded],2024 season - no dates available
,2024,,Giumarra,,Grape,HONEY POP,WHITE SEEDLESS TYPE,,B,BAG,90.0,2047.5,,Invoice_Grape_Giumarra_1.xlsx [pre-loaded],2024 season - no dates available
,2024,,Giumarra,,Grape,HONEY POP,WHITE SEEDLESS TYPE,,B,BAG,90.0,2047.5,,Invoice_Grape_Giumarra_1.xlsx [pre-loaded],2024 season - no dates available
,2024,,Giumarra,,Grape,HONEY POP,WHITE SEEDLESS TYPE,,B,BAG,270.0,7290.0,,Invoice_Grape_Giumarra_1.xlsx [pre-loaded],2024 season - no dates available
,2024,,Giumarra,,Grape,HONEY POP,WHITE SEEDLESS TYPE,,B,BAG,1980.0,44946.0,,Invoice_Grape_Giumarra_1.xlsx [pre-loaded],2024 season - no dates available
,2024,,Giumarra,,Grape,EARLY SWEET,WHITE SEEDLESS TYPE,,B,BAG,1979.9999999999,57519.0,,Invoice_Grape_Giumarra_1.xlsx [pre-loaded],2024 season - no dates available
,2024,,Giumarra,,Grape,EARLY SWEET,WHITE SEEDLESS TYPE,,B,BAG,990.0,28016.9999999999,,Invoice_Grape_Giumarra_1.xlsx [pre-loaded],2024 season - no dates available
,2024,,Giumarra,,Grape,EARLY SWEET,WHITE SEEDLESS TYPE,,B,BAG,1980.0,56529.0,,Invoice_Grape_Giumarra_1.xlsx [pre-loaded],2024 season - no dates available
,2024,,Giumarra,,Grape,EARLY SWEET,WHITE SEEDLESS TYPE,,A,BAG,630.0,10552.5,,Invoice_Grape_Giumarra_1.xlsx [pre-loaded],2024 season - no dates available
,2024,,Giumarra,,Grape,EARLY SWEET,WHITE SEEDLESS TYPE,,B,BAG,809.9999999999,14377.5,,Invoice_Grape_Giumarra_1.xlsx [pre-loaded],2024 season - no dates available
,2024,,Giumarra,,Grape,EARLY SWEET,WHITE SEEDLESS TYPE,,B,BAG,89.9999999999,1597.5,,Invoice_Grape_Giumarra_1.xlsx [pre-loaded],2024 season - no dates available
,2024,,Giumarra,,Grape,EARLY SWEET,WHITE SEEDLESS TYPE,,B,BAG,90.0,1597.5,,Invoice_Grape_Giumarra_1.xlsx [pre-loaded],2024 season - no dates available
,2024,,Giumarra,,Grape,EARLY SWEET,WHITE SEEDLESS TYPE,,B,BAG,900.0,24300.0,,Invoice_Grape_Giumarra_1.xlsx [pre-loaded],2024 season - no dates available
,2024,,Giumarra,,Grape,EARLY SWEET,WHITE SEEDLESS TYPE,,B,BAG,269.9999999997,4792.5,,Invoice_Grape_Giumarra_1.xlsx [pre-loaded],2024 season - no dates available
,2024,,Giumarra,,Grape,EARLY SWEET,WHITE SEEDLESS TYPE,,B,BAG,810.0,14377.4999999999,,Invoice_Grape_Giumarra_1.xlsx [pre-loaded],2024 season - no dates available
,2024,,Giumarra,,Grape,EARLY SWEET,WHITE SEEDLESS TYPE,,B,BAG,1349.9999999997,23962.4999999999,,Invoice_Grape_Giumarra_1.xlsx [pre-loaded],2024 season - no dates available
,2024,,Giumarra,,Grape,EARLY SWEET,WHITE SEEDLESS TYPE,,B,BAG,630.0,11182.5,,Invoice_Grape_Giumarra_1.xlsx [pre-loaded],2024 season - no dates available
,2024,,Giumarra,,Grape,EARLY SWEET,WHITE SEEDLESS TYPE,,A,BAG,89.9999999999,1507.5,,Invoice_Grape_Giumarra_1.xlsx [pre-loaded],2024 season - no dates available
,2024,,Giumarra,,Grape,EARLY SWEET,WHITE SEEDLESS TYPE,,B,BAG,1529.0,27139.75,,Invoice_Grape_Giumarra_1.xlsx [pre-loaded],2024 season - no dates available
,2024,,Giumarra,,Grape,EARLY SWEET,WHITE SEEDLESS TYPE,,B,BAG,630.0,11182.5,,Invoice_Grape_Giumarra_1.xlsx [pre-loaded],2024 season - no dates available
,2024,,Giumarra,,Grape,EARLY SWEET,WHITE SEEDLESS TYPE,,B,BAG,630.0,11182.5,,Invoice_Grape_Giumarra_1.xlsx [pre-loaded],2024 season - no dates available
,2024,,Giumarra,,Grape,EARLY SWEET,WHITE SEEDLESS TYPE,,B,BAG,450.0,7537.5,,Invoice_Grape_Giumarra_1.xlsx [pre-loaded],2024 season - no dates available
,2024,,Giumarra,,Grape,EARLY SWEET,WHITE SEEDLESS TYPE,,B,BAG,719.9999999999,12780.0,,Invoice_Grape_Giumarra_1.xlsx [pre-loaded],2024 season - no dates available
,2024,,Giumarra,,Grape,EARLY SWEET,WHITE SEEDLESS TYPE,,A,BAG,1259.9999999999,21105.0,,Invoice_Grape_Giumarra_1.xlsx [pre-loaded],2024 season - no dates available
,2024,,Giumarra,,Grape,EARLY SWEET,WHITE SEEDLESS TYPE,,B,BAG,89.9999999999,1597.5,,Invoice_Grape_Giumarra_1.xlsx [pre-loaded],2024 season - no dates available
,2024,,Giumarra,,Grape,EARLY SWEET,WHITE SEEDLESS TYPE,,B,BAG,180.0,3195.0,,Invoice_Grape_Giumarra_1.xlsx [pre-loaded],2024 season - no dates available
,2024,,Giumarra,,Grape,EARLY SWEET,WHITE SEEDLESS TYPE,,B,BAG,89.9999999999,1597.5,,Invoice_Grape_Giumarra_1.xlsx [pre-loaded],2024 season - no dates available
,2024,,Giumarra,,Grape,EARLY SWEET,WHITE SEEDLESS TYPE,,B,BAG,450.0,7987.5,,Invoice_Grape_Giumarra_1.xlsx [pre-loaded],2024 season - no dates available
,2024,,Giumarra,,Grape,EARLY SWEET,WHITE SEEDLESS TYPE,,B,BAG,450.0,9337.5,,Invoice_Grape_Giumarra_1.xlsx [pre-loaded],2024 season - no dates available
,2024,,Giumarra,,Grape,EARLY SWEET,WHITE SEEDLESS TYPE,,B,BAG,180.0,3330.0,,Invoice_Grape_Giumarra_1.xlsx [pre-loaded],2024 season - no dates available
,2024,,Giumarra,,Grape,EARLY SWEET,WHITE SEEDLESS TYPE,,B,BAG,540.0,10800.0,,Invoice_Grape_Giumarra_1.xlsx [pre-loaded],2024 season - no dates available
,2024,,Giumarra,,Grape,EARLY SWEET,WHITE SEEDLESS TYPE,,B,BAG,450.0,8999.9999999999,,Invoice_Grape_Giumarra_1.xlsx [pre-loaded],2024 season - no dates available
,2024,,Giumarra,,Grape,FLAME,FLAME SEEDLESS,,B,BAG,720.0,20880.0,,Invoice_Grape_Giumarra_1.xlsx [pre-loaded],2024 season - no dates available
,2024,,Giumarra,,Grape,FLAME,FLAME SEEDLESS,,B,BAG,179.9999999998,4500.0,,Invoice_Grape_Giumarra_1.xlsx [pre-loaded],2024 season - no dates available
,2024,,Giumarra,,Grape,FLAME,FLAME SEEDLESS,,B,BAG,450.0,7537.5,,Invoice_Grape_Giumarra_1.xlsx [pre-loaded],2024 season - no dates available
,2024,,Giumarra,,Grape,FLAME,FLAME SEEDLESS,,B,BAG,180.0,4023.0,,Invoice_Grape_Giumarra_1.xlsx [pre-loaded],2024 season - no dates available
,2024,,Giumarra,,Grape,FLAME,FLAME SEEDLESS,,B,BAG,450.0,11250.0,,Invoice_Grape_Giumarra_1.xlsx [pre-loaded],2024 season - no dates available
,2024,,Giumarra,,Grape,FLAME,FLAME SEEDLESS,,B,BAG,90.0,1530.0,,Invoice_Grape_Giumarra_1.xlsx [pre-loaded],2024 season - no dates available
,2024,,Giumarra,,Grape,FLAME,FLAME SEEDLESS,,B,BAG,90.0,1890.0,,Invoice_Grape_Giumarra_1.xlsx [pre-loaded],2024 season - no dates available
,2024,,Giumarra,,Grape,FLAME,FLAME SEEDLESS,,B,BAG,180.0,3330.0,,Invoice_Grape_Giumarra_1.xlsx [pre-loaded],2024 season - no dates available
,2024,,Giumarra,,Grape,FLAME,FLAME SEEDLESS,,B,BAG,360.0,7560.0,,Invoice_Grape_Giumarra_1.xlsx [pre-loaded],2024 season - no dates available
,2024,,Giumarra,,Grape,FLAME,FLAME SEEDLESS,,B,BAG,1800.0,32400.0,,Invoice_Grape_Giumarra_1.xlsx [pre-loaded],2024 season - no dates available
,2024,,Giumarra,,Grape,FLAME,FLAME SEEDLESS,,B,BAG,180.0,3240.0,,Invoice_Grape_Giumarra_1.xlsx [pre-loaded],2024 season - no dates available
,2024,,Giumarra,,Grape,FLAME,FLAME SEEDLESS,,B,BAG,630.0,13860.0,,Invoice_Grape_Giumarra_1.xlsx [pre-loaded],2024 season - no dates available
,2024,,Giumarra,,Grape,FLAME,FLAME SEEDLESS,,B,BAG,360.0,7919.9999999999,,Invoice_Grape_Giumarra_1.xlsx [pre-loaded],2024 season - no dates available
,2024,,Giumarra,,Grape,SUMMER ROYAL,BLACK SEEDLESS,,B,BAG,90.0,1687.5,,Invoice_Grape_Giumarra_1.xlsx [pre-loaded],2024 season - no dates available
,2024,,Giumarra,,Grape,SUMMER ROYAL,BLACK SEEDLESS,,B,BAG,90.0,1687.5,,Invoice_Grape_Giumarra_1.xlsx [pre-loaded],2024 season - no dates available
,2024,,Giumarra,,Grape,SUMMER ROYAL,BLACK SEEDLESS,,B,BAG,90.0,1710.0,,Invoice_Grape_Giumarra_1.xlsx [pre-loaded],2024 season - no dates available
,2024,,Giumarra,,Grape,SUMMER ROYAL,BLACK SEEDLESS,,B,BAG,90.0,1687.5,,Invoice_Grape_Giumarra_1.xlsx [pre-loaded],2024 season - no dates available
,2024,,Giumarra,,Grape,SUMMER ROYAL,BLACK SEEDLESS,,B,BAG,810.0,15187.5,,Invoice_Grape_Giumarra_1.xlsx [pre-loaded],2024 season - no dates available
,2024,,Giumarra,,Grape,SUGAR DROP,WHITE SEEDLESS TYPE,,B,BAG,90.0,1710.0,,Invoice_Grape_Giumarra_1.xlsx [pre-loaded],2024 season - no dates available
,2024,,Giumarra,,Grape,SUGAR DROP,WHITE SEEDLESS TYPE,,B,BAG,180.0,2889.0,,Invoice_Grape_Giumarra_1.xlsx [pre-loaded],2024 season - no dates available
,2024,,Giumarra,,Grape,SUGAR DROP,WHITE SEEDLESS TYPE,,B,BAG,90.0,1710.0,,Invoice_Grape_Giumarra_1.xlsx [pre-loaded],2024 season - no dates available
,2024,,Giumarra,,Grape,SUGAR DROP,WHITE SEEDLESS TYPE,,B,BAG,178.0,2803.5,,Invoice_Grape_Giumarra_1.xlsx [pre-loaded],2024 season - no dates available
,2024,,Giumarra,,Grape,SUGAR DROP,WHITE SEEDLESS TYPE,,B,BAG,270.0,6210.0,,Invoice_Grape_Giumarra_1.xlsx [pre-loaded],2024 season - no dates available
,2024,,Giumarra,,Grape,SUGAR DROP,WHITE SEEDLESS TYPE,,B,BAG,630.0,14490.0,,Invoice_Grape_Giumarra_1.xlsx [pre-loaded],2024 season - no dates available
,2024,,Giumarra,,Grape,SUGAR DROP,WHITE SEEDLESS TYPE,,B,BAG,1799.9999999999,28349.9999999999,,Invoice_Grape_Giumarra_1.xlsx [pre-loaded],2024 season - no dates available
,2024,,Giumarra,,Grape,SUGAR DROP,WHITE SEEDLESS TYPE,,B,BAG,177.0,2840.85,,Invoice_Grape_Giumarra_1.xlsx [pre-loaded],2024 season - no dates available
,2024,,Giumarra,,Grape,SUGAR DROP,WHITE SEEDLESS TYPE,,A,BAG,90.0,1174.5,,Invoice_Grape_Giumarra_1.xlsx [pre-loaded],2024 season - no dates available
,2024,,Giumarra,,Grape,SUGAR DROP,WHITE SEEDLESS TYPE,,A,BAG,90.0,1174.5,,Invoice_Grape_Giumarra_1.xlsx [pre-loaded],2024 season - no dates available
,2024,,Giumarra,,Grape,SUGAR DROP,WHITE SEEDLESS TYPE,,A,BAG,900.0,12600.0,,Invoice_Grape_Giumarra_1.xlsx [pre-loaded],2024 season - no dates available
,2024,,Giumarra,,Grape,SUGAR DROP,WHITE SEEDLESS TYPE,,B,BAG,1620.0,26001.0,,Invoice_Grape_Giumarra_1.xlsx [pre-loaded],2024 season - no dates available
,2024,,Giumarra,,Grape,SUGAR DROP,WHITE SEEDLESS TYPE,,B,BAG,1080.0,18360.0,,Invoice_Grape_Giumarra_1.xlsx [pre-loaded],2024 season - no dates available
,2024,,Giumarra,,Grape,SUGAR DROP,WHITE SEEDLESS TYPE,,B,BAG,1350.0,21667.5,,Invoice_Grape_Giumarra_1.xlsx [pre-loaded],2024 season - no dates available
,2024,,Giumarra,,Grape,HONEY POP,WHITE SEEDLESS TYPE,,B,BAG,90.0,2250.0,,Invoice_Grape_Giumarra_1.xlsx [pre-loaded],2024 season - no dates available
,2024,,Giumarra,,Grape,HONEY POP,WHITE SEEDLESS TYPE,,B,BAG,1620.0,40500.0,,Invoice_Grape_Giumarra_1.xlsx [pre-loaded],2024 season - no dates available
,2024,,Giumarra,,Grape,HONEY POP,WHITE SEEDLESS TYPE,,B,BAG,450.0,11250.0,,Invoice_Grape_Giumarra_1.xlsx [pre-loaded],2024 season - no dates available
,2024,,Giumarra,,Grape,HONEY POP,WHITE SEEDLESS TYPE,,B,BAG,540.0,16605.0,,Invoice_Grape_Giumarra_1.xlsx [pre-loaded],2024 season - no dates available
,2024,,Giumarra,,Grape,HONEY POP,WHITE SEEDLESS TYPE,,B,BAG,90.0,2407.5,,Invoice_Grape_Giumarra_1.xlsx [pre-loaded],2024 season - no dates available
,2024,,Giumarra,,Grape,HONEY POP,WHITE SEEDLESS TYPE,,B,BAG,90.0,2407.5,,Invoice_Grape_Giumarra_1.xlsx [pre-loaded],2024 season - no dates available
,2024,,Giumarra,,Grape,HONEY POP,WHITE SEEDLESS TYPE,,B,BAG,90.0,2047.5,,Invoice_Grape_Giumarra_1.xlsx [pre-loaded],2024 season - no dates available
,2024,,Giumarra,,Grape,HONEY POP,WHITE SEEDLESS TYPE,,B,BAG,270.0,7222.5,,Invoice_Grape_Giumarra_1.xlsx [pre-loaded],2024 season - no dates available
,2024,,Giumarra,,Grape,HONEY POP,WHITE SEEDLESS TYPE,,B,BAG,90.0,1867.5,,Invoice_Grape_Giumarra_1.xlsx [pre-loaded],2024 season - no dates available
,2024,,Giumarra,,Grape,HONEY POP,WHITE SEEDLESS TYPE,,B,BAG,180.0,3420.0,,Invoice_Grape_Giumarra_1.xlsx [pre-loaded],2024 season - no dates available
,2024,,Giumarra,,Grape,HONEY POP,WHITE SEEDLESS TYPE,,B,BAG,90.0,1849.5,,Invoice_Grape_Giumarra_1.xlsx [pre-loaded],2024 season - no dates available
,2024,,Giumarra,,Grape,HONEY POP,WHITE SEEDLESS TYPE,,B,BAG,1980.0,41085.0,,Invoice_Grape_Giumarra_1.xlsx [pre-loaded],2024 season - no dates available
,2024,,Giumarra,,Grape,HONEY POP,WHITE SEEDLESS TYPE,,B,BAG,1620.0,33614.9999999999,,Invoice_Grape_Giumarra_1.xlsx [pre-loaded],2024 season - no dates available
,2024,,Giumarra,,Grape,HONEY POP,WHITE SEEDLESS TYPE,,B,BAG,90.0,2047.5,,Invoice_Grape_Giumarra_1.xlsx [pre-loaded],2024 season - no dates available
,2024,,Giumarra,,Grape,HONEY POP,WHITE SEEDLESS TYPE,,B,BAG,270.0,5548.5,,Invoice_Grape_Giumarra_1.xlsx [pre-loaded],2024 season - no dates available
,2024,,Giumarra,,Grape,HONEY POP,WHITE SEEDLESS TYPE,,B,BAG,993.0,16881.0,,Invoice_Grape_Giumarra_1.xlsx [pre-loaded],2024 season - no dates available
,2024,,Giumarra,,Grape,HONEY POP,WHITE SEEDLESS TYPE,,B,BAG,360.0,7218.0,,Invoice_Grape_Giumarra_1.xlsx [pre-loaded],2024 season - no dates available
,2024,,Giumarra,,Grape,HONEY POP,WHITE SEEDLESS TYPE,,B,BAG,810.0,16645.5,,Invoice_Grape_Giumarra_1.xlsx [pre-loaded],2024 season - no dates available
,2024,,Giumarra,,Grape,HONEY POP,WHITE SEEDLESS TYPE,,B,BAG,900.0,16631.9999999998,,Invoice_Grape_Giumarra_1.xlsx [pre-loaded],2024 season - no dates available
,2024,,Giumarra,,Grape,HONEY POP,WHITE SEEDLESS TYPE,,B,BAG,90.0,1663.2,,Invoice_Grape_Giumarra_1.xlsx [pre-loaded],2024 season - no dates available
,2024,,Giumarra,,Grape,EARLY SWEET,WHITE SEEDLESS TYPE,,B,BAG,89.9999999999,2407.5,,Invoice_Grape_Giumarra_1.xlsx [pre-loaded],2024 season - no dates available
,2024,,Giumarra,,Grape,EARLY SWEET,WHITE SEEDLESS TYPE,,B,CLAM,400.0,12400.0,,Invoice_Grape_Giumarra_1.xlsx [pre-loaded],2024 season - no dates available
,2024,,Giumarra,,Grape,EARLY SWEET,WHITE SEEDLESS TYPE,,B,BAG,540.0,10260.0,,Invoice_Grape_Giumarra_1.xlsx [pre-loaded],2024 season - no dates available
,2024,,Giumarra,,Grape,EARLY SWEET,WHITE SEEDLESS TYPE,,B,CLAM,160.0,4960.0,,Invoice_Grape_Giumarra_1.xlsx [pre-loaded],2024 season - no dates available
,2024,,Giumarra,,Grape,EARLY SWEET,WHITE SEEDLESS TYPE,,B,BAG,90.0,1530.0,,Invoice_Grape_Giumarra_1.xlsx [pre-loaded],2024 season - no dates available
,2024,,Giumarra,,Grape,EARLY SWEET,WHITE SEEDLESS TYPE,,B,BAG,90.0,2407.5,,Invoice_Grape_Giumarra_1.xlsx [pre-loaded],2024 season - no dates available
,2024,,Giumarra,,Grape,EARLY SWEET,WHITE SEEDLESS TYPE,,B,BAG,630.0,14490.0,,Invoice_Grape_Giumarra_1.xlsx [pre-loaded],2024 season - no dates available
,2024,,Giumarra,,Grape,EARLY SWEET,WHITE SEEDLESS TYPE,,B,BAG,360.0,5400.0,,Invoice_Grape_Giumarra_1.xlsx [pre-loaded],2024 season - no dates available
,2024,,Giumarra,,Grape,ARRA_83,WHITE SEEDLESS TYPE,,B,BAG,90.0,2587.5,,Invoice_Grape_Giumarra_1.xlsx [pre-loaded],2024 season - no dates available
,2024,,Giumarra,,Grape,FLAME,FLAME SEEDLESS,,B,BAG,1260.0,31500.0,,Invoice_Grape_Giumarra_1.xlsx [pre-loaded],2024 season - no dates available
,2024,,Giumarra,,Grape,FLAME,FLAME SEEDLESS,,B,BAG,720.0,11916.0,,Invoice_Grape_Giumarra_1.xlsx [pre-loaded],2024 season - no dates available
,2024,,Giumarra,,Grape,FLAME,FLAME SEEDLESS,,B,BAG,90.0,2250.0,,Invoice_Grape_Giumarra_1.xlsx [pre-loaded],2024 season - no dates available
,2024,,Giumarra,,Grape,FLAME,FLAME SEEDLESS,,A,BAG,90.0,2407.5,,Invoice_Grape_Giumarra_1.xlsx [pre-loaded],2024 season - no dates available
,2024,,Giumarra,,Grape,FLAME,FLAME SEEDLESS,,B,BAG,180.0,4860.0,,Invoice_Grape_Giumarra_1.xlsx [pre-loaded],2024 season - no dates available
,2024,,Giumarra,,Grape,FLAME,FLAME SEEDLESS,,B,BAG,90.0,1219.5,,Invoice_Grape_Giumarra_1.xlsx [pre-loaded],2024 season - no dates available
,2024,,Giumarra,,Grape,FLAME,FLAME SEEDLESS,,B,BAG,90.0,1444.5,,Invoice_Grape_Giumarra_1.xlsx [pre-loaded],2024 season - no dates available
,2024,,Giumarra,,Grape,FLAME,FLAME SEEDLESS,,B,BAG,1080.0,15120.0,,Invoice_Grape_Giumarra_1.xlsx [pre-loaded],2024 season - no dates available
,2024,,Giumarra,,Grape,SUMMER ROYAL,BLACK SEEDLESS,,B,BAG,180.0,4860.0,,Invoice_Grape_Giumarra_1.xlsx [pre-loaded],2024 season - no dates available
,2024,,Giumarra,,Grape,SUGAR DROP,WHITE SEEDLESS TYPE,,B,BAG,1170.0,19890.0,,Invoice_Grape_Giumarra_1.xlsx [pre-loaded],2024 season - no dates available
,2024,,Giumarra,,Grape,SUGAR DROP,WHITE SEEDLESS TYPE,,B,BAG,539.9999999999,10827.0,,Invoice_Grape_Giumarra_1.xlsx [pre-loaded],2024 season - no dates available
,2024,,Giumarra,,Grape,SUGAR DROP,WHITE SEEDLESS TYPE,,B,BAG,1530.0,49036.5,,Invoice_Grape_Giumarra_1.xlsx [pre-loaded],2024 season - no dates available
,2024,,Giumarra,,Grape,SUGAR DROP,WHITE SEEDLESS TYPE,,B,BAG,1170.0,37498.5,,Invoice_Grape_Giumarra_1.xlsx [pre-loaded],2024 season - no dates available
,2024,,Giumarra,,Grape,SUGAR DROP,WHITE SEEDLESS TYPE,,B,BAG,630.0,12631.5,,Invoice_Grape_Giumarra_1.xlsx [pre-loaded],2024 season - no dates available
,2024,,Giumarra,,Grape,SUGAR DROP,WHITE SEEDLESS TYPE,,B,BAG,360.0,9630.0,,Invoice_Grape_Giumarra_1.xlsx [pre-loaded],2024 season - no dates available
,2024,,Giumarra,,Grape,SUGAR DROP,WHITE SEEDLESS TYPE,,B,BAG,990.0,19849.5,,Invoice_Grape_Giumarra_1.xlsx [pre-loaded],2024 season - no dates available
,2024,,Giumarra,,Grape,SUGAR DROP,WHITE SEEDLESS TYPE,,B,BAG,1979.9999999999,63459.0,,Invoice_Grape_Giumarra_1.xlsx [pre-loaded],2024 season - no dates available
,2024,,Giumarra,,Grape,SUGAR DROP,WHITE SEEDLESS TYPE,,B,BAG,269.9999999999,6142.5,,Invoice_Grape_Giumarra_1.xlsx [pre-loaded],2024 season - no dates available
,2024,,Giumarra,,Grape,SUGAR DROP,WHITE SEEDLESS TYPE,,B,BAG,1980.0,33660.0,,Invoice_Grape_Giumarra_1.xlsx [pre-loaded],2024 season - no dates available
,2024,,Giumarra,,Grape,SUGAR DROP,WHITE SEEDLESS TYPE,,B,BAG,1890.0,32130.0,,Invoice_Grape_Giumarra_1.xlsx [pre-loaded],2024 season - no dates available
,2024,,Giumarra,,Grape,HONEY POP,WHITE SEEDLESS TYPE,,B,BAG,1530.0,34838.1,,Invoice_Grape_Giumarra_1.xlsx [pre-loaded],2024 season - no dates available
,2024,,Giumarra,,Grape,HONEY POP,WHITE SEEDLESS TYPE,,B,BAG,360.0,9720.0,,Invoice_Grape_Giumarra_1.xlsx [pre-loaded],2024 season - no dates available
,2024,,Giumarra,,Grape,HONEY POP,WHITE SEEDLESS TYPE,,B,BAG,1080.0,24840.0,,Invoice_Grape_Giumarra_1.xlsx [pre-loaded],2024 season - no dates available
,2024,,Giumarra,,Grape,HONEY POP,WHITE SEEDLESS TYPE,,B,BAG,899.9999999999,20700.0,,Invoice_Grape_Giumarra_1.xlsx [pre-loaded],2024 season - no dates available
,2024,,Giumarra,,Grape,HONEY POP,WHITE SEEDLESS TYPE,,B,BAG,1260.0,28980.0,,Invoice_Grape_Giumarra_1.xlsx [pre-loaded],2024 season - no dates available
,2024,,Giumarra,,Grape,HONEY POP,WHITE SEEDLESS TYPE,,B,BAG,360.0,8838.0,,Invoice_Grape_Giumarra_1.xlsx [pre-loaded],2024 season - no dates available
,2024,,Giumarra,,Grape,HONEY POP,WHITE SEEDLESS TYPE,,B,BAG,89.9999999999,2047.5,,Invoice_Grape_Giumarra_1.xlsx [pre-loaded],2024 season - no dates available
,2024,,Giumarra,,Grape,HONEY POP,WHITE SEEDLESS TYPE,,B,BAG,810.0,20249.9999999999,,Invoice_Grape_Giumarra_1.xlsx [pre-loaded],2024 season - no dates available
,2024,,Giumarra,,Grape,HONEY POP,WHITE SEEDLESS TYPE,,B,BAG,89.9999999999,2047.5,,Invoice_Grape_Giumarra_1.xlsx [pre-loaded],2024 season - no dates available
,2024,,Giumarra,,Grape,HONEY POP,WHITE SEEDLESS TYPE,,B,BAG,540.0,13257.0,,Invoice_Grape_Giumarra_1.xlsx [pre-loaded],2024 season - no dates available
,2024,,Giumarra,,Grape,HONEY POP,WHITE SEEDLESS TYPE,,B,BAG,89.9999999999,1849.5,,Invoice_Grape_Giumarra_1.xlsx [pre-loaded],2024 season - no dates available
,2024,,Giumarra,,Grape,HONEY POP,WHITE SEEDLESS TYPE,,B,BAG,180.0,4320.0,,Invoice_Grape_Giumarra_1.xlsx [pre-loaded],2024 season - no dates available
,2024,,Giumarra,,Grape,HONEY POP,WHITE SEEDLESS TYPE,,B,BAG,180.0,4095.0,,Invoice_Grape_Giumarra_1.xlsx [pre-loaded],2024 season - no dates available
,2024,,Giumarra,,Grape,HONEY POP,WHITE SEEDLESS TYPE,,B,BAG,89.9999999999,2160.0,,Invoice_Grape_Giumarra_1.xlsx [pre-loaded],2024 season - no dates available
,2024,,Giumarra,,Grape,HONEY POP,WHITE SEEDLESS TYPE,,B,BAG,89.9999999999,2047.5,,Invoice_Grape_Giumarra_1.xlsx [pre-loaded],2024 season - no dates available
,2024,,Giumarra,,Grape,HONEY POP,WHITE SEEDLESS TYPE,,B,BAG,720.0,14796.0,,Invoice_Grape_Giumarra_1.xlsx [pre-loaded],2024 season - no dates available
,2024,,Giumarra,,Grape,HONEY POP,WHITE SEEDLESS TYPE,,B,BAG,990.0,18295.2,,Invoice_Grape_Giumarra_1.xlsx [pre-loaded],2024 season - no dates available
,2024,,Giumarra,,Grape,EARLY SWEET,WHITE SEEDLESS TYPE,,B,BAG,90.0,1800.0,,Invoice_Grape_Giumarra_1.xlsx [pre-loaded],2024 season - no dates available
,2024,,Giumarra,,Grape,EARLY SWEET,WHITE SEEDLESS TYPE,,B,BAG,360.0,8999.9999999999,,Invoice_Grape_Giumarra_1.xlsx [pre-loaded],2024 season - no dates available
,2024,,Giumarra,,Grape,EARLY SWEET,WHITE SEEDLESS TYPE,,B,BAG,720.0,18000.0,,Invoice_Grape_Giumarra_1.xlsx [pre-loaded],2024 season - no dates available
,2024,,Giumarra,,Grape,EARLY SWEET,WHITE SEEDLESS TYPE,,B,BAG,270.0,6155.9999999999,,Invoice_Grape_Giumarra_1.xlsx [pre-loaded],2024 season - no dates available
,2024,,Giumarra,,Grape,EARLY SWEET,WHITE SEEDLESS TYPE,,B,BAG,90.0,2809.8,,Invoice_Grape_Giumarra_1.xlsx [pre-loaded],2024 season - no dates available
,2024,,Giumarra,,Grape,EARLY SWEET,WHITE SEEDLESS TYPE,,B,BAG,360.0,11239.2,,Invoice_Grape_Giumarra_1.xlsx [pre-loaded],2024 season - no dates available
,2024,,Giumarra,,Grape,EARLY SWEET,WHITE SEEDLESS TYPE,,B,BAG,900.0,28098.0,,Invoice_Grape_Giumarra_1.xlsx [pre-loaded],2024 season - no dates available
,2024,,Giumarra,,Grape,EARLY SWEET,WHITE SEEDLESS TYPE,,B,CLAM,480.0,14880.0,,Invoice_Grape_Giumarra_1.xlsx [pre-loaded],2024 season - no dates available
,2024,,Giumarra,,Grape,EARLY SWEET,WHITE SEEDLESS TYPE,,B,BAG,270.0,6210.0,,Invoice_Grape_Giumarra_1.xlsx [pre-loaded],2024 season - no dates available
,2024,,Giumarra,,Grape,EARLY SWEET,WHITE SEEDLESS TYPE,,B,BAG,450.0,8550.0,,Invoice_Grape_Giumarra_1.xlsx [pre-loaded],2024 season - no dates available
,2024,,Giumarra,,Grape,EARLY SWEET,WHITE SEEDLESS TYPE,,B,BAG,450.0,14049.0,,Invoice_Grape_Giumarra_1.xlsx [pre-loaded],2024 season - no dates available
,2024,,Giumarra,,Grape,EARLY SWEET,WHITE SEEDLESS TYPE,,B,BAG,720.0,18000.0,,Invoice_Grape_Giumarra_1.xlsx [pre-loaded],2024 season - no dates available
,2024,,Giumarra,,Grape,EARLY SWEET,WHITE SEEDLESS TYPE,,B,BAG,720.0,16416.0,,Invoice_Grape_Giumarra_1.xlsx [pre-loaded],2024 season - no dates available
,2024,,Giumarra,,Grape,EARLY SWEET,WHITE SEEDLESS TYPE,,B,BAG,720.0,16560.0,,Invoice_Grape_Giumarra_1.xlsx [pre-loaded],2024 season - no dates available
,2024,,Giumarra,,Grape,EARLY SWEET,WHITE SEEDLESS TYPE,,B,BAG,180.0,4815.0,,Invoice_Grape_Giumarra_1.xlsx [pre-loaded],2024 season - no dates available
,2024,,Giumarra,,Grape,FLAME,FLAME SEEDLESS,,B,BAG,900.0,28098.0,,Invoice_Grape_Giumarra_1.xlsx [pre-loaded],2024 season - no dates available
,2024,,Giumarra,,Grape,FLAME,FLAME SEEDLESS,,B,BAG,900.0,28098.0,,Invoice_Grape_Giumarra_1.xlsx [pre-loaded],2024 season - no dates available
,2024,,Giumarra,,Grape,FLAME,FLAME SEEDLESS,,A,BAG,450.0,14422.5,,Invoice_Grape_Giumarra_1.xlsx [pre-loaded],2024 season - no dates available
,2024,,Giumarra,,Grape,FLAME,FLAME SEEDLESS,,A,BAG,270.0,4873.5,,Invoice_Grape_Giumarra_1.xlsx [pre-loaded],2024 season - no dates available
,2024,,Giumarra,,Grape,FLAME,FLAME SEEDLESS,,B,BAG,1800.0,45000.0,,Invoice_Grape_Giumarra_1.xlsx [pre-loaded],2024 season - no dates available
,2024,,Giumarra,,Grape,FLAME,FLAME SEEDLESS,,B,BAG,269.9999999999,6147.900000000001,,Invoice_Grape_Giumarra_1.xlsx [pre-loaded],2024 season - no dates available
,2024,,Giumarra,,Grape,FLAME,FLAME SEEDLESS,,B,BAG,540.0,13500.0,,Invoice_Grape_Giumarra_1.xlsx [pre-loaded],2024 season - no dates available
,2024,,Giumarra,,Grape,FLAME,FLAME SEEDLESS,,B,BAG,720.0,16416.0,,Invoice_Grape_Giumarra_1.xlsx [pre-loaded],2024 season - no dates available
,2024,,Giumarra,,Grape,FLAME,FLAME SEEDLESS,,B,BAG,990.0,22770.0,,Invoice_Grape_Giumarra_1.xlsx [pre-loaded],2024 season - no dates available
,2024,,Giumarra,,Grape,FLAME,FLAME SEEDLESS,,A,BAG,450.0,8122.5,,Invoice_Grape_Giumarra_1.xlsx [pre-loaded],2024 season - no dates available
,2024,,Giumarra,,Grape,FLAME,FLAME SEEDLESS,,A,BAG,450.0,8122.5,,Invoice_Grape_Giumarra_1.xlsx [pre-loaded],2024 season - no dates available
,2024,,Giumarra,,Grape,FLAME,FLAME SEEDLESS,,B,BAG,90.0,2430.0,,Invoice_Grape_Giumarra_1.xlsx [pre-loaded],2024 season - no dates available
,2024,,Giumarra,,Grape,FLAME,FLAME SEEDLESS,,B,BAG,360.0,8280.0,,Invoice_Grape_Giumarra_1.xlsx [pre-loaded],2024 season - no dates available
,2024,,Giumarra,,Grape,FLAME,FLAME SEEDLESS,,A,BAG,90.0,1624.5,,Invoice_Grape_Giumarra_1.xlsx [pre-loaded],2024 season - no dates available
,2024,,Giumarra,,Grape,FLAME,FLAME SEEDLESS,,B,BAG,990.0,22770.0,,Invoice_Grape_Giumarra_1.xlsx [pre-loaded],2024 season - no dates available
,2024,,Giumarra,,Grape,FLAME,FLAME SEEDLESS,,B,BAG,360.0,9720.0,,Invoice_Grape_Giumarra_1.xlsx [pre-loaded],2024 season - no dates available
,2024,,Giumarra,,Grape,FLAME,FLAME SEEDLESS,,B,BAG,180.0,4455.0,,Invoice_Grape_Giumarra_1.xlsx [pre-loaded],2024 season - no dates available
,2024,,Giumarra,,Grape,FLAME,FLAME SEEDLESS,,B,BAG,90.0,2407.5,,Invoice_Grape_Giumarra_1.xlsx [pre-loaded],2024 season - no dates available
,2024,,Giumarra,,Grape,FLAME,FLAME SEEDLESS,,B,BAG,90.0,1890.0,,Invoice_Grape_Giumarra_1.xlsx [pre-loaded],2024 season - no dates available
,2024,,Giumarra,,Grape,FLAME,FLAME SEEDLESS,,B,BAG,89.9999999999,2227.5,,Invoice_Grape_Giumarra_1.xlsx [pre-loaded],2024 season - no dates available
,2024,,Giumarra,,Grape,SUMMER ROYAL,BLACK SEEDLESS,,B,BAG,89.0,2956.58,,Invoice_Grape_Giumarra_1.xlsx [pre-loaded],2024 season - no dates available
,2024,,Giumarra,,Grape,SUMMER ROYAL,BLACK SEEDLESS,,B,BAG,90.0,2989.8,,Invoice_Grape_Giumarra_1.xlsx [pre-loaded],2024 season - no dates available
,2024,,Giumarra,,Grape,SUMMER ROYAL,BLACK SEEDLESS,,B,BAG,90.0,2070.0,,Invoice_Grape_Giumarra_1.xlsx [pre-loaded],2024 season - no dates available
,2024,,Giumarra,,Grape,SUMMER ROYAL,BLACK SEEDLESS,,B,BAG,180.0,4500.0,,Invoice_Grape_Giumarra_1.xlsx [pre-loaded],2024 season - no dates available
,2024,,Giumarra,,Grape,SUMMER ROYAL,BLACK SEEDLESS,,B,BAG,180.0,4104.0,,Invoice_Grape_Giumarra_1.xlsx [pre-loaded],2024 season - no dates available
,2024,,Giumarra,,Grape,SUMMER ROYAL,BLACK SEEDLESS,,B,BAG,270.0,6210.0,,Invoice_Grape_Giumarra_1.xlsx [pre-loaded],2024 season - no dates available
,2024,,Giumarra,,Grape,SUMMER ROYAL,BLACK SEEDLESS,,B,BAG,45.0,1293.75,,Invoice_Grape_Giumarra_1.xlsx [pre-loaded],2024 season - no dates available
,2024,,Giumarra,,Grape,SUGAR DROP,WHITE SEEDLESS TYPE,,B,BAG,1979.9999999998,35145.0,,Invoice_Grape_Giumarra_1.xlsx [pre-loaded],2024 season - no dates available
,2024,,Giumarra,,Grape,SUGAR DROP,WHITE SEEDLESS TYPE,,B,BAG,180.0,3195.0,,Invoice_Grape_Giumarra_1.xlsx [pre-loaded],2024 season - no dates available
,2024,,Giumarra,,Grape,SUGAR DROP,WHITE SEEDLESS TYPE,,B,BAG,180.0,3195.0,,Invoice_Grape_Giumarra_1.xlsx [pre-loaded],2024 season - no dates available
,2024,,Giumarra,,Grape,SUGAR DROP,WHITE SEEDLESS TYPE,,B,BAG,450.0,8414.9999999999,,Invoice_Grape_Giumarra_1.xlsx [pre-loaded],2024 season - no dates available
,2024,,Giumarra,,Grape,SUGAR DROP,WHITE SEEDLESS TYPE,,B,BAG,90.0,1683.0,,Invoice_Grape_Giumarra_1.xlsx [pre-loaded],2024 season - no dates available
,2024,,Giumarra,,Grape,SUGAR DROP,WHITE SEEDLESS TYPE,,B,BAG,540.0,10098.0,,Invoice_Grape_Giumarra_1.xlsx [pre-loaded],2024 season - no dates available
,2024,,Giumarra,,Grape,SUGAR DROP,WHITE SEEDLESS TYPE,,B,BAG,900.0,16829.9999999999,,Invoice_Grape_Giumarra_1.xlsx [pre-loaded],2024 season - no dates available
,2024,,Giumarra,,Grape,SUGAR DROP,WHITE SEEDLESS TYPE,,B,BAG,1980.0,37639.8,,Invoice_Grape_Giumarra_1.xlsx [pre-loaded],2024 season - no dates available
,2024,,Giumarra,,Grape,HONEY POP,WHITE SEEDLESS TYPE,,B,BAG,90.0,2070.0,,Invoice_Grape_Giumarra_1.xlsx [pre-loaded],2024 season - no dates available
,2024,,Giumarra,,Grape,HONEY POP,WHITE SEEDLESS TYPE,,B,BAG,1440.0,28872.0,,Invoice_Grape_Giumarra_1.xlsx [pre-loaded],2024 season - no dates available
,2024,,Giumarra,,Grape,FLAME,FLAME SEEDLESS,,B,BAG,90.0,1530.0,,Invoice_Grape_Giumarra_1.xlsx [pre-loaded],2024 season - no dates available
,2024,,Giumarra,,Grape,PASSION FIRE,BLACK SEEDLESS,,B,BAG,540.0,11340.0,,Invoice_Grape_Giumarra_1.xlsx [pre-loaded],2024 season - no dates available
,2024,,Giumarra,,Grape,PASSION FIRE,BLACK SEEDLESS,,B,BAG,1710.0,35909.9999999999,,Invoice_Grape_Giumarra_1.xlsx [pre-loaded],2024 season - no dates available
,2024,,Giumarra,,Grape,PASSION FIRE,BLACK SEEDLESS,,B,BAG,90.0,1890.0,,Invoice_Grape_Giumarra_1.xlsx [pre-loaded],2024 season - no dates available
,2024,,Giumarra,,Grape,PASSION FIRE,BLACK SEEDLESS,,B,BAG,90.0,1890.0,,Invoice_Grape_Giumarra_1.xlsx [pre-loaded],2024 season - no dates available
,2024,,Giumarra,,Grape,PASSION FIRE,BLACK SEEDLESS,,B,BAG,90.0,1890.0,,Invoice_Grape_Giumarra_1.xlsx [pre-loaded],2024 season - no dates available
,2024,,Giumarra,,Grape,PASSION FIRE,BLACK SEEDLESS,,B,BAG,450.0,9450.0,,Invoice_Grape_Giumarra_1.xlsx [pre-loaded],2024 season - no dates available
,2024,,Giumarra,,Grape,PASSION FIRE,BLACK SEEDLESS,,A,BAG,900.0,19845.0,,Invoice_Grape_Giumarra_1.xlsx [pre-loaded],2024 season - no dates available
,2024,,Giumarra,,Grape,PASSION FIRE,BLACK SEEDLESS,,A,BAG,1080.0,23814.0,,Invoice_Grape_Giumarra_1.xlsx [pre-loaded],2024 season - no dates available
,2024,,Giumarra,,Grape,PASSION FIRE,BLACK SEEDLESS,,B,BAG,264.9999999999,5498.75,,Invoice_Grape_Giumarra_1.xlsx [pre-loaded],2024 season - no dates available
,2024,,Giumarra,,Grape,PASSION FIRE,BLACK SEEDLESS,,B,BAG,425.0,8818.7499999999,,Invoice_Grape_Giumarra_1.xlsx [pre-loaded],2024 season - no dates available
,2024,,Giumarra,,Grape,PASSION FIRE,BLACK SEEDLESS,,B,BAG,1190.0,24692.5,,Invoice_Grape_Giumarra_1.xlsx [pre-loaded],2024 season - no dates available
,2024,,Giumarra,,Grape,SUGAR DROP,WHITE SEEDLESS TYPE,,B,CLAM,300.0,7200.0,,Invoice_Grape_Giumarra_1.xlsx [pre-loaded],2024 season - no dates available
,2024,,Giumarra,,Grape,SUGAR DROP,WHITE SEEDLESS TYPE,,B,BAG,720.0,12960.0,,Invoice_Grape_Giumarra_1.xlsx [pre-loaded],2024 season - no dates available
,2024,,Giumarra,,Grape,SUGAR DROP,WHITE SEEDLESS TYPE,,B,BAG,340.0,6460.0,,Invoice_Grape_Giumarra_1.xlsx [pre-loaded],2024 season - no dates available
,2024,,Giumarra,,Grape,EARLY SWEET,WHITE SEEDLESS TYPE,,A,BAG,539.9999999999,7019.9999999999,,Invoice_Grape_Giumarra_1.xlsx [pre-loaded],2024 season - no dates available
,2024,,Giumarra,,Grape,EARLY SWEET,WHITE SEEDLESS TYPE,,A,BAG,540.0,9045.0,,Invoice_Grape_Giumarra_1.xlsx [pre-loaded],2024 season - no dates available
,2024,,Giumarra,,Grape,EARLY SWEET,WHITE SEEDLESS TYPE,,A,BAG,630.0,8190.0,,Invoice_Grape_Giumarra_1.xlsx [pre-loaded],2024 season - no dates available
,2024,,Giumarra,,Grape,EARLY SWEET,WHITE SEEDLESS TYPE,,A,BAG,90.0,1710.0,,Invoice_Grape_Giumarra_1.xlsx [pre-loaded],2024 season - no dates available
,2024,,Giumarra,,Grape,EARLY SWEET,WHITE SEEDLESS TYPE,,A,BAG,270.0,3510.0,,Invoice_Grape_Giumarra_1.xlsx [pre-loaded],2024 season - no dates available
,2024,,Giumarra,,Grape,EARLY SWEET,WHITE SEEDLESS TYPE,,A,BAG,810.0,10530.0,,Invoice_Grape_Giumarra_1.xlsx [pre-loaded],2024 season - no dates available
,2024,,Giumarra,,Grape,EARLY SWEET,WHITE SEEDLESS TYPE,,B,BAG,810.0,15390.0,,Invoice_Grape_Giumarra_1.xlsx [pre-loaded],2024 season - no dates available
,2024,,Giumarra,,Grape,EARLY SWEET,WHITE SEEDLESS TYPE,,A,BAG,180.0,3420.0,,Invoice_Grape_Giumarra_1.xlsx [pre-loaded],2024 season - no dates available
,2024,,Giumarra,,Grape,EARLY SWEET,WHITE SEEDLESS TYPE,,A,BAG,180.0,3420.0,,Invoice_Grape_Giumarra_1.xlsx [pre-loaded],2024 season - no dates available
,2024,,Giumarra,,Grape,EARLY SWEET,WHITE SEEDLESS TYPE,,A,BAG,90.0,1710.0,,Invoice_Grape_Giumarra_1.xlsx [pre-loaded],2024 season - no dates available
,2024,,Giumarra,,Grape,ARRA_83,WHITE SEEDLESS TYPE,,B,BAG,90.0,2070.0,,Invoice_Grape_Giumarra_1.xlsx [pre-loaded],2024 season - no dates available
,2024,,Giumarra,,Grape,FLAME,FLAME SEEDLESS,,B,BAG,450.0,7650.0,,Invoice_Grape_Giumarra_1.xlsx [pre-loaded],2024 season - no dates available
,2024,,Giumarra,,Grape,FLAME,FLAME SEEDLESS,,B,BAG,270.0,4590.0,,Invoice_Grape_Giumarra_1.xlsx [pre-loaded],2024 season - no dates available
,2024,,Giumarra,,Grape,FLAME,FLAME SEEDLESS,,B,BAG,1360.0,27268.0,,Invoice_Grape_Giumarra_1.xlsx [pre-loaded],2024 season - no dates available
,2024,,Giumarra,,Grape,FLAME,FLAME SEEDLESS,,A,BAG,90.0,1440.0,,Invoice_Grape_Giumarra_1.xlsx [pre-loaded],2024 season - no dates available
,2024,,Giumarra,,Grape,FLAME,FLAME SEEDLESS,,A,BAG,90.0,1440.0,,Invoice_Grape_Giumarra_1.xlsx [pre-loaded],2024 season - no dates available
,2024,,Giumarra,,Grape,PASSION FIRE,BLACK SEEDLESS,,B,BAG,180.0,3078.0,,Invoice_Grape_Giumarra_1.xlsx [pre-loaded],2024 season - no dates available
,2024,,Giumarra,,Grape,PASSION FIRE,BLACK SEEDLESS,,B,BAG,1350.0,31050.0,,Invoice_Grape_Giumarra_1.xlsx [pre-loaded],2024 season - no dates available
,2024,,Giumarra,,Grape,PASSION FIRE,BLACK SEEDLESS,,B,BAG,1260.0,21420.0,,Invoice_Grape_Giumarra_1.xlsx [pre-loaded],2024 season - no dates available
,2024,,Giumarra,,Grape,PASSION FIRE,BLACK SEEDLESS,,B,BAG,900.0,15300.0,,Invoice_Grape_Giumarra_1.xlsx [pre-loaded],2024 season - no dates available
,2024,,Giumarra,,Grape,PASSION FIRE,BLACK SEEDLESS,,B,BAG,360.0,6119.9999999999,,Invoice_Grape_Giumarra_1.xlsx [pre-loaded],2024 season - no dates available
,2024,,Giumarra,,Grape,PASSION FIRE,BLACK SEEDLESS,,B,BAG,349.9999999999,8049.9999999999,,Invoice_Grape_Giumarra_1.xlsx [pre-loaded],2024 season - no dates available
,2024,,Giumarra,,Grape,PASSION FIRE,BLACK SEEDLESS,,B,BAG,360.0,8280.0,,Invoice_Grape_Giumarra_1.xlsx [pre-loaded],2024 season - no dates available
,2024,,Giumarra,,Grape,PASSION FIRE,BLACK SEEDLESS,,B,BAG,810.0,18630.0,,Invoice_Grape_Giumarra_1.xlsx [pre-loaded],2024 season - no dates available
,2024,,Giumarra,,Grape,PASSION FIRE,BLACK SEEDLESS,,B,BAG,85.0,1534.25,,Invoice_Grape_Giumarra_1.xlsx [pre-loaded],2024 season - no dates available
,2024,,Giumarra,,Grape,PASSION FIRE,BLACK SEEDLESS,,B,BAG,1020.0,23460.0,,Invoice_Grape_Giumarra_1.xlsx [pre-loaded],2024 season - no dates available
,2024,,Giumarra,,Grape,PASSION FIRE,BLACK SEEDLESS,,B,BAG,170.0,3910.0,,Invoice_Grape_Giumarra_1.xlsx [pre-loaded],2024 season - no dates available
,2024,,Giumarra,,Grape,PASSION FIRE,BLACK SEEDLESS,,B,BAG,1529.9999999998,27616.5,,Invoice_Grape_Giumarra_1.xlsx [pre-loaded],2024 season - no dates available
,2024,,Giumarra,,Grape,PASSION FIRE,BLACK SEEDLESS,,A,BAG,85.0,1360.0,,Invoice_Grape_Giumarra_1.xlsx [pre-loaded],2024 season - no dates available
,2024,,Giumarra,,Grape,HONEY POP,WHITE SEEDLESS TYPE,,B,BAG,89.9999999999,1890.0,,Invoice_Grape_Giumarra_1.xlsx [pre-loaded],2024 season - no dates available
,2024,,Giumarra,,Grape,HONEY POP,WHITE SEEDLESS TYPE,,B,BAG,269.9999999997,5670.0,,Invoice_Grape_Giumarra_1.xlsx [pre-loaded],2024 season - no dates available
,2024,,Giumarra,,Grape,HONEY POP,WHITE SEEDLESS TYPE,,B,BAG,1620.0,34020.0,,Invoice_Grape_Giumarra_1.xlsx [pre-loaded],2024 season - no dates available
,2024,,Giumarra,,Grape,EARLY SWEET,WHITE SEEDLESS TYPE,,B,BAG,720.0,12240.0,,Invoice_Grape_Giumarra_1.xlsx [pre-loaded],2024 season - no dates available
,2024,,Giumarra,,Grape,EARLY SWEET,WHITE SEEDLESS TYPE,,A,BAG,180.0,3060.0,,Invoice_Grape_Giumarra_1.xlsx [pre-loaded],2024 season - no dates available
,2024,,Giumarra,,Grape,EARLY SWEET,WHITE SEEDLESS TYPE,,B,BAG,1745.0,31410.0,,Invoice_Grape_Giumarra_1.xlsx [pre-loaded],2024 season - no dates available
,2024,,Giumarra,,Grape,EARLY SWEET,WHITE SEEDLESS TYPE,,B,BAG,170.0,3060.0,,Invoice_Grape_Giumarra_1.xlsx [pre-loaded],2024 season - no dates available
,2024,,Giumarra,,Grape,FLAME,FLAME SEEDLESS,,B,CLAM,75.0,1800.0,,Invoice_Grape_Giumarra_1.xlsx [pre-loaded],2024 season - no dates available
,2024,,Giumarra,,Grape,FLAME,FLAME SEEDLESS,,B,CLAM,75.0,1800.0,,Invoice_Grape_Giumarra_1.xlsx [pre-loaded],2024 season - no dates available
,2024,,Giumarra,,Grape,FLAME,FLAME SEEDLESS,,B,CLAM,319.0,7656.0,,Invoice_Grape_Giumarra_1.xlsx [pre-loaded],2024 season - no dates available
